[    1853ms] [INFO] %cDownload the React DevTools for a better development experience: https://react.dev/link/react-devtools font-weight:bold @ webpack-internal:///(app-pages-browser)/./node_modules/next/dist/next-devtools/shared/forward-logs-shared.js:27
[    2975ms] [LOG] [HMR] connected @ webpack-internal:///(app-pages-browser)/./node_modules/next/dist/next-devtools/shared/forward-logs-shared.js:27
[30763831ms] [LOG] WebSocket closed with code 1006 @ webpack-internal:///(app-pages-browser)/./node_modules/next/dist/next-devtools/shared/forward-logs-shared.js:27
[30763832ms] [LOG] Attempting reconnect in 1307ms @ webpack-internal:///(app-pages-browser)/./node_modules/next/dist/next-devtools/shared/forward-logs-shared.js:27
[30954462ms] [LOG] [HMR] connected @ webpack-internal:///(app-pages-browser)/./node_modules/next/dist/next-devtools/shared/forward-logs-shared.js:27
[30954463ms] [ERROR] WebSocket connection to 'wss://harmless-sockeye-874.convex.cloud/api/1.32.0/sync' failed: Error in connection establishment: net::ERR_NAME_NOT_RESOLVED @ webpack-internal:///(app-pages-browser)/./node_modules/convex/dist/esm/browser/sync/web_socket_manager.js:178
[30954463ms] [LOG] WebSocket closed with code 1006 @ webpack-internal:///(app-pages-browser)/./node_modules/next/dist/next-devtools/shared/forward-logs-shared.js:27
[30954464ms] [LOG] Attempting reconnect in 2868ms @ webpack-internal:///(app-pages-browser)/./node_modules/next/dist/next-devtools/shared/forward-logs-shared.js:27
[30957351ms] [ERROR] WebSocket connection to 'wss://harmless-sockeye-874.convex.cloud/api/1.32.0/sync' failed: Error in connection establishment: net::ERR_NAME_NOT_RESOLVED @ webpack-internal:///(app-pages-browser)/./node_modules/convex/dist/esm/browser/sync/web_socket_manager.js:178
[30957351ms] [LOG] WebSocket closed with code 1006 @ webpack-internal:///(app-pages-browser)/./node_modules/next/dist/next-devtools/shared/forward-logs-shared.js:27
[30957352ms] [LOG] Attempting reconnect in 5173ms @ webpack-internal:///(app-pages-browser)/./node_modules/next/dist/next-devtools/shared/forward-logs-shared.js:27
[38860374ms] [ERROR] WebSocket connection to 'wss://harmless-sockeye-874.convex.cloud/api/1.32.0/sync' failed: Error in connection establishment: net::ERR_NAME_NOT_RESOLVED @ webpack-internal:///(app-pages-browser)/./node_modules/convex/dist/esm/browser/sync/web_socket_manager.js:178
[38860375ms] [LOG] WebSocket closed with code 1006 @ webpack-internal:///(app-pages-browser)/./node_modules/next/dist/next-devtools/shared/forward-logs-shared.js:27
[38860375ms] [LOG] Attempting reconnect in 9541ms @ webpack-internal:///(app-pages-browser)/./node_modules/next/dist/next-devtools/shared/forward-logs-shared.js:27
[38860398ms] [LOG] [HMR] connected @ webpack-internal:///(app-pages-browser)/./node_modules/next/dist/next-devtools/shared/forward-logs-shared.js:27
[38869932ms] [ERROR] WebSocket connection to 'wss://harmless-sockeye-874.convex.cloud/api/1.32.0/sync' failed: Error in connection establishment: net::ERR_INTERNET_DISCONNECTED @ webpack-internal:///(app-pages-browser)/./node_modules/convex/dist/esm/browser/sync/web_socket_manager.js:178
[38869933ms] [LOG] WebSocket closed with code 1006 @ webpack-internal:///(app-pages-browser)/./node_modules/next/dist/next-devtools/shared/forward-logs-shared.js:27
[38869933ms] [LOG] Attempting reconnect in 22198ms @ webpack-internal:///(app-pages-browser)/./node_modules/next/dist/next-devtools/shared/forward-logs-shared.js:27
[38872132ms] [LOG] Network recovery detected, reconnecting immediately @ webpack-internal:///(app-pages-browser)/./node_modules/next/dist/next-devtools/shared/forward-logs-shared.js:27
[38874012ms] [LOG] WebSocket reconnected at t=38874s after disconnect due to closed with code 1006 @ webpack-internal:///(app-pages-browser)/./node_modules/next/dist/next-devtools/shared/forward-logs-shared.js:27
[38874012ms] [LOG] Network recovery reconnect saved ~20s of waiting @ webpack-internal:///(app-pages-browser)/./node_modules/next/dist/next-devtools/shared/forward-logs-shared.js:27
[38921308ms] [LOG] WebSocket closed with code 1006 @ webpack-internal:///(app-pages-browser)/./node_modules/next/dist/next-devtools/shared/forward-logs-shared.js:27
[38921309ms] [LOG] Attempting reconnect in 1178ms @ webpack-internal:///(app-pages-browser)/./node_modules/next/dist/next-devtools/shared/forward-logs-shared.js:27
[38924258ms] [LOG] WebSocket reconnected at t=38924.3s after disconnect due to closed with code 1006 @ webpack-internal:///(app-pages-browser)/./node_modules/next/dist/next-devtools/shared/forward-logs-shared.js:27
[39042486ms] [ERROR] WebSocket connection to 'ws://localhost:3000/_next/webpack-hmr?id=M1Y_vqp9Sr5moUTpfeoSL' failed: Error in connection establishment: net::ERR_CONNECTION_REFUSED @ webpack-internal:///(app-pages-browser)/./node_modules/next/dist/client/dev/hot-reloader/app/web-socket.js:55
[39045813ms] [ERROR] WebSocket connection to 'ws://localhost:3000/_next/webpack-hmr?id=M1Y_vqp9Sr5moUTpfeoSL' failed: Error in connection establishment: net::ERR_CONNECTION_REFUSED @ webpack-internal:///(app-pages-browser)/./node_modules/next/dist/client/dev/hot-reloader/app/web-socket.js:55
[39049176ms] [ERROR] WebSocket connection to 'ws://localhost:3000/_next/webpack-hmr?id=M1Y_vqp9Sr5moUTpfeoSL' failed: Error in connection establishment: net::ERR_CONNECTION_REFUSED @ webpack-internal:///(app-pages-browser)/./node_modules/next/dist/client/dev/hot-reloader/app/web-socket.js:55
[39052507ms] [ERROR] WebSocket connection to 'ws://localhost:3000/_next/webpack-hmr?id=M1Y_vqp9Sr5moUTpfeoSL' failed: Error in connection establishment: net::ERR_CONNECTION_REFUSED @ webpack-internal:///(app-pages-browser)/./node_modules/next/dist/client/dev/hot-reloader/app/web-socket.js:55
[39058366ms] [LOG] [HMR] connected @ webpack-internal:///(app-pages-browser)/./node_modules/next/dist/next-devtools/shared/forward-logs-shared.js:27
[39084987ms] [ERROR] Failed to load resource: the server responded with a status of 404 (Not Found) @ http://localhost:3000/admin/verski-turizam:0
[39089777ms] [INFO] %cDownload the React DevTools for a better development experience: https://react.dev/link/react-devtools font-weight:bold @ http://localhost:3000/_next/static/chunks/node_modules_next_dist_115brz8._.js:2431
[39090287ms] [LOG] [HMR] connected @ http://localhost:3000/_next/static/chunks/node_modules_next_dist_115brz8._.js:2431
[39091340ms] [LOG] [Fast Refresh] rebuilding @ http://localhost:3000/_next/static/chunks/node_modules_next_dist_115brz8._.js:2431
[39091382ms] [LOG] [Fast Refresh] done in 145ms @ http://localhost:3000/_next/static/chunks/node_modules_next_dist_115brz8._.js:2431
[40623697ms] [LOG] [Fast Refresh] rebuilding @ http://localhost:3000/_next/static/chunks/node_modules_next_dist_115brz8._.js:2431
[40623903ms] [LOG] [Fast Refresh] done in 317ms @ http://localhost:3000/_next/static/chunks/node_modules_next_dist_115brz8._.js:2431
[40659144ms] [LOG] [Fast Refresh] rebuilding @ http://localhost:3000/_next/static/chunks/node_modules_next_dist_115brz8._.js:2431
[40660221ms] [LOG] [Fast Refresh] done in 1189ms @ http://localhost:3000/_next/static/chunks/node_modules_next_dist_115brz8._.js:2431
[40856360ms] [LOG] [Fast Refresh] rebuilding @ http://localhost:3000/_next/static/chunks/node_modules_next_dist_115brz8._.js:2431
[40856454ms] [LOG] [Fast Refresh] done in 205ms @ http://localhost:3000/_next/static/chunks/node_modules_next_dist_115brz8._.js:2431
[40863976ms] [LOG] [Fast Refresh] rebuilding @ http://localhost:3000/_next/static/chunks/node_modules_next_dist_115brz8._.js:2431
[40864066ms] [LOG] [Fast Refresh] done in 198ms @ http://localhost:3000/_next/static/chunks/node_modules_next_dist_115brz8._.js:2431
[40871084ms] [LOG] [Fast Refresh] rebuilding @ http://localhost:3000/_next/static/chunks/node_modules_next_dist_115brz8._.js:2431
[40871134ms] [LOG] [Fast Refresh] done in 151ms @ http://localhost:3000/_next/static/chunks/node_modules_next_dist_115brz8._.js:2431
[40930863ms] [LOG] [Fast Refresh] rebuilding @ http://localhost:3000/_next/static/chunks/node_modules_next_dist_115brz8._.js:2431
[40930936ms] [LOG] [Fast Refresh] done in 174ms @ http://localhost:3000/_next/static/chunks/node_modules_next_dist_115brz8._.js:2431
[40948395ms] [LOG] [Fast Refresh] rebuilding @ http://localhost:3000/_next/static/chunks/node_modules_next_dist_115brz8._.js:2431
[40948445ms] [LOG] [Fast Refresh] done in 155ms @ http://localhost:3000/_next/static/chunks/node_modules_next_dist_115brz8._.js:2431
[41015852ms] [LOG] [Fast Refresh] rebuilding @ http://localhost:3000/_next/static/chunks/node_modules_next_dist_115brz8._.js:2431
[41015885ms] [LOG] [Fast Refresh] done in 139ms @ http://localhost:3000/_next/static/chunks/node_modules_next_dist_115brz8._.js:2431
[41030726ms] [LOG] [Fast Refresh] rebuilding @ http://localhost:3000/_next/static/chunks/node_modules_next_dist_115brz8._.js:2431
[41030776ms] [LOG] [Fast Refresh] done in 158ms @ http://localhost:3000/_next/static/chunks/node_modules_next_dist_115brz8._.js:2431
[41050694ms] [LOG] [Fast Refresh] rebuilding @ http://localhost:3000/_next/static/chunks/node_modules_next_dist_115brz8._.js:2431
[41050745ms] [LOG] [Fast Refresh] done in 157ms @ http://localhost:3000/_next/static/chunks/node_modules_next_dist_115brz8._.js:2431
[41063670ms] [LOG] [Fast Refresh] rebuilding @ http://localhost:3000/_next/static/chunks/node_modules_next_dist_115brz8._.js:2431
[41063727ms] [LOG] [Fast Refresh] done in 168ms @ http://localhost:3000/_next/static/chunks/node_modules_next_dist_115brz8._.js:2431
[41080443ms] [LOG] [Fast Refresh] rebuilding @ http://localhost:3000/_next/static/chunks/node_modules_next_dist_115brz8._.js:2431
[41081041ms] [LOG] [Fast Refresh] done in 675ms @ http://localhost:3000/_next/static/chunks/node_modules_next_dist_115brz8._.js:2431
[41127363ms] [LOG] [Fast Refresh] rebuilding @ http://localhost:3000/_next/static/chunks/node_modules_next_dist_115brz8._.js:2431
[41128857ms] [ERROR] Failed to load resource: the server responded with a status of 404 (Not Found) @ http://localhost:3000/admin/verski-turizam?_rsc=1nkcf:0
[41130443ms] [ERROR] Failed to load resource: the server responded with a status of 404 (Not Found) @ http://localhost:3000/admin/verski-turizam?_rsc=1nkcf:0
[41131745ms] [ERROR] Failed to load resource: the server responded with a status of 404 (Not Found) @ http://localhost:3000/admin/verski-turizam:0
[41133862ms] [INFO] %cDownload the React DevTools for a better development experience: https://react.dev/link/react-devtools font-weight:bold @ http://localhost:3000/_next/static/chunks/node_modules_next_dist_115brz8._.js:2431
[41136491ms] [LOG] [HMR] connected @ http://localhost:3000/_next/static/chunks/node_modules_next_dist_115brz8._.js:2431
[41140158ms] [LOG] [Fast Refresh] rebuilding @ http://localhost:3000/_next/static/chunks/node_modules_next_dist_115brz8._.js:2431
[41140370ms] [LOG] [Fast Refresh] done in 319ms @ http://localhost:3000/_next/static/chunks/node_modules_next_dist_115brz8._.js:2431
[41150116ms] [LOG] [Fast Refresh] rebuilding @ http://localhost:3000/_next/static/chunks/node_modules_next_dist_115brz8._.js:2431
[41157367ms] [ERROR] Failed to load resource: the server responded with a status of 404 (Not Found) @ http://localhost:3000/admin/verski-turizam?_rsc=1nkcf:0
[41158394ms] [ERROR] Failed to load resource: the server responded with a status of 404 (Not Found) @ http://localhost:3000/admin/verski-turizam?_rsc=1nkcf:0
[41158758ms] [LOG] [Fast Refresh] done in 8741ms @ http://localhost:3000/_next/static/chunks/node_modules_next_dist_115brz8._.js:2431
[41159450ms] [ERROR] Failed to load resource: the server responded with a status of 404 (Not Found) @ http://localhost:3000/admin/verski-turizam:0
[41163081ms] [INFO] %cDownload the React DevTools for a better development experience: https://react.dev/link/react-devtools font-weight:bold @ http://localhost:3000/_next/static/chunks/node_modules_next_dist_115brz8._.js:2431
[41163148ms] [LOG] [HMR] connected @ http://localhost:3000/_next/static/chunks/node_modules_next_dist_115brz8._.js:2431
[41163425ms] [LOG] [Fast Refresh] rebuilding @ http://localhost:3000/_next/static/chunks/node_modules_next_dist_115brz8._.js:2431
[41163547ms] [LOG] [Fast Refresh] done in 234ms @ http://localhost:3000/_next/static/chunks/node_modules_next_dist_115brz8._.js:2431
[41164256ms] [LOG] [Fast Refresh] rebuilding @ http://localhost:3000/_next/static/chunks/node_modules_next_dist_115brz8._.js:2431
[41165148ms] [LOG] [Fast Refresh] done in 999ms @ http://localhost:3000/_next/static/chunks/node_modules_next_dist_115brz8._.js:2431
[41172446ms] [LOG] [Fast Refresh] rebuilding @ http://localhost:3000/_next/static/chunks/node_modules_next_dist_115brz8._.js:2431
[41177788ms] [ERROR] ./src/app/layout.tsx:6:1
Module not found: Can't resolve './globals.css'
  4 | import { ConvexClientProvider } from "@/components/providers/ConvexClientProvider";
  5 | import { ThemeProvider } from "@/components/providers/ThemeProvider";
> 6 | import "./globals.css";
    | ^^^^^^^^^^^^^^^^^^^^^^^
  7 |
  8 | const geistSans = Geist({
  9 |   variable: "--font-geist-sans",

https://nextjs.org/docs/messages/module-not-found @ http://localhost:3000/_next/static/chunks/node_modules_next_dist_115brz8._.js:3272
[41178123ms] [LOG] [Fast Refresh] rebuilding @ http://localhost:3000/_next/static/chunks/node_modules_next_dist_115brz8._.js:2431
[41182154ms] [ERROR] ./src/app/layout.tsx:6:1
Module not found: Can't resolve './globals.css'
  4 | import { ConvexClientProvider } from "@/components/providers/ConvexClientProvider";
  5 | import { ThemeProvider } from "@/components/providers/ThemeProvider";
> 6 | import "./globals.css";
    | ^^^^^^^^^^^^^^^^^^^^^^^
  7 |
  8 | const geistSans = Geist({
  9 |   variable: "--font-geist-sans",

https://nextjs.org/docs/messages/module-not-found @ http://localhost:3000/_next/static/chunks/node_modules_next_dist_115brz8._.js:3272
[41182170ms] [ERROR] Failed to load resource: the server responded with a status of 500 (Internal Server Error) @ http://localhost:3000/admin/verski-turizam?_rsc=1nkcf:0
[41182611ms] [LOG] [Fast Refresh] rebuilding @ http://localhost:3000/_next/static/chunks/node_modules_next_dist_115brz8._.js:2431
[41183158ms] [ERROR] ./src/app/layout.tsx:6:1
Module not found: Can't resolve './globals.css'
  4 | import { ConvexClientProvider } from "@/components/providers/ConvexClientProvider";
  5 | import { ThemeProvider } from "@/components/providers/ThemeProvider";
> 6 | import "./globals.css";
    | ^^^^^^^^^^^^^^^^^^^^^^^
  7 |
  8 | const geistSans = Geist({
  9 |   variable: "--font-geist-sans",

https://nextjs.org/docs/messages/module-not-found @ http://localhost:3000/_next/static/chunks/node_modules_next_dist_115brz8._.js:3272
[41183169ms] [ERROR] ./src/app/layout.tsx:6:1
Module not found: Can't resolve './globals.css'
  4 | import { ConvexClientProvider } from "@/components/providers/ConvexClientProvider";
  5 | import { ThemeProvider } from "@/components/providers/ThemeProvider";
> 6 | import "./globals.css";
    | ^^^^^^^^^^^^^^^^^^^^^^^
  7 |
  8 | const geistSans = Geist({
  9 |   variable: "--font-geist-sans",

https://nextjs.org/docs/messages/module-not-found @ http://localhost:3000/_next/static/chunks/node_modules_next_dist_115brz8._.js:3272
[41183283ms] [LOG] [Fast Refresh] rebuilding @ http://localhost:3000/_next/static/chunks/node_modules_next_dist_115brz8._.js:2431
[41183284ms] [ERROR] ./src/app/layout.tsx:6:1
Module not found: Can't resolve './globals.css'
  4 | import { ConvexClientProvider } from "@/components/providers/ConvexClientProvider";
  5 | import { ThemeProvider } from "@/components/providers/ThemeProvider";
> 6 | import "./globals.css";
    | ^^^^^^^^^^^^^^^^^^^^^^^
  7 |
  8 | const geistSans = Geist({
  9 |   variable: "--font-geist-sans",

https://nextjs.org/docs/messages/module-not-found @ http://localhost:3000/_next/static/chunks/node_modules_next_dist_115brz8._.js:3272
[41183312ms] [ERROR] ./src/app/layout.tsx:6:1
Module not found: Can't resolve './globals.css'
  4 | import { ConvexClientProvider } from "@/components/providers/ConvexClientProvider";
  5 | import { ThemeProvider } from "@/components/providers/ThemeProvider";
> 6 | import "./globals.css";
    | ^^^^^^^^^^^^^^^^^^^^^^^
  7 |
  8 | const geistSans = Geist({
  9 |   variable: "--font-geist-sans",

https://nextjs.org/docs/messages/module-not-found @ http://localhost:3000/_next/static/chunks/node_modules_next_dist_115brz8._.js:3272
[41183423ms] [LOG] [Fast Refresh] rebuilding @ http://localhost:3000/_next/static/chunks/node_modules_next_dist_115brz8._.js:2431
[41183497ms] [ERROR] ./src/app/layout.tsx:6:1
Module not found: Can't resolve './globals.css'
  4 | import { ConvexClientProvider } from "@/components/providers/ConvexClientProvider";
  5 | import { ThemeProvider } from "@/components/providers/ThemeProvider";
> 6 | import "./globals.css";
    | ^^^^^^^^^^^^^^^^^^^^^^^
  7 |
  8 | const geistSans = Geist({
  9 |   variable: "--font-geist-sans",

https://nextjs.org/docs/messages/module-not-found @ http://localhost:3000/_next/static/chunks/node_modules_next_dist_115brz8._.js:3272
[41183523ms] [ERROR] ./src/app/layout.tsx:6:1
Module not found: Can't resolve './globals.css'
  4 | import { ConvexClientProvider } from "@/components/providers/ConvexClientProvider";
  5 | import { ThemeProvider } from "@/components/providers/ThemeProvider";
> 6 | import "./globals.css";
    | ^^^^^^^^^^^^^^^^^^^^^^^
  7 |
  8 | const geistSans = Geist({
  9 |   variable: "--font-geist-sans",

https://nextjs.org/docs/messages/module-not-found @ http://localhost:3000/_next/static/chunks/node_modules_next_dist_115brz8._.js:3272
[41183609ms] [LOG] [Fast Refresh] rebuilding @ http://localhost:3000/_next/static/chunks/node_modules_next_dist_115brz8._.js:2431
[41183947ms] [ERROR] ./src/app/layout.tsx:6:1
Module not found: Can't resolve './globals.css'
  4 | import { ConvexClientProvider } from "@/components/providers/ConvexClientProvider";
  5 | import { ThemeProvider } from "@/components/providers/ThemeProvider";
> 6 | import "./globals.css";
    | ^^^^^^^^^^^^^^^^^^^^^^^
  7 |
  8 | const geistSans = Geist({
  9 |   variable: "--font-geist-sans",

https://nextjs.org/docs/messages/module-not-found @ http://localhost:3000/_next/static/chunks/node_modules_next_dist_115brz8._.js:3272
[41183966ms] [ERROR] Failed to load resource: the server responded with a status of 500 (Internal Server Error) @ http://localhost:3000/admin/verski-turizam?_rsc=1nkcf:0
[41184044ms] [LOG] [Fast Refresh] rebuilding @ http://localhost:3000/_next/static/chunks/node_modules_next_dist_115brz8._.js:2431
[41184136ms] [ERROR] ./src/app/layout.tsx:6:1
Module not found: Can't resolve './globals.css'
  4 | import { ConvexClientProvider } from "@/components/providers/ConvexClientProvider";
  5 | import { ThemeProvider } from "@/components/providers/ThemeProvider";
> 6 | import "./globals.css";
    | ^^^^^^^^^^^^^^^^^^^^^^^
  7 |
  8 | const geistSans = Geist({
  9 |   variable: "--font-geist-sans",

https://nextjs.org/docs/messages/module-not-found @ http://localhost:3000/_next/static/chunks/node_modules_next_dist_115brz8._.js:3272
[41184225ms] [LOG] [Fast Refresh] rebuilding @ http://localhost:3000/_next/static/chunks/node_modules_next_dist_115brz8._.js:2431
[41184404ms] [ERROR] Failed to load resource: the server responded with a status of 500 (Internal Server Error) @ http://localhost:3000/admin/verski-turizam:0
[41185603ms] [INFO] %cDownload the React DevTools for a better development experience: https://react.dev/link/react-devtools font-weight:bold @ http://localhost:3000/_next/static/chunks/node_modules_react-dom_0bruynb._.js:15305
[41185998ms] Error: ./src/app/layout.tsx:6:1
Module not found: Can't resolve './globals.css'
  4 | import { ConvexClientProvider } from "@/components/providers/ConvexClientProvider";
  5 | import { ThemeProvider } from "@/components/providers/ThemeProvider";
> 6 | import "./globals.css";
    | ^^^^^^^^^^^^^^^^^^^^^^^
  7 |
  8 | const geistSans = Geist({
  9 |   variable: "--font-geist-sans",



https://nextjs.org/docs/messages/module-not-found


    at <unknown> (Error: ./src/app/layout.tsx:6:1)
    at <unknown> (https://nextjs.org/docs/messages/module-not-found)
    at <unknown> (file://C:\Users\admin\Desktop\monte-z\node_modules\next\dist\server\dev\hot-reloader-turbopack.js:1164:50)
    at Array.map (<anonymous>)
    at Object.getCompilationErrors (file://C:\Users\admin\Desktop\monte-z\node_modules\next\dist\server\dev\hot-reloader-turbopack.js:1156:19)
    at DevBundlerService.getCompilationError (file://C:\Users\admin\Desktop\monte-z\node_modules\next\dist\server\lib\dev-bundler-service.js:44:55)
    at DevServer.getCompilationError (file://C:\Users\admin\Desktop\monte-z\node_modules\next\dist\server\dev\next-dev-server.js:719:42)
    at DevServer.findPageComponents (file://C:\Users\admin\Desktop\monte-z\node_modules\next\dist\server\dev\next-dev-server.js:689:43)
    at async DevServer.renderErrorToResponseImpl (file://C:\Users\admin\Desktop\monte-z\node_modules\next\dist\server\base-server.js:1686:30)
[41185977ms] [LOG] [HMR] connected @ http://localhost:3000/_next/static/chunks/node_modules_next_dist_0u_w_5s._.js:1226
[41186084ms] [ERROR] ./src/app/layout.tsx:6:1
Module not found: Can't resolve './globals.css'
  4 | import { ConvexClientProvider } from "@/components/providers/ConvexClientProvider";
  5 | import { ThemeProvider } from "@/components/providers/ThemeProvider";
> 6 | import "./globals.css";
    | ^^^^^^^^^^^^^^^^^^^^^^^
  7 |
  8 | const geistSans = Geist({
  9 |   variable: "--font-geist-sans",

https://nextjs.org/docs/messages/module-not-found @ http://localhost:3000/_next/static/chunks/node_modules_next_dist_0u_w_5s._.js:1945
[41186111ms] [ERROR] ./src/app/layout.tsx:6:1
Module not found: Can't resolve './globals.css'
  4 | import { ConvexClientProvider } from "@/components/providers/ConvexClientProvider";
  5 | import { ThemeProvider } from "@/components/providers/ThemeProvider";
> 6 | import "./globals.css";
    | ^^^^^^^^^^^^^^^^^^^^^^^
  7 |
  8 | const geistSans = Geist({
  9 |   variable: "--font-geist-sans",

https://nextjs.org/docs/messages/module-not-found @ http://localhost:3000/_next/static/chunks/node_modules_next_dist_0u_w_5s._.js:1945
[41186313ms] [LOG] [Fast Refresh] rebuilding @ http://localhost:3000/_next/static/chunks/node_modules_next_dist_0u_w_5s._.js:1226
[41186363ms] [ERROR] ./src/app/layout.tsx:6:1
Module not found: Can't resolve './globals.css'
  4 | import { ConvexClientProvider } from "@/components/providers/ConvexClientProvider";
  5 | import { ThemeProvider } from "@/components/providers/ThemeProvider";
> 6 | import "./globals.css";
    | ^^^^^^^^^^^^^^^^^^^^^^^
  7 |
  8 | const geistSans = Geist({
  9 |   variable: "--font-geist-sans",

https://nextjs.org/docs/messages/module-not-found @ http://localhost:3000/_next/static/chunks/node_modules_next_dist_0u_w_5s._.js:1945
[41186364ms] [ERROR] ./src/app/layout.tsx:6:1
Module not found: Can't resolve './globals.css'
  4 | import { ConvexClientProvider } from "@/components/providers/ConvexClientProvider";
  5 | import { ThemeProvider } from "@/components/providers/ThemeProvider";
> 6 | import "./globals.css";
    | ^^^^^^^^^^^^^^^^^^^^^^^
  7 |
  8 | const geistSans = Geist({
  9 |   variable: "--font-geist-sans",

https://nextjs.org/docs/messages/module-not-found @ http://localhost:3000/_next/static/chunks/node_modules_next_dist_0u_w_5s._.js:1945
[41186504ms] [ERROR] ./src/app/layout.tsx:6:1
Module not found: Can't resolve './globals.css'
  4 | import { ConvexClientProvider } from "@/components/providers/ConvexClientProvider";
  5 | import { ThemeProvider } from "@/components/providers/ThemeProvider";
> 6 | import "./globals.css";
    | ^^^^^^^^^^^^^^^^^^^^^^^
  7 |
  8 | const geistSans = Geist({
  9 |   variable: "--font-geist-sans",

https://nextjs.org/docs/messages/module-not-found @ http://localhost:3000/_next/static/chunks/node_modules_next_dist_0u_w_5s._.js:1945
[41187009ms] [ERROR] ./src/app/layout.tsx:6:1
Module not found: Can't resolve './globals.css'
  4 | import { ConvexClientProvider } from "@/components/providers/ConvexClientProvider";
  5 | import { ThemeProvider } from "@/components/providers/ThemeProvider";
> 6 | import "./globals.css";
    | ^^^^^^^^^^^^^^^^^^^^^^^
  7 |
  8 | const geistSans = Geist({
  9 |   variable: "--font-geist-sans",

https://nextjs.org/docs/messages/module-not-found @ http://localhost:3000/_next/static/chunks/node_modules_next_dist_0u_w_5s._.js:1945
[41187078ms] [LOG] [Fast Refresh] rebuilding @ http://localhost:3000/_next/static/chunks/node_modules_next_dist_0u_w_5s._.js:1226
[41219134ms] [LOG] [Fast Refresh] rebuilding @ http://localhost:3000/_next/static/chunks/node_modules_next_dist_0u_w_5s._.js:1226
[41220931ms] [LOG] [Fast Refresh] done in 699ms @ http://localhost:3000/_next/static/chunks/node_modules_next_dist_0u_w_5s._.js:1226
[41221158ms] [LOG] [Fast Refresh] rebuilding @ http://localhost:3000/_next/static/chunks/node_modules_next_dist_0u_w_5s._.js:1226
[41221653ms] [LOG] [Fast Refresh] done in 606ms @ http://localhost:3000/_next/static/chunks/node_modules_next_dist_0u_w_5s._.js:1226
[41221777ms] [LOG] [Fast Refresh] rebuilding @ http://localhost:3000/_next/static/chunks/node_modules_next_dist_0u_w_5s._.js:1226
[41222262ms] [LOG] [Fast Refresh] done in 591ms @ http://localhost:3000/_next/static/chunks/node_modules_next_dist_0u_w_5s._.js:1226
[41224201ms] [LOG] [Fast Refresh] rebuilding @ http://localhost:3000/_next/static/chunks/node_modules_next_dist_0u_w_5s._.js:1226
[41224365ms] [LOG] [Fast Refresh] done in 278ms @ http://localhost:3000/_next/static/chunks/node_modules_next_dist_0u_w_5s._.js:1226
[41224449ms] [ERROR] Failed to load resource: the server responded with a status of 404 (Not Found) @ http://localhost:3000/admin/verski-turizam:0
[41224899ms] [INFO] %cDownload the React DevTools for a better development experience: https://react.dev/link/react-devtools font-weight:bold @ http://localhost:3000/_next/static/chunks/node_modules_next_dist_115brz8._.js:2431
[41225023ms] [LOG] [HMR] connected @ http://localhost:3000/_next/static/chunks/node_modules_next_dist_115brz8._.js:2431
[41225536ms] [LOG] [Fast Refresh] rebuilding @ http://localhost:3000/_next/static/chunks/node_modules_next_dist_115brz8._.js:2431
[41225544ms] [LOG] [Fast Refresh] done in 118ms @ http://localhost:3000/_next/static/chunks/node_modules_next_dist_115brz8._.js:2431
[41486325ms] [LOG] [Fast Refresh] rebuilding @ http://localhost:3000/_next/static/chunks/node_modules_next_dist_115brz8._.js:2431
[41486418ms] [LOG] [Fast Refresh] done in 199ms @ http://localhost:3000/_next/static/chunks/node_modules_next_dist_115brz8._.js:2431
[41486528ms] [LOG] [Fast Refresh] rebuilding @ http://localhost:3000/_next/static/chunks/node_modules_next_dist_115brz8._.js:2431
[41486830ms] [LOG] [Fast Refresh] done in 409ms @ http://localhost:3000/_next/static/chunks/node_modules_next_dist_115brz8._.js:2431
[41486888ms] [ERROR] Failed to load resource: the server responded with a status of 404 (Not Found) @ http://localhost:3000/admin/verski-turizam?_rsc=1nkcf:0
[41487015ms] [LOG] [Fast Refresh] rebuilding @ http://localhost:3000/_next/static/chunks/node_modules_next_dist_115brz8._.js:2431
[41493733ms] [LOG] [Fast Refresh] done in 6824ms @ http://localhost:3000/_next/static/chunks/node_modules_next_dist_115brz8._.js:2431
[41494094ms] [LOG] [Fast Refresh] rebuilding @ http://localhost:3000/_next/static/chunks/node_modules_next_dist_115brz8._.js:2431
[41494957ms] [ERROR] Failed to load resource: the server responded with a status of 404 (Not Found) @ http://localhost:3000/admin/verski-turizam?_rsc=1nkcf:0
[41494979ms] [LOG] [Fast Refresh] done in 985ms @ http://localhost:3000/_next/static/chunks/node_modules_next_dist_115brz8._.js:2431
[41495244ms] [ERROR] Failed to load resource: the server responded with a status of 404 (Not Found) @ http://localhost:3000/admin/verski-turizam:0
[41495574ms] [INFO] %cDownload the React DevTools for a better development experience: https://react.dev/link/react-devtools font-weight:bold @ http://localhost:3000/_next/static/chunks/node_modules_next_dist_115brz8._.js:2431
[41495659ms] [LOG] [HMR] connected @ http://localhost:3000/_next/static/chunks/node_modules_next_dist_115brz8._.js:2431
[41652542ms] [LOG] [Fast Refresh] rebuilding @ http://localhost:3000/_next/static/chunks/node_modules_next_dist_115brz8._.js:2431
[41652591ms] [LOG] [Fast Refresh] done in 152ms @ http://localhost:3000/_next/static/chunks/node_modules_next_dist_115brz8._.js:2431
[41665848ms] [LOG] [Fast Refresh] rebuilding @ http://localhost:3000/_next/static/chunks/node_modules_next_dist_115brz8._.js:2431
[41666204ms] [ERROR] Failed to load resource: the server responded with a status of 404 (Not Found) @ http://localhost:3000/admin/verski-turizam?_rsc=1nkcf:0
[41666290ms] [LOG] [Fast Refresh] done in 539ms @ http://localhost:3000/_next/static/chunks/node_modules_next_dist_115brz8._.js:2431
[41666402ms] [LOG] [Fast Refresh] rebuilding @ http://localhost:3000/_next/static/chunks/node_modules_next_dist_115brz8._.js:2431
[41667280ms] [LOG] [Fast Refresh] done in 979ms @ http://localhost:3000/_next/static/chunks/node_modules_next_dist_115brz8._.js:2431
[41667639ms] [LOG] [Fast Refresh] rebuilding @ http://localhost:3000/_next/static/chunks/node_modules_next_dist_115brz8._.js:2431
[41668862ms] [LOG] [Fast Refresh] done in 1324ms @ http://localhost:3000/_next/static/chunks/node_modules_next_dist_115brz8._.js:2431
[41669001ms] [ERROR] Failed to load resource: the server responded with a status of 404 (Not Found) @ http://localhost:3000/admin/verski-turizam?_rsc=1nkcf:0
[41670826ms] [LOG] [Fast Refresh] rebuilding @ http://localhost:3000/_next/static/chunks/node_modules_next_dist_115brz8._.js:2431
[41672630ms] [LOG] [Fast Refresh] done in 1907ms @ http://localhost:3000/_next/static/chunks/node_modules_next_dist_115brz8._.js:2431
[41672968ms] [ERROR] Failed to load resource: the server responded with a status of 404 (Not Found) @ http://localhost:3000/admin/verski-turizam:0
[41673683ms] [INFO] %cDownload the React DevTools for a better development experience: https://react.dev/link/react-devtools font-weight:bold @ http://localhost:3000/_next/static/chunks/node_modules_next_dist_115brz8._.js:2431
[41673747ms] [LOG] [HMR] connected @ http://localhost:3000/_next/static/chunks/node_modules_next_dist_115brz8._.js:2431
[41674120ms] [LOG] [Fast Refresh] rebuilding @ http://localhost:3000/_next/static/chunks/node_modules_next_dist_115brz8._.js:2431
[41674416ms] [LOG] [Fast Refresh] done in 398ms @ http://localhost:3000/_next/static/chunks/node_modules_next_dist_115brz8._.js:2431
[41674983ms] [LOG] [Fast Refresh] rebuilding @ http://localhost:3000/_next/static/chunks/node_modules_next_dist_115brz8._.js:2431
[41675007ms] [LOG] [Fast Refresh] done in 139ms @ http://localhost:3000/_next/static/chunks/node_modules_next_dist_115brz8._.js:2431
[41684850ms] [LOG] [Fast Refresh] rebuilding @ http://localhost:3000/_next/static/chunks/node_modules_next_dist_115brz8._.js:2431
[41684879ms] [LOG] [Fast Refresh] done in 136ms @ http://localhost:3000/_next/static/chunks/node_modules_next_dist_115brz8._.js:2431
[41697995ms] [LOG] [Fast Refresh] rebuilding @ http://localhost:3000/_next/static/chunks/node_modules_next_dist_115brz8._.js:2431
[41698102ms] [LOG] [Fast Refresh] done in 190ms @ http://localhost:3000/_next/static/chunks/node_modules_next_dist_115brz8._.js:2431
[41712618ms] [LOG] [Fast Refresh] rebuilding @ http://localhost:3000/_next/static/chunks/node_modules_next_dist_115brz8._.js:2431
[41712880ms] [LOG] [Fast Refresh] done in 368ms @ http://localhost:3000/_next/static/chunks/node_modules_next_dist_115brz8._.js:2431
[41726297ms] [LOG] [Fast Refresh] rebuilding @ http://localhost:3000/_next/static/chunks/node_modules_next_dist_115brz8._.js:2431
[41726457ms] [LOG] [Fast Refresh] done in 239ms @ http://localhost:3000/_next/static/chunks/node_modules_next_dist_115brz8._.js:2431
[41743606ms] [LOG] [Fast Refresh] rebuilding @ http://localhost:3000/_next/static/chunks/node_modules_next_dist_115brz8._.js:2431
[41743979ms] [LOG] [Fast Refresh] done in 431ms @ http://localhost:3000/_next/static/chunks/node_modules_next_dist_115brz8._.js:2431
[41781764ms] [LOG] [Fast Refresh] rebuilding @ http://localhost:3000/_next/static/chunks/node_modules_next_dist_115brz8._.js:2431
[41782210ms] [LOG] [Fast Refresh] done in 509ms @ http://localhost:3000/_next/static/chunks/node_modules_next_dist_115brz8._.js:2431
[41861113ms] [LOG] [Fast Refresh] rebuilding @ http://localhost:3000/_next/static/chunks/node_modules_next_dist_115brz8._.js:2431
[41861333ms] [LOG] [Fast Refresh] done in 310ms @ http://localhost:3000/_next/static/chunks/node_modules_next_dist_115brz8._.js:2431
[41884439ms] [LOG] [Fast Refresh] rebuilding @ http://localhost:3000/_next/static/chunks/node_modules_next_dist_115brz8._.js:2431
[41884764ms] [ERROR] Failed to load resource: the server responded with a status of 404 (Not Found) @ http://localhost:3000/admin/verski-turizam?_rsc=1nkcf:0
[41885705ms] [ERROR] Failed to load resource: the server responded with a status of 404 (Not Found) @ http://localhost:3000/admin/verski-turizam?_rsc=1nkcf:0
[41886339ms] [LOG] [HMR] connected @ http://localhost:3000/_next/static/chunks/node_modules_next_dist_115brz8._.js:2431
[41886483ms] [LOG] [Fast Refresh] rebuilding @ http://localhost:3000/_next/static/chunks/node_modules_next_dist_115brz8._.js:2431
[41886483ms] [LOG] [Fast Refresh] done in 7ms @ http://localhost:3000/_next/static/chunks/node_modules_next_dist_115brz8._.js:2431
[41886590ms] [LOG] [Fast Refresh] rebuilding @ http://localhost:3000/_next/static/chunks/node_modules_next_dist_115brz8._.js:2431
[41888279ms] [ERROR] Failed to load resource: the server responded with a status of 404 (Not Found) @ http://localhost:3000/admin/verski-turizam?_rsc=1nkcf:0
[41888437ms] [ERROR] Failed to load resource: the server responded with a status of 404 (Not Found) @ http://localhost:3000/admin/verski-turizam?_rsc=1nkcf:0
[41888539ms] [ERROR] Failed to load resource: the server responded with a status of 404 (Not Found) @ http://localhost:3000/admin/verski-turizam?_rsc=1nkcf:0
[41888611ms] [ERROR] Failed to load resource: the server responded with a status of 404 (Not Found) @ http://localhost:3000/admin/verski-turizam:0
[41890083ms] [INFO] %cDownload the React DevTools for a better development experience: https://react.dev/link/react-devtools font-weight:bold @ http://localhost:3000/_next/static/chunks/node_modules_next_dist_115brz8._.js:2431
[41890153ms] [LOG] [HMR] connected @ http://localhost:3000/_next/static/chunks/node_modules_next_dist_115brz8._.js:2431
[41890354ms] [LOG] [Fast Refresh] rebuilding @ http://localhost:3000/_next/static/chunks/node_modules_next_dist_115brz8._.js:2431
[41890905ms] [ERROR] Failed to load resource: the server responded with a status of 404 (Not Found) @ http://localhost:3000/admin/verski-turizam:0
[41891235ms] [INFO] %cDownload the React DevTools for a better development experience: https://react.dev/link/react-devtools font-weight:bold @ http://localhost:3000/_next/static/chunks/node_modules_next_dist_115brz8._.js:2431
[41891311ms] [LOG] [HMR] connected @ http://localhost:3000/_next/static/chunks/node_modules_next_dist_115brz8._.js:2431
[41891518ms] [LOG] [Fast Refresh] rebuilding @ http://localhost:3000/_next/static/chunks/node_modules_next_dist_115brz8._.js:2431
[41892734ms] [LOG] [HMR] connected @ http://localhost:3000/_next/static/chunks/node_modules_next_dist_115brz8._.js:2431
[41892874ms] [LOG] [Fast Refresh] rebuilding @ http://localhost:3000/_next/static/chunks/node_modules_next_dist_115brz8._.js:2431
[41892961ms] [ERROR] Failed to load resource: the server responded with a status of 404 (Not Found) @ http://localhost:3000/admin/verski-turizam:0
[41893317ms] [INFO] %cDownload the React DevTools for a better development experience: https://react.dev/link/react-devtools font-weight:bold @ http://localhost:3000/_next/static/chunks/node_modules_next_dist_115brz8._.js:2431
[41893409ms] [LOG] [HMR] connected @ http://localhost:3000/_next/static/chunks/node_modules_next_dist_115brz8._.js:2431
[41893638ms] [LOG] [Fast Refresh] rebuilding @ http://localhost:3000/_next/static/chunks/node_modules_next_dist_115brz8._.js:2431
[41893968ms] [ERROR] Failed to load resource: the server responded with a status of 404 (Not Found) @ http://localhost:3000/admin/verski-turizam:0
[41894295ms] [INFO] %cDownload the React DevTools for a better development experience: https://react.dev/link/react-devtools font-weight:bold @ http://localhost:3000/_next/static/chunks/node_modules_next_dist_115brz8._.js:2431
[41894371ms] [LOG] [HMR] connected @ http://localhost:3000/_next/static/chunks/node_modules_next_dist_115brz8._.js:2431
[41894547ms] [LOG] [Fast Refresh] rebuilding @ http://localhost:3000/_next/static/chunks/node_modules_next_dist_115brz8._.js:2431
[41895165ms] [ERROR] Failed to load resource: the server responded with a status of 404 (Not Found) @ http://localhost:3000/admin/verski-turizam:0
[41895459ms] [INFO] %cDownload the React DevTools for a better development experience: https://react.dev/link/react-devtools font-weight:bold @ http://localhost:3000/_next/static/chunks/node_modules_next_dist_115brz8._.js:2431
[41895530ms] [LOG] [HMR] connected @ http://localhost:3000/_next/static/chunks/node_modules_next_dist_115brz8._.js:2431
[41895704ms] [LOG] [Fast Refresh] rebuilding @ http://localhost:3000/_next/static/chunks/node_modules_next_dist_115brz8._.js:2431
[41896292ms] [ERROR] Failed to load resource: the server responded with a status of 404 (Not Found) @ http://localhost:3000/admin/verski-turizam:0
[41896498ms] [INFO] %cDownload the React DevTools for a better development experience: https://react.dev/link/react-devtools font-weight:bold @ http://localhost:3000/_next/static/chunks/node_modules_next_dist_115brz8._.js:2431
[41896576ms] [LOG] [HMR] connected @ http://localhost:3000/_next/static/chunks/node_modules_next_dist_115brz8._.js:2431
[41896763ms] [LOG] [Fast Refresh] rebuilding @ http://localhost:3000/_next/static/chunks/node_modules_next_dist_115brz8._.js:2431
[41897447ms] [ERROR] Failed to load resource: the server responded with a status of 404 (Not Found) @ http://localhost:3000/admin/verski-turizam:0
[41897833ms] [INFO] %cDownload the React DevTools for a better development experience: https://react.dev/link/react-devtools font-weight:bold @ http://localhost:3000/_next/static/chunks/node_modules_next_dist_115brz8._.js:2431
[41897934ms] [LOG] [HMR] connected @ http://localhost:3000/_next/static/chunks/node_modules_next_dist_115brz8._.js:2431
[41898207ms] [LOG] [Fast Refresh] rebuilding @ http://localhost:3000/_next/static/chunks/node_modules_next_dist_115brz8._.js:2431
[41899085ms] [ERROR] Failed to load resource: the server responded with a status of 404 (Not Found) @ http://localhost:3000/admin/verski-turizam:0
[41899395ms] [INFO] %cDownload the React DevTools for a better development experience: https://react.dev/link/react-devtools font-weight:bold @ http://localhost:3000/_next/static/chunks/node_modules_next_dist_115brz8._.js:2431
[41899509ms] [LOG] [HMR] connected @ http://localhost:3000/_next/static/chunks/node_modules_next_dist_115brz8._.js:2431
[41899722ms] [LOG] [Fast Refresh] rebuilding @ http://localhost:3000/_next/static/chunks/node_modules_next_dist_115brz8._.js:2431
[41900396ms] [ERROR] Failed to load resource: the server responded with a status of 404 (Not Found) @ http://localhost:3000/admin/verski-turizam:0
[41900665ms] [INFO] %cDownload the React DevTools for a better development experience: https://react.dev/link/react-devtools font-weight:bold @ http://localhost:3000/_next/static/chunks/node_modules_next_dist_115brz8._.js:2431
[41900741ms] [LOG] [HMR] connected @ http://localhost:3000/_next/static/chunks/node_modules_next_dist_115brz8._.js:2431
[41900937ms] [LOG] [Fast Refresh] rebuilding @ http://localhost:3000/_next/static/chunks/node_modules_next_dist_115brz8._.js:2431
[41901634ms] [ERROR] Failed to load resource: the server responded with a status of 404 (Not Found) @ http://localhost:3000/admin/verski-turizam:0
[41901841ms] [INFO] %cDownload the React DevTools for a better development experience: https://react.dev/link/react-devtools font-weight:bold @ http://localhost:3000/_next/static/chunks/node_modules_next_dist_115brz8._.js:2431
[41901906ms] [LOG] [HMR] connected @ http://localhost:3000/_next/static/chunks/node_modules_next_dist_115brz8._.js:2431
[41902072ms] [LOG] [Fast Refresh] rebuilding @ http://localhost:3000/_next/static/chunks/node_modules_next_dist_115brz8._.js:2431
[41902455ms] [ERROR] Failed to load resource: the server responded with a status of 404 (Not Found) @ http://localhost:3000/admin/verski-turizam:0
[41902686ms] [INFO] %cDownload the React DevTools for a better development experience: https://react.dev/link/react-devtools font-weight:bold @ http://localhost:3000/_next/static/chunks/node_modules_next_dist_115brz8._.js:2431
[41902764ms] [LOG] [HMR] connected @ http://localhost:3000/_next/static/chunks/node_modules_next_dist_115brz8._.js:2431
[41902867ms] [LOG] [Fast Refresh] rebuilding @ http://localhost:3000/_next/static/chunks/node_modules_next_dist_115brz8._.js:2431
[41903528ms] [ERROR] Failed to load resource: the server responded with a status of 404 (Not Found) @ http://localhost:3000/admin/verski-turizam:0
[41904015ms] [INFO] %cDownload the React DevTools for a better development experience: https://react.dev/link/react-devtools font-weight:bold @ http://localhost:3000/_next/static/chunks/node_modules_next_dist_115brz8._.js:2431
[41904089ms] [LOG] [HMR] connected @ http://localhost:3000/_next/static/chunks/node_modules_next_dist_115brz8._.js:2431
[41904195ms] [LOG] [Fast Refresh] rebuilding @ http://localhost:3000/_next/static/chunks/node_modules_next_dist_115brz8._.js:2431
[41904641ms] [ERROR] Failed to load resource: the server responded with a status of 404 (Not Found) @ http://localhost:3000/admin/verski-turizam:0
[41905179ms] [INFO] %cDownload the React DevTools for a better development experience: https://react.dev/link/react-devtools font-weight:bold @ http://localhost:3000/_next/static/chunks/node_modules_next_dist_115brz8._.js:2431
[41905275ms] [LOG] [HMR] connected @ http://localhost:3000/_next/static/chunks/node_modules_next_dist_115brz8._.js:2431
[41905633ms] [LOG] [Fast Refresh] rebuilding @ http://localhost:3000/_next/static/chunks/node_modules_next_dist_115brz8._.js:2431
[41906162ms] [ERROR] Failed to load resource: the server responded with a status of 404 (Not Found) @ http://localhost:3000/admin/verski-turizam:0
[41906430ms] [INFO] %cDownload the React DevTools for a better development experience: https://react.dev/link/react-devtools font-weight:bold @ http://localhost:3000/_next/static/chunks/node_modules_next_dist_115brz8._.js:2431
[41906504ms] [LOG] [HMR] connected @ http://localhost:3000/_next/static/chunks/node_modules_next_dist_115brz8._.js:2431
[41906705ms] [LOG] [Fast Refresh] rebuilding @ http://localhost:3000/_next/static/chunks/node_modules_next_dist_115brz8._.js:2431
[41907206ms] [ERROR] Failed to load resource: the server responded with a status of 404 (Not Found) @ http://localhost:3000/admin/verski-turizam:0
[41907430ms] [INFO] %cDownload the React DevTools for a better development experience: https://react.dev/link/react-devtools font-weight:bold @ http://localhost:3000/_next/static/chunks/node_modules_next_dist_115brz8._.js:2431
[41907511ms] [LOG] [HMR] connected @ http://localhost:3000/_next/static/chunks/node_modules_next_dist_115brz8._.js:2431
[41907654ms] [LOG] [Fast Refresh] rebuilding @ http://localhost:3000/_next/static/chunks/node_modules_next_dist_115brz8._.js:2431
[41908210ms] [ERROR] Failed to load resource: the server responded with a status of 404 (Not Found) @ http://localhost:3000/admin/verski-turizam:0
[41908502ms] [INFO] %cDownload the React DevTools for a better development experience: https://react.dev/link/react-devtools font-weight:bold @ http://localhost:3000/_next/static/chunks/node_modules_next_dist_115brz8._.js:2431
[41908580ms] [LOG] [HMR] connected @ http://localhost:3000/_next/static/chunks/node_modules_next_dist_115brz8._.js:2431
[41908832ms] [LOG] [Fast Refresh] rebuilding @ http://localhost:3000/_next/static/chunks/node_modules_next_dist_115brz8._.js:2431
[41909526ms] [ERROR] Failed to load resource: the server responded with a status of 404 (Not Found) @ http://localhost:3000/admin/verski-turizam:0
[41909774ms] [INFO] %cDownload the React DevTools for a better development experience: https://react.dev/link/react-devtools font-weight:bold @ http://localhost:3000/_next/static/chunks/node_modules_next_dist_115brz8._.js:2431
[41909857ms] [LOG] [HMR] connected @ http://localhost:3000/_next/static/chunks/node_modules_next_dist_115brz8._.js:2431
[41910037ms] [LOG] [Fast Refresh] rebuilding @ http://localhost:3000/_next/static/chunks/node_modules_next_dist_115brz8._.js:2431
[41910502ms] [ERROR] Failed to load resource: the server responded with a status of 404 (Not Found) @ http://localhost:3000/admin/verski-turizam:0
[41910708ms] [INFO] %cDownload the React DevTools for a better development experience: https://react.dev/link/react-devtools font-weight:bold @ http://localhost:3000/_next/static/chunks/node_modules_next_dist_115brz8._.js:2431
[41910829ms] [LOG] [HMR] connected @ http://localhost:3000/_next/static/chunks/node_modules_next_dist_115brz8._.js:2431
[41911087ms] [LOG] [Fast Refresh] rebuilding @ http://localhost:3000/_next/static/chunks/node_modules_next_dist_115brz8._.js:2431
[41912653ms] [ERROR] Failed to load resource: the server responded with a status of 404 (Not Found) @ http://localhost:3000/admin/verski-turizam:0
[41913292ms] [INFO] %cDownload the React DevTools for a better development experience: https://react.dev/link/react-devtools font-weight:bold @ http://localhost:3000/_next/static/chunks/node_modules_next_dist_115brz8._.js:2431
[41913372ms] [LOG] [HMR] connected @ http://localhost:3000/_next/static/chunks/node_modules_next_dist_115brz8._.js:2431
[41913603ms] [LOG] [Fast Refresh] rebuilding @ http://localhost:3000/_next/static/chunks/node_modules_next_dist_115brz8._.js:2431
[41915227ms] [LOG] [Fast Refresh] done in 1716ms @ http://localhost:3000/_next/static/chunks/node_modules_next_dist_115brz8._.js:2431
[41915512ms] [LOG] [Fast Refresh] rebuilding @ http://localhost:3000/_next/static/chunks/node_modules_next_dist_115brz8._.js:2431
[41916090ms] [ERROR] Failed to load resource: the server responded with a status of 404 (Not Found) @ http://localhost:3000/admin/verski-turizam?_rsc=1nkcf:0
[41916178ms] [LOG] [Fast Refresh] done in 766ms @ http://localhost:3000/_next/static/chunks/node_modules_next_dist_115brz8._.js:2431
[41916602ms] [LOG] [Fast Refresh] rebuilding @ http://localhost:3000/_next/static/chunks/node_modules_next_dist_115brz8._.js:2431
[41916708ms] [ERROR] Failed to load resource: the server responded with a status of 404 (Not Found) @ http://localhost:3000/admin/verski-turizam?_rsc=1nkcf:0
[41916885ms] [LOG] [Fast Refresh] done in 390ms @ http://localhost:3000/_next/static/chunks/node_modules_next_dist_115brz8._.js:2431
[41917204ms] [ERROR] Failed to load resource: the server responded with a status of 404 (Not Found) @ http://localhost:3000/admin/verski-turizam:0
[41917521ms] [INFO] %cDownload the React DevTools for a better development experience: https://react.dev/link/react-devtools font-weight:bold @ http://localhost:3000/_next/static/chunks/node_modules_next_dist_115brz8._.js:2431
[41917587ms] [LOG] [HMR] connected @ http://localhost:3000/_next/static/chunks/node_modules_next_dist_115brz8._.js:2431
[41934053ms] [LOG] [Fast Refresh] rebuilding @ http://localhost:3000/_next/static/chunks/node_modules_next_dist_115brz8._.js:2431
[41934087ms] [LOG] [Fast Refresh] done in 141ms @ http://localhost:3000/_next/static/chunks/node_modules_next_dist_115brz8._.js:2431
[42122092ms] [LOG] [Fast Refresh] rebuilding @ http://localhost:3000/_next/static/chunks/node_modules_next_dist_115brz8._.js:2431
[42122275ms] [LOG] [Fast Refresh] done in 256ms @ http://localhost:3000/_next/static/chunks/node_modules_next_dist_115brz8._.js:2431
[42136729ms] [LOG] [Fast Refresh] rebuilding @ http://localhost:3000/_next/static/chunks/node_modules_next_dist_115brz8._.js:2431
[42137149ms] [ERROR] Failed to load resource: the server responded with a status of 404 (Not Found) @ http://localhost:3000/admin/verski-turizam?_rsc=1nkcf:0
[42137160ms] [LOG] [Fast Refresh] done in 62ms @ http://localhost:3000/_next/static/chunks/node_modules_next_dist_115brz8._.js:2431
[42137336ms] [LOG] [Fast Refresh] rebuilding @ http://localhost:3000/_next/static/chunks/node_modules_next_dist_115brz8._.js:2431
[42137543ms] [ERROR] Failed to load resource: the server responded with a status of 404 (Not Found) @ http://localhost:3000/admin/verski-turizam?_rsc=1nkcf:0
[42137762ms] [LOG] [Fast Refresh] done in 527ms @ http://localhost:3000/_next/static/chunks/node_modules_next_dist_115brz8._.js:2431
[42139197ms] [ERROR] Failed to load resource: the server responded with a status of 404 (Not Found) @ http://localhost:3000/admin/verski-turizam:0
[42139819ms] [INFO] %cDownload the React DevTools for a better development experience: https://react.dev/link/react-devtools font-weight:bold @ http://localhost:3000/_next/static/chunks/node_modules_next_dist_115brz8._.js:2431
[42139933ms] [LOG] [HMR] connected @ http://localhost:3000/_next/static/chunks/node_modules_next_dist_115brz8._.js:2431
[42149049ms] [LOG] [Fast Refresh] rebuilding @ http://localhost:3000/_next/static/chunks/node_modules_next_dist_115brz8._.js:2431
[42149108ms] [LOG] [Fast Refresh] done in 162ms @ http://localhost:3000/_next/static/chunks/node_modules_next_dist_115brz8._.js:2431
[42196200ms] [LOG] [Fast Refresh] rebuilding @ http://localhost:3000/_next/static/chunks/node_modules_next_dist_115brz8._.js:2431
[42196386ms] [LOG] [Fast Refresh] done in 256ms @ http://localhost:3000/_next/static/chunks/node_modules_next_dist_115brz8._.js:2431
[42207365ms] [LOG] [Fast Refresh] rebuilding @ http://localhost:3000/_next/static/chunks/node_modules_next_dist_115brz8._.js:2431
[42207389ms] [LOG] [Fast Refresh] done in 132ms @ http://localhost:3000/_next/static/chunks/node_modules_next_dist_115brz8._.js:2431
[42220672ms] [LOG] [Fast Refresh] rebuilding @ http://localhost:3000/_next/static/chunks/node_modules_next_dist_115brz8._.js:2431
[42220912ms] [ERROR] Failed to load resource: the server responded with a status of 404 (Not Found) @ http://localhost:3000/admin/verski-turizam?_rsc=1nkcf:0
[42220923ms] [LOG] [Fast Refresh] done in 143ms @ http://localhost:3000/_next/static/chunks/node_modules_next_dist_115brz8._.js:2431
[42221054ms] [LOG] [Fast Refresh] rebuilding @ http://localhost:3000/_next/static/chunks/node_modules_next_dist_115brz8._.js:2431
[42221133ms] [ERROR] Failed to load resource: the server responded with a status of 404 (Not Found) @ http://localhost:3000/admin/verski-turizam?_rsc=1nkcf:0
[42221236ms] [LOG] [Fast Refresh] done in 288ms @ http://localhost:3000/_next/static/chunks/node_modules_next_dist_115brz8._.js:2431
[42221336ms] [ERROR] Failed to load resource: the server responded with a status of 404 (Not Found) @ http://localhost:3000/admin/verski-turizam:0
[42223841ms] [INFO] %cDownload the React DevTools for a better development experience: https://react.dev/link/react-devtools font-weight:bold @ http://localhost:3000/_next/static/chunks/node_modules_next_dist_115brz8._.js:2431
[42223938ms] [LOG] [HMR] connected @ http://localhost:3000/_next/static/chunks/node_modules_next_dist_115brz8._.js:2431
[42224268ms] [LOG] [Fast Refresh] rebuilding @ http://localhost:3000/_next/static/chunks/node_modules_next_dist_115brz8._.js:2431
[42224417ms] [LOG] [Fast Refresh] done in 261ms @ http://localhost:3000/_next/static/chunks/node_modules_next_dist_115brz8._.js:2431
[42240539ms] [LOG] [Fast Refresh] rebuilding @ http://localhost:3000/_next/static/chunks/node_modules_next_dist_115brz8._.js:2431
[42241071ms] [ERROR] Failed to load resource: the server responded with a status of 404 (Not Found) @ http://localhost:3000/admin/verski-turizam?_rsc=1nkcf:0
[42241108ms] [LOG] [Fast Refresh] done in 218ms @ http://localhost:3000/_next/static/chunks/node_modules_next_dist_115brz8._.js:2431
[42241266ms] [LOG] [Fast Refresh] rebuilding @ http://localhost:3000/_next/static/chunks/node_modules_next_dist_115brz8._.js:2431
[42241360ms] [ERROR] Failed to load resource: the server responded with a status of 404 (Not Found) @ http://localhost:3000/admin/verski-turizam?_rsc=1nkcf:0
[42241513ms] [LOG] [Fast Refresh] done in 348ms @ http://localhost:3000/_next/static/chunks/node_modules_next_dist_115brz8._.js:2431
[42241674ms] [ERROR] Failed to load resource: the server responded with a status of 404 (Not Found) @ http://localhost:3000/admin/verski-turizam:0
[42243054ms] [INFO] %cDownload the React DevTools for a better development experience: https://react.dev/link/react-devtools font-weight:bold @ http://localhost:3000/_next/static/chunks/node_modules_next_dist_115brz8._.js:2431
[42243076ms] [LOG] [HMR] connected @ http://localhost:3000/_next/static/chunks/node_modules_next_dist_115brz8._.js:2431
[42243351ms] [LOG] [Fast Refresh] rebuilding @ http://localhost:3000/_next/static/chunks/node_modules_next_dist_115brz8._.js:2431
[42243526ms] [LOG] [Fast Refresh] done in 279ms @ http://localhost:3000/_next/static/chunks/node_modules_next_dist_115brz8._.js:2431
[42243704ms] [LOG] [Fast Refresh] rebuilding @ http://localhost:3000/_next/static/chunks/node_modules_next_dist_115brz8._.js:2431
[42244000ms] [LOG] [Fast Refresh] done in 401ms @ http://localhost:3000/_next/static/chunks/node_modules_next_dist_115brz8._.js:2431
[42244122ms] [LOG] [Fast Refresh] rebuilding @ http://localhost:3000/_next/static/chunks/node_modules_next_dist_115brz8._.js:2431
[42244288ms] [LOG] [Fast Refresh] done in 267ms @ http://localhost:3000/_next/static/chunks/node_modules_next_dist_115brz8._.js:2431
[42244626ms] [LOG] [Fast Refresh] rebuilding @ http://localhost:3000/_next/static/chunks/node_modules_next_dist_115brz8._.js:2431
[42244801ms] [LOG] [Fast Refresh] done in 280ms @ http://localhost:3000/_next/static/chunks/node_modules_next_dist_115brz8._.js:2431
[42245127ms] [LOG] [Fast Refresh] rebuilding @ http://localhost:3000/_next/static/chunks/node_modules_next_dist_115brz8._.js:2431
[42245257ms] [LOG] [Fast Refresh] done in 233ms @ http://localhost:3000/_next/static/chunks/node_modules_next_dist_115brz8._.js:2431
[42245481ms] [LOG] [Fast Refresh] rebuilding @ http://localhost:3000/_next/static/chunks/node_modules_next_dist_115brz8._.js:2431
[42245642ms] [LOG] [Fast Refresh] done in 271ms @ http://localhost:3000/_next/static/chunks/node_modules_next_dist_115brz8._.js:2431
[42245772ms] [LOG] [Fast Refresh] rebuilding @ http://localhost:3000/_next/static/chunks/node_modules_next_dist_115brz8._.js:2431
[42245899ms] [LOG] [Fast Refresh] done in 236ms @ http://localhost:3000/_next/static/chunks/node_modules_next_dist_115brz8._.js:2431
[42246050ms] [LOG] [Fast Refresh] rebuilding @ http://localhost:3000/_next/static/chunks/node_modules_next_dist_115brz8._.js:2431
[42246464ms] [LOG] [Fast Refresh] done in 516ms @ http://localhost:3000/_next/static/chunks/node_modules_next_dist_115brz8._.js:2431
[42260513ms] [LOG] [Fast Refresh] rebuilding @ http://localhost:3000/_next/static/chunks/node_modules_next_dist_115brz8._.js:2431
[42260769ms] [ERROR] Failed to load resource: the server responded with a status of 404 (Not Found) @ http://localhost:3000/admin/verski-turizam?_rsc=1nkcf:0
[42260776ms] [LOG] [Fast Refresh] done in 115ms @ http://localhost:3000/_next/static/chunks/node_modules_next_dist_115brz8._.js:2431
[42260910ms] [LOG] [Fast Refresh] rebuilding @ http://localhost:3000/_next/static/chunks/node_modules_next_dist_115brz8._.js:2431
[42261004ms] [ERROR] Failed to load resource: the server responded with a status of 404 (Not Found) @ http://localhost:3000/admin/verski-turizam?_rsc=1nkcf:0
[42261187ms] [LOG] [Fast Refresh] done in 379ms @ http://localhost:3000/_next/static/chunks/node_modules_next_dist_115brz8._.js:2431
[42261372ms] [ERROR] Failed to load resource: the server responded with a status of 404 (Not Found) @ http://localhost:3000/admin/verski-turizam:0
[42264050ms] [INFO] %cDownload the React DevTools for a better development experience: https://react.dev/link/react-devtools font-weight:bold @ http://localhost:3000/_next/static/chunks/node_modules_next_dist_115brz8._.js:2431
[42264124ms] [LOG] [HMR] connected @ http://localhost:3000/_next/static/chunks/node_modules_next_dist_115brz8._.js:2431
[42264403ms] [LOG] [Fast Refresh] rebuilding @ http://localhost:3000/_next/static/chunks/node_modules_next_dist_115brz8._.js:2431
[42264585ms] [LOG] [Fast Refresh] done in 284ms @ http://localhost:3000/_next/static/chunks/node_modules_next_dist_115brz8._.js:2431
[42264764ms] [LOG] [Fast Refresh] rebuilding @ http://localhost:3000/_next/static/chunks/node_modules_next_dist_115brz8._.js:2431
[42265105ms] [LOG] [Fast Refresh] done in 445ms @ http://localhost:3000/_next/static/chunks/node_modules_next_dist_115brz8._.js:2431
[42265318ms] [LOG] [Fast Refresh] rebuilding @ http://localhost:3000/_next/static/chunks/node_modules_next_dist_115brz8._.js:2431
[42266137ms] [LOG] [Fast Refresh] done in 926ms @ http://localhost:3000/_next/static/chunks/node_modules_next_dist_115brz8._.js:2431
[42273073ms] [LOG] [Fast Refresh] rebuilding @ http://localhost:3000/_next/static/chunks/node_modules_next_dist_115brz8._.js:2431
[42273316ms] [ERROR] Failed to load resource: the server responded with a status of 404 (Not Found) @ http://localhost:3000/admin/verski-turizam?_rsc=1nkcf:0
[42273326ms] [LOG] [Fast Refresh] done in 135ms @ http://localhost:3000/_next/static/chunks/node_modules_next_dist_115brz8._.js:2431
[42273450ms] [LOG] [Fast Refresh] rebuilding @ http://localhost:3000/_next/static/chunks/node_modules_next_dist_115brz8._.js:2431
[42273510ms] [ERROR] Failed to load resource: the server responded with a status of 404 (Not Found) @ http://localhost:3000/admin/verski-turizam?_rsc=1nkcf:0
[42273561ms] [LOG] [Fast Refresh] done in 212ms @ http://localhost:3000/_next/static/chunks/node_modules_next_dist_115brz8._.js:2431
[42273653ms] [ERROR] Failed to load resource: the server responded with a status of 404 (Not Found) @ http://localhost:3000/admin/verski-turizam:0
[42275739ms] [INFO] %cDownload the React DevTools for a better development experience: https://react.dev/link/react-devtools font-weight:bold @ http://localhost:3000/_next/static/chunks/node_modules_next_dist_115brz8._.js:2431
[42275803ms] [LOG] [HMR] connected @ http://localhost:3000/_next/static/chunks/node_modules_next_dist_115brz8._.js:2431
[42276157ms] [LOG] [Fast Refresh] rebuilding @ http://localhost:3000/_next/static/chunks/node_modules_next_dist_115brz8._.js:2431
[42276346ms] [LOG] [Fast Refresh] done in 290ms @ http://localhost:3000/_next/static/chunks/node_modules_next_dist_115brz8._.js:2431
[42276511ms] [LOG] [Fast Refresh] rebuilding @ http://localhost:3000/_next/static/chunks/node_modules_next_dist_115brz8._.js:2431
[42276649ms] [LOG] [Fast Refresh] done in 245ms @ http://localhost:3000/_next/static/chunks/node_modules_next_dist_115brz8._.js:2431
[42276825ms] [LOG] [Fast Refresh] rebuilding @ http://localhost:3000/_next/static/chunks/node_modules_next_dist_115brz8._.js:2431
[42277727ms] [LOG] [Fast Refresh] done in 1002ms @ http://localhost:3000/_next/static/chunks/node_modules_next_dist_115brz8._.js:2431
[42278039ms] [LOG] [Fast Refresh] rebuilding @ http://localhost:3000/_next/static/chunks/node_modules_next_dist_115brz8._.js:2431
[42278243ms] [LOG] [Fast Refresh] done in 316ms @ http://localhost:3000/_next/static/chunks/node_modules_next_dist_115brz8._.js:2431
[42297331ms] [LOG] [Fast Refresh] rebuilding @ http://localhost:3000/_next/static/chunks/node_modules_next_dist_115brz8._.js:2431
[42297609ms] [ERROR] Failed to load resource: the server responded with a status of 404 (Not Found) @ http://localhost:3000/admin/verski-turizam?_rsc=1nkcf:0
[42297621ms] [LOG] [Fast Refresh] done in 160ms @ http://localhost:3000/_next/static/chunks/node_modules_next_dist_115brz8._.js:2431
[42297697ms] [ERROR] Failed to load resource: the server responded with a status of 404 (Not Found) @ http://localhost:3000/admin/verski-turizam?_rsc=1nkcf:0
[42297752ms] [LOG] [Fast Refresh] rebuilding @ http://localhost:3000/_next/static/chunks/node_modules_next_dist_115brz8._.js:2431
[42297821ms] [LOG] [Fast Refresh] done in 175ms @ http://localhost:3000/_next/static/chunks/node_modules_next_dist_115brz8._.js:2431
[42297964ms] [ERROR] Failed to load resource: the server responded with a status of 404 (Not Found) @ http://localhost:3000/admin/verski-turizam:0
[42300394ms] [INFO] %cDownload the React DevTools for a better development experience: https://react.dev/link/react-devtools font-weight:bold @ http://localhost:3000/_next/static/chunks/node_modules_next_dist_115brz8._.js:2431
[42300444ms] [LOG] [HMR] connected @ http://localhost:3000/_next/static/chunks/node_modules_next_dist_115brz8._.js:2431
[42300719ms] [LOG] [Fast Refresh] rebuilding @ http://localhost:3000/_next/static/chunks/node_modules_next_dist_115brz8._.js:2431
[42300902ms] [LOG] [Fast Refresh] done in 283ms @ http://localhost:3000/_next/static/chunks/node_modules_next_dist_115brz8._.js:2431
[42301058ms] [LOG] [Fast Refresh] rebuilding @ http://localhost:3000/_next/static/chunks/node_modules_next_dist_115brz8._.js:2431
[42301192ms] [LOG] [Fast Refresh] done in 245ms @ http://localhost:3000/_next/static/chunks/node_modules_next_dist_115brz8._.js:2431
[42301349ms] [LOG] [Fast Refresh] rebuilding @ http://localhost:3000/_next/static/chunks/node_modules_next_dist_115brz8._.js:2431
[42301736ms] [LOG] [Fast Refresh] done in 500ms @ http://localhost:3000/_next/static/chunks/node_modules_next_dist_115brz8._.js:2431
[42301843ms] [LOG] [Fast Refresh] rebuilding @ http://localhost:3000/_next/static/chunks/node_modules_next_dist_115brz8._.js:2431
[42302297ms] [LOG] [Fast Refresh] done in 559ms @ http://localhost:3000/_next/static/chunks/node_modules_next_dist_115brz8._.js:2431
[42302584ms] [LOG] [Fast Refresh] rebuilding @ http://localhost:3000/_next/static/chunks/node_modules_next_dist_115brz8._.js:2431
[42302768ms] [LOG] [Fast Refresh] done in 289ms @ http://localhost:3000/_next/static/chunks/node_modules_next_dist_115brz8._.js:2431
[42302929ms] [LOG] [Fast Refresh] rebuilding @ http://localhost:3000/_next/static/chunks/node_modules_next_dist_115brz8._.js:2431
[42303097ms] [LOG] [Fast Refresh] done in 276ms @ http://localhost:3000/_next/static/chunks/node_modules_next_dist_115brz8._.js:2431
[42310673ms] [LOG] [Fast Refresh] rebuilding @ http://localhost:3000/_next/static/chunks/node_modules_next_dist_115brz8._.js:2431
[42311063ms] [ERROR] Failed to load resource: the server responded with a status of 404 (Not Found) @ http://localhost:3000/admin/verski-turizam?_rsc=1nkcf:0
[42311071ms] [LOG] [Fast Refresh] done in 419ms @ http://localhost:3000/_next/static/chunks/node_modules_next_dist_115brz8._.js:2431
[42311222ms] [LOG] [Fast Refresh] rebuilding @ http://localhost:3000/_next/static/chunks/node_modules_next_dist_115brz8._.js:2431
[42311305ms] [ERROR] Failed to load resource: the server responded with a status of 404 (Not Found) @ http://localhost:3000/admin/verski-turizam?_rsc=1nkcf:0
[42311422ms] [LOG] [Fast Refresh] done in 305ms @ http://localhost:3000/_next/static/chunks/node_modules_next_dist_115brz8._.js:2431
[42311723ms] [ERROR] Failed to load resource: the server responded with a status of 404 (Not Found) @ http://localhost:3000/admin/verski-turizam:0
[42314584ms] [INFO] %cDownload the React DevTools for a better development experience: https://react.dev/link/react-devtools font-weight:bold @ http://localhost:3000/_next/static/chunks/node_modules_next_dist_115brz8._.js:2431
[42314613ms] [LOG] [HMR] connected @ http://localhost:3000/_next/static/chunks/node_modules_next_dist_115brz8._.js:2431
[42314903ms] [LOG] [Fast Refresh] rebuilding @ http://localhost:3000/_next/static/chunks/node_modules_next_dist_115brz8._.js:2431
[42315028ms] [LOG] [Fast Refresh] done in 228ms @ http://localhost:3000/_next/static/chunks/node_modules_next_dist_115brz8._.js:2431
[42315173ms] [LOG] [Fast Refresh] rebuilding @ http://localhost:3000/_next/static/chunks/node_modules_next_dist_115brz8._.js:2431
[42315379ms] [LOG] [Fast Refresh] done in 315ms @ http://localhost:3000/_next/static/chunks/node_modules_next_dist_115brz8._.js:2431
[42315564ms] [LOG] [Fast Refresh] rebuilding @ http://localhost:3000/_next/static/chunks/node_modules_next_dist_115brz8._.js:2431
[42316022ms] [LOG] [Fast Refresh] done in 573ms @ http://localhost:3000/_next/static/chunks/node_modules_next_dist_115brz8._.js:2431
[42316124ms] [LOG] [Fast Refresh] rebuilding @ http://localhost:3000/_next/static/chunks/node_modules_next_dist_115brz8._.js:2431
[42316257ms] [LOG] [Fast Refresh] done in 234ms @ http://localhost:3000/_next/static/chunks/node_modules_next_dist_115brz8._.js:2431
[42316376ms] [LOG] [Fast Refresh] rebuilding @ http://localhost:3000/_next/static/chunks/node_modules_next_dist_115brz8._.js:2431
[42316500ms] [LOG] [Fast Refresh] done in 230ms @ http://localhost:3000/_next/static/chunks/node_modules_next_dist_115brz8._.js:2431
[42317027ms] [LOG] [Fast Refresh] rebuilding @ http://localhost:3000/_next/static/chunks/node_modules_next_dist_115brz8._.js:2431
[42317169ms] [LOG] [Fast Refresh] done in 244ms @ http://localhost:3000/_next/static/chunks/node_modules_next_dist_115brz8._.js:2431
[42317356ms] [LOG] [Fast Refresh] rebuilding @ http://localhost:3000/_next/static/chunks/node_modules_next_dist_115brz8._.js:2431
[42317727ms] [LOG] [Fast Refresh] done in 484ms @ http://localhost:3000/_next/static/chunks/node_modules_next_dist_115brz8._.js:2431
[42317861ms] [LOG] [Fast Refresh] rebuilding @ http://localhost:3000/_next/static/chunks/node_modules_next_dist_115brz8._.js:2431
[42317967ms] [LOG] [Fast Refresh] done in 221ms @ http://localhost:3000/_next/static/chunks/node_modules_next_dist_115brz8._.js:2431
[42348389ms] [LOG] [Fast Refresh] rebuilding @ http://localhost:3000/_next/static/chunks/node_modules_next_dist_115brz8._.js:2431
[42348584ms] [LOG] [Fast Refresh] done in 257ms @ http://localhost:3000/_next/static/chunks/node_modules_next_dist_115brz8._.js:2431
[42361861ms] [LOG] [Fast Refresh] rebuilding @ http://localhost:3000/_next/static/chunks/node_modules_next_dist_115brz8._.js:2431
[42361883ms] [LOG] [Fast Refresh] done in 132ms @ http://localhost:3000/_next/static/chunks/node_modules_next_dist_115brz8._.js:2431
[42374417ms] [LOG] [Fast Refresh] rebuilding @ http://localhost:3000/_next/static/chunks/node_modules_next_dist_115brz8._.js:2431
[42374675ms] [ERROR] Failed to load resource: the server responded with a status of 404 (Not Found) @ http://localhost:3000/admin/verski-turizam?_rsc=1nkcf:0
[42374683ms] [LOG] [Fast Refresh] done in 160ms @ http://localhost:3000/_next/static/chunks/node_modules_next_dist_115brz8._.js:2431
[42374812ms] [LOG] [Fast Refresh] rebuilding @ http://localhost:3000/_next/static/chunks/node_modules_next_dist_115brz8._.js:2431
[42374874ms] [ERROR] Failed to load resource: the server responded with a status of 404 (Not Found) @ http://localhost:3000/admin/verski-turizam?_rsc=1nkcf:0
[42374924ms] [LOG] [Fast Refresh] done in 214ms @ http://localhost:3000/_next/static/chunks/node_modules_next_dist_115brz8._.js:2431
[42375046ms] [ERROR] Failed to load resource: the server responded with a status of 404 (Not Found) @ http://localhost:3000/admin/verski-turizam:0
[42376803ms] [INFO] %cDownload the React DevTools for a better development experience: https://react.dev/link/react-devtools font-weight:bold @ http://localhost:3000/_next/static/chunks/node_modules_next_dist_115brz8._.js:2431
[42376854ms] [LOG] [HMR] connected @ http://localhost:3000/_next/static/chunks/node_modules_next_dist_115brz8._.js:2431
[42377086ms] [LOG] [Fast Refresh] rebuilding @ http://localhost:3000/_next/static/chunks/node_modules_next_dist_115brz8._.js:2431
[42377236ms] [LOG] [Fast Refresh] done in 262ms @ http://localhost:3000/_next/static/chunks/node_modules_next_dist_115brz8._.js:2431
[42377384ms] [LOG] [Fast Refresh] rebuilding @ http://localhost:3000/_next/static/chunks/node_modules_next_dist_115brz8._.js:2431
[42377510ms] [LOG] [Fast Refresh] done in 240ms @ http://localhost:3000/_next/static/chunks/node_modules_next_dist_115brz8._.js:2431
[42377699ms] [LOG] [Fast Refresh] rebuilding @ http://localhost:3000/_next/static/chunks/node_modules_next_dist_115brz8._.js:2431
[42378505ms] [LOG] [Fast Refresh] done in 917ms @ http://localhost:3000/_next/static/chunks/node_modules_next_dist_115brz8._.js:2431
[42378793ms] [LOG] [Fast Refresh] rebuilding @ http://localhost:3000/_next/static/chunks/node_modules_next_dist_115brz8._.js:2431
[42378970ms] [LOG] [Fast Refresh] done in 279ms @ http://localhost:3000/_next/static/chunks/node_modules_next_dist_115brz8._.js:2431
[42379144ms] [LOG] [Fast Refresh] rebuilding @ http://localhost:3000/_next/static/chunks/node_modules_next_dist_115brz8._.js:2431
[42379312ms] [LOG] [Fast Refresh] done in 278ms @ http://localhost:3000/_next/static/chunks/node_modules_next_dist_115brz8._.js:2431
[42379485ms] [LOG] [Fast Refresh] rebuilding @ http://localhost:3000/_next/static/chunks/node_modules_next_dist_115brz8._.js:2431
[42379615ms] [LOG] [Fast Refresh] done in 236ms @ http://localhost:3000/_next/static/chunks/node_modules_next_dist_115brz8._.js:2431
[42379724ms] [LOG] [Fast Refresh] rebuilding @ http://localhost:3000/_next/static/chunks/node_modules_next_dist_115brz8._.js:2431
[42380381ms] [LOG] [Fast Refresh] done in 765ms @ http://localhost:3000/_next/static/chunks/node_modules_next_dist_115brz8._.js:2431
[42380607ms] [LOG] [Fast Refresh] rebuilding @ http://localhost:3000/_next/static/chunks/node_modules_next_dist_115brz8._.js:2431
[42380810ms] [LOG] [Fast Refresh] done in 304ms @ http://localhost:3000/_next/static/chunks/node_modules_next_dist_115brz8._.js:2431
[42391415ms] [LOG] [Fast Refresh] rebuilding @ http://localhost:3000/_next/static/chunks/node_modules_next_dist_115brz8._.js:2431
[42391730ms] [ERROR] Failed to load resource: the server responded with a status of 404 (Not Found) @ http://localhost:3000/admin/verski-turizam?_rsc=1nkcf:0
[42391738ms] [LOG] [Fast Refresh] done in 199ms @ http://localhost:3000/_next/static/chunks/node_modules_next_dist_115brz8._.js:2431
[42391879ms] [LOG] [Fast Refresh] rebuilding @ http://localhost:3000/_next/static/chunks/node_modules_next_dist_115brz8._.js:2431
[42391943ms] [ERROR] Failed to load resource: the server responded with a status of 404 (Not Found) @ http://localhost:3000/admin/verski-turizam?_rsc=1nkcf:0
[42392009ms] [LOG] [Fast Refresh] done in 233ms @ http://localhost:3000/_next/static/chunks/node_modules_next_dist_115brz8._.js:2431
[42392100ms] [ERROR] Failed to load resource: the server responded with a status of 404 (Not Found) @ http://localhost:3000/admin/verski-turizam:0
[42394431ms] [INFO] %cDownload the React DevTools for a better development experience: https://react.dev/link/react-devtools font-weight:bold @ http://localhost:3000/_next/static/chunks/node_modules_next_dist_115brz8._.js:2431
[42394492ms] [LOG] [HMR] connected @ http://localhost:3000/_next/static/chunks/node_modules_next_dist_115brz8._.js:2431
[42394791ms] [LOG] [Fast Refresh] rebuilding @ http://localhost:3000/_next/static/chunks/node_modules_next_dist_115brz8._.js:2431
[42394941ms] [LOG] [Fast Refresh] done in 261ms @ http://localhost:3000/_next/static/chunks/node_modules_next_dist_115brz8._.js:2431
[42395079ms] [LOG] [Fast Refresh] rebuilding @ http://localhost:3000/_next/static/chunks/node_modules_next_dist_115brz8._.js:2431
[42395231ms] [LOG] [Fast Refresh] done in 261ms @ http://localhost:3000/_next/static/chunks/node_modules_next_dist_115brz8._.js:2431
[42395392ms] [LOG] [Fast Refresh] rebuilding @ http://localhost:3000/_next/static/chunks/node_modules_next_dist_115brz8._.js:2431
[42395739ms] [LOG] [Fast Refresh] done in 447ms @ http://localhost:3000/_next/static/chunks/node_modules_next_dist_115brz8._.js:2431
[42395845ms] [LOG] [Fast Refresh] rebuilding @ http://localhost:3000/_next/static/chunks/node_modules_next_dist_115brz8._.js:2431
[42396270ms] [LOG] [Fast Refresh] done in 526ms @ http://localhost:3000/_next/static/chunks/node_modules_next_dist_115brz8._.js:2431
[42397225ms] [LOG] [Fast Refresh] rebuilding @ http://localhost:3000/_next/static/chunks/node_modules_next_dist_115brz8._.js:2431
[42397385ms] [LOG] [Fast Refresh] done in 265ms @ http://localhost:3000/_next/static/chunks/node_modules_next_dist_115brz8._.js:2431
[42397489ms] [LOG] [Fast Refresh] rebuilding @ http://localhost:3000/_next/static/chunks/node_modules_next_dist_115brz8._.js:2431
[42397863ms] [LOG] [Fast Refresh] done in 478ms @ http://localhost:3000/_next/static/chunks/node_modules_next_dist_115brz8._.js:2431
[42397964ms] [LOG] [Fast Refresh] rebuilding @ http://localhost:3000/_next/static/chunks/node_modules_next_dist_115brz8._.js:2431
[42398165ms] [LOG] [Fast Refresh] done in 302ms @ http://localhost:3000/_next/static/chunks/node_modules_next_dist_115brz8._.js:2431
[42398816ms] [LOG] [Fast Refresh] rebuilding @ http://localhost:3000/_next/static/chunks/node_modules_next_dist_115brz8._.js:2431
[42398984ms] [LOG] [Fast Refresh] done in 275ms @ http://localhost:3000/_next/static/chunks/node_modules_next_dist_115brz8._.js:2431
[42399141ms] [LOG] [Fast Refresh] rebuilding @ http://localhost:3000/_next/static/chunks/node_modules_next_dist_115brz8._.js:2431
[42399259ms] [LOG] [Fast Refresh] done in 228ms @ http://localhost:3000/_next/static/chunks/node_modules_next_dist_115brz8._.js:2431
[42405228ms] [LOG] [Fast Refresh] rebuilding @ http://localhost:3000/_next/static/chunks/node_modules_next_dist_115brz8._.js:2431
[42405513ms] [ERROR] Failed to load resource: the server responded with a status of 404 (Not Found) @ http://localhost:3000/admin/verski-turizam?_rsc=1nkcf:0
[42405521ms] [LOG] [Fast Refresh] done in 201ms @ http://localhost:3000/_next/static/chunks/node_modules_next_dist_115brz8._.js:2431
[42405590ms] [ERROR] Failed to load resource: the server responded with a status of 404 (Not Found) @ http://localhost:3000/admin/verski-turizam?_rsc=1nkcf:0
[42405642ms] [LOG] [Fast Refresh] rebuilding @ http://localhost:3000/_next/static/chunks/node_modules_next_dist_115brz8._.js:2431
[42405757ms] [LOG] [Fast Refresh] done in 216ms @ http://localhost:3000/_next/static/chunks/node_modules_next_dist_115brz8._.js:2431
[42405852ms] [ERROR] Failed to load resource: the server responded with a status of 404 (Not Found) @ http://localhost:3000/admin/verski-turizam:0
[42407949ms] [INFO] %cDownload the React DevTools for a better development experience: https://react.dev/link/react-devtools font-weight:bold @ http://localhost:3000/_next/static/chunks/node_modules_next_dist_115brz8._.js:2431
[42408011ms] [LOG] [HMR] connected @ http://localhost:3000/_next/static/chunks/node_modules_next_dist_115brz8._.js:2431
[42408291ms] [LOG] [Fast Refresh] rebuilding @ http://localhost:3000/_next/static/chunks/node_modules_next_dist_115brz8._.js:2431
[42408486ms] [LOG] [Fast Refresh] done in 302ms @ http://localhost:3000/_next/static/chunks/node_modules_next_dist_115brz8._.js:2431
[42408620ms] [LOG] [Fast Refresh] rebuilding @ http://localhost:3000/_next/static/chunks/node_modules_next_dist_115brz8._.js:2431
[42408790ms] [LOG] [Fast Refresh] done in 273ms @ http://localhost:3000/_next/static/chunks/node_modules_next_dist_115brz8._.js:2431
[42408959ms] [LOG] [Fast Refresh] rebuilding @ http://localhost:3000/_next/static/chunks/node_modules_next_dist_115brz8._.js:2431
[42409331ms] [LOG] [Fast Refresh] done in 474ms @ http://localhost:3000/_next/static/chunks/node_modules_next_dist_115brz8._.js:2431
[42410050ms] [LOG] [Fast Refresh] rebuilding @ http://localhost:3000/_next/static/chunks/node_modules_next_dist_115brz8._.js:2431
[42410202ms] [LOG] [Fast Refresh] done in 256ms @ http://localhost:3000/_next/static/chunks/node_modules_next_dist_115brz8._.js:2431
[42410364ms] [LOG] [Fast Refresh] rebuilding @ http://localhost:3000/_next/static/chunks/node_modules_next_dist_115brz8._.js:2431
[42410569ms] [LOG] [Fast Refresh] done in 310ms @ http://localhost:3000/_next/static/chunks/node_modules_next_dist_115brz8._.js:2431
[42410753ms] [LOG] [Fast Refresh] rebuilding @ http://localhost:3000/_next/static/chunks/node_modules_next_dist_115brz8._.js:2431
[42410916ms] [LOG] [Fast Refresh] done in 271ms @ http://localhost:3000/_next/static/chunks/node_modules_next_dist_115brz8._.js:2431
[42411028ms] [LOG] [Fast Refresh] rebuilding @ http://localhost:3000/_next/static/chunks/node_modules_next_dist_115brz8._.js:2431
[42411191ms] [LOG] [Fast Refresh] done in 266ms @ http://localhost:3000/_next/static/chunks/node_modules_next_dist_115brz8._.js:2431
[42411293ms] [LOG] [Fast Refresh] rebuilding @ http://localhost:3000/_next/static/chunks/node_modules_next_dist_115brz8._.js:2431
[42411690ms] [LOG] [Fast Refresh] done in 499ms @ http://localhost:3000/_next/static/chunks/node_modules_next_dist_115brz8._.js:2431
[42411912ms] [LOG] [Fast Refresh] rebuilding @ http://localhost:3000/_next/static/chunks/node_modules_next_dist_115brz8._.js:2431
[42412102ms] [LOG] [Fast Refresh] done in 291ms @ http://localhost:3000/_next/static/chunks/node_modules_next_dist_115brz8._.js:2431
[42412265ms] [LOG] [Fast Refresh] rebuilding @ http://localhost:3000/_next/static/chunks/node_modules_next_dist_115brz8._.js:2431
[42412462ms] [LOG] [Fast Refresh] done in 302ms @ http://localhost:3000/_next/static/chunks/node_modules_next_dist_115brz8._.js:2431
[42412635ms] [LOG] [Fast Refresh] rebuilding @ http://localhost:3000/_next/static/chunks/node_modules_next_dist_115brz8._.js:2431
[42412755ms] [LOG] [Fast Refresh] done in 226ms @ http://localhost:3000/_next/static/chunks/node_modules_next_dist_115brz8._.js:2431
[42413109ms] [LOG] [Fast Refresh] rebuilding @ http://localhost:3000/_next/static/chunks/node_modules_next_dist_115brz8._.js:2431
[42413275ms] [LOG] [Fast Refresh] done in 270ms @ http://localhost:3000/_next/static/chunks/node_modules_next_dist_115brz8._.js:2431
[42434843ms] [LOG] [Fast Refresh] rebuilding @ http://localhost:3000/_next/static/chunks/node_modules_next_dist_115brz8._.js:2431
[42434946ms] [LOG] [Fast Refresh] done in 205ms @ http://localhost:3000/_next/static/chunks/node_modules_next_dist_115brz8._.js:2431
[42454511ms] [LOG] [Fast Refresh] rebuilding @ http://localhost:3000/_next/static/chunks/node_modules_next_dist_115brz8._.js:2431
[42454701ms] [ERROR] Failed to load resource: the server responded with a status of 404 (Not Found) @ http://localhost:3000/admin/verski-turizam?_rsc=1nkcf:0
[42454713ms] [LOG] [Fast Refresh] done in 290ms @ http://localhost:3000/_next/static/chunks/node_modules_next_dist_115brz8._.js:2431
[42454818ms] [LOG] [Fast Refresh] rebuilding @ http://localhost:3000/_next/static/chunks/node_modules_next_dist_115brz8._.js:2431
[42454888ms] [LOG] [Fast Refresh] done in 174ms @ http://localhost:3000/_next/static/chunks/node_modules_next_dist_115brz8._.js:2431
[42455024ms] [LOG] [Fast Refresh] rebuilding @ http://localhost:3000/_next/static/chunks/node_modules_next_dist_115brz8._.js:2431
[42455032ms] [ERROR] Failed to load resource: the server responded with a status of 404 (Not Found) @ http://localhost:3000/admin/verski-turizam?_rsc=1nkcf:0
[42455072ms] [LOG] [Fast Refresh] done in 149ms @ http://localhost:3000/_next/static/chunks/node_modules_next_dist_115brz8._.js:2431
[42455177ms] [LOG] [Fast Refresh] rebuilding @ http://localhost:3000/_next/static/chunks/node_modules_next_dist_115brz8._.js:2431
[42455547ms] [LOG] [Fast Refresh] done in 474ms @ http://localhost:3000/_next/static/chunks/node_modules_next_dist_115brz8._.js:2431
[42455650ms] [LOG] [Fast Refresh] rebuilding @ http://localhost:3000/_next/static/chunks/node_modules_next_dist_115brz8._.js:2431
[42455930ms] [LOG] [Fast Refresh] done in 382ms @ http://localhost:3000/_next/static/chunks/node_modules_next_dist_115brz8._.js:2431
[42456061ms] [ERROR] Failed to load resource: the server responded with a status of 404 (Not Found) @ http://localhost:3000/admin/verski-turizam:0
[42458164ms] [INFO] %cDownload the React DevTools for a better development experience: https://react.dev/link/react-devtools font-weight:bold @ http://localhost:3000/_next/static/chunks/node_modules_next_dist_115brz8._.js:2431
[42458248ms] [LOG] [HMR] connected @ http://localhost:3000/_next/static/chunks/node_modules_next_dist_115brz8._.js:2431
[42458428ms] [LOG] [Fast Refresh] rebuilding @ http://localhost:3000/_next/static/chunks/node_modules_next_dist_115brz8._.js:2431
[42458569ms] [LOG] [Fast Refresh] done in 249ms @ http://localhost:3000/_next/static/chunks/node_modules_next_dist_115brz8._.js:2431
[42458731ms] [LOG] [Fast Refresh] rebuilding @ http://localhost:3000/_next/static/chunks/node_modules_next_dist_115brz8._.js:2431
[42458850ms] [LOG] [Fast Refresh] done in 221ms @ http://localhost:3000/_next/static/chunks/node_modules_next_dist_115brz8._.js:2431
[42459074ms] [LOG] [Fast Refresh] rebuilding @ http://localhost:3000/_next/static/chunks/node_modules_next_dist_115brz8._.js:2431
[42459869ms] [LOG] [Fast Refresh] done in 900ms @ http://localhost:3000/_next/static/chunks/node_modules_next_dist_115brz8._.js:2431
[42460101ms] [LOG] [Fast Refresh] rebuilding @ http://localhost:3000/_next/static/chunks/node_modules_next_dist_115brz8._.js:2431
[42460272ms] [LOG] [Fast Refresh] done in 272ms @ http://localhost:3000/_next/static/chunks/node_modules_next_dist_115brz8._.js:2431
[42460437ms] [LOG] [Fast Refresh] rebuilding @ http://localhost:3000/_next/static/chunks/node_modules_next_dist_115brz8._.js:2431
[42460680ms] [LOG] [Fast Refresh] done in 348ms @ http://localhost:3000/_next/static/chunks/node_modules_next_dist_115brz8._.js:2431
[42461046ms] [LOG] [Fast Refresh] rebuilding @ http://localhost:3000/_next/static/chunks/node_modules_next_dist_115brz8._.js:2431
[42462460ms] [LOG] [Fast Refresh] done in 1525ms @ http://localhost:3000/_next/static/chunks/node_modules_next_dist_115brz8._.js:2431
[42462565ms] [LOG] [Fast Refresh] rebuilding @ http://localhost:3000/_next/static/chunks/node_modules_next_dist_115brz8._.js:2431
[42463020ms] [LOG] [Fast Refresh] done in 558ms @ http://localhost:3000/_next/static/chunks/node_modules_next_dist_115brz8._.js:2431
[42464002ms] [LOG] [Fast Refresh] rebuilding @ http://localhost:3000/_next/static/chunks/node_modules_next_dist_115brz8._.js:2431
[42464229ms] [LOG] [Fast Refresh] done in 332ms @ http://localhost:3000/_next/static/chunks/node_modules_next_dist_115brz8._.js:2431
[42464356ms] [LOG] [Fast Refresh] rebuilding @ http://localhost:3000/_next/static/chunks/node_modules_next_dist_115brz8._.js:2431
[42464527ms] [LOG] [Fast Refresh] done in 274ms @ http://localhost:3000/_next/static/chunks/node_modules_next_dist_115brz8._.js:2431
[42464744ms] [LOG] [Fast Refresh] rebuilding @ http://localhost:3000/_next/static/chunks/node_modules_next_dist_115brz8._.js:2431
[42465344ms] [LOG] [Fast Refresh] done in 711ms @ http://localhost:3000/_next/static/chunks/node_modules_next_dist_115brz8._.js:2431
[42465488ms] [LOG] [Fast Refresh] rebuilding @ http://localhost:3000/_next/static/chunks/node_modules_next_dist_115brz8._.js:2431
[42465879ms] [LOG] [Fast Refresh] done in 494ms @ http://localhost:3000/_next/static/chunks/node_modules_next_dist_115brz8._.js:2431
[42466143ms] [LOG] [Fast Refresh] rebuilding @ http://localhost:3000/_next/static/chunks/node_modules_next_dist_115brz8._.js:2431
[42466278ms] [LOG] [Fast Refresh] done in 246ms @ http://localhost:3000/_next/static/chunks/node_modules_next_dist_115brz8._.js:2431
[42476620ms] [LOG] [Fast Refresh] rebuilding @ http://localhost:3000/_next/static/chunks/node_modules_next_dist_115brz8._.js:2431
[42477270ms] [ERROR] Failed to load resource: the server responded with a status of 404 (Not Found) @ http://localhost:3000/admin/verski-turizam?_rsc=1nkcf:0
[42477289ms] [LOG] [Fast Refresh] done in 288ms @ http://localhost:3000/_next/static/chunks/node_modules_next_dist_115brz8._.js:2431
[42477445ms] [LOG] [Fast Refresh] rebuilding @ http://localhost:3000/_next/static/chunks/node_modules_next_dist_115brz8._.js:2431
[42477735ms] [ERROR] Failed to load resource: the server responded with a status of 404 (Not Found) @ http://localhost:3000/admin/verski-turizam?_rsc=1nkcf:0
[42477850ms] [LOG] [Fast Refresh] done in 505ms @ http://localhost:3000/_next/static/chunks/node_modules_next_dist_115brz8._.js:2431
[42478088ms] [ERROR] Failed to load resource: the server responded with a status of 404 (Not Found) @ http://localhost:3000/admin/verski-turizam:0
[42479732ms] [INFO] %cDownload the React DevTools for a better development experience: https://react.dev/link/react-devtools font-weight:bold @ http://localhost:3000/_next/static/chunks/node_modules_next_dist_115brz8._.js:2431
[42479782ms] [LOG] [HMR] connected @ http://localhost:3000/_next/static/chunks/node_modules_next_dist_115brz8._.js:2431
[42480055ms] [LOG] [Fast Refresh] rebuilding @ http://localhost:3000/_next/static/chunks/node_modules_next_dist_115brz8._.js:2431
[42480328ms] [LOG] [Fast Refresh] done in 376ms @ http://localhost:3000/_next/static/chunks/node_modules_next_dist_115brz8._.js:2431
[42480867ms] [LOG] [Fast Refresh] rebuilding @ http://localhost:3000/_next/static/chunks/node_modules_next_dist_115brz8._.js:2431
[42481869ms] [LOG] [Fast Refresh] done in 1104ms @ http://localhost:3000/_next/static/chunks/node_modules_next_dist_115brz8._.js:2431
[42482104ms] [LOG] [Fast Refresh] rebuilding @ http://localhost:3000/_next/static/chunks/node_modules_next_dist_115brz8._.js:2431
[42482285ms] [LOG] [Fast Refresh] done in 281ms @ http://localhost:3000/_next/static/chunks/node_modules_next_dist_115brz8._.js:2431
[42482444ms] [LOG] [Fast Refresh] rebuilding @ http://localhost:3000/_next/static/chunks/node_modules_next_dist_115brz8._.js:2431
[42482585ms] [LOG] [Fast Refresh] done in 243ms @ http://localhost:3000/_next/static/chunks/node_modules_next_dist_115brz8._.js:2431
[42482723ms] [LOG] [Fast Refresh] rebuilding @ http://localhost:3000/_next/static/chunks/node_modules_next_dist_115brz8._.js:2431
[42483085ms] [LOG] [Fast Refresh] done in 467ms @ http://localhost:3000/_next/static/chunks/node_modules_next_dist_115brz8._.js:2431
[42483187ms] [LOG] [Fast Refresh] rebuilding @ http://localhost:3000/_next/static/chunks/node_modules_next_dist_115brz8._.js:2431
[42483372ms] [LOG] [Fast Refresh] done in 286ms @ http://localhost:3000/_next/static/chunks/node_modules_next_dist_115brz8._.js:2431
[42483474ms] [LOG] [Fast Refresh] rebuilding @ http://localhost:3000/_next/static/chunks/node_modules_next_dist_115brz8._.js:2431
[42483628ms] [LOG] [Fast Refresh] done in 254ms @ http://localhost:3000/_next/static/chunks/node_modules_next_dist_115brz8._.js:2431
[42483882ms] [LOG] [Fast Refresh] rebuilding @ http://localhost:3000/_next/static/chunks/node_modules_next_dist_115brz8._.js:2431
[42484080ms] [LOG] [Fast Refresh] done in 302ms @ http://localhost:3000/_next/static/chunks/node_modules_next_dist_115brz8._.js:2431
[42484285ms] [LOG] [Fast Refresh] rebuilding @ http://localhost:3000/_next/static/chunks/node_modules_next_dist_115brz8._.js:2431
[42484413ms] [LOG] [Fast Refresh] done in 238ms @ http://localhost:3000/_next/static/chunks/node_modules_next_dist_115brz8._.js:2431
[42484550ms] [LOG] [Fast Refresh] rebuilding @ http://localhost:3000/_next/static/chunks/node_modules_next_dist_115brz8._.js:2431
[42484952ms] [LOG] [Fast Refresh] done in 513ms @ http://localhost:3000/_next/static/chunks/node_modules_next_dist_115brz8._.js:2431
[42485055ms] [LOG] [Fast Refresh] rebuilding @ http://localhost:3000/_next/static/chunks/node_modules_next_dist_115brz8._.js:2431
[42485270ms] [LOG] [Fast Refresh] done in 318ms @ http://localhost:3000/_next/static/chunks/node_modules_next_dist_115brz8._.js:2431
[42485840ms] [LOG] [Fast Refresh] rebuilding @ http://localhost:3000/_next/static/chunks/node_modules_next_dist_115brz8._.js:2431
[42485994ms] [LOG] [Fast Refresh] done in 266ms @ http://localhost:3000/_next/static/chunks/node_modules_next_dist_115brz8._.js:2431
[42486161ms] [LOG] [Fast Refresh] rebuilding @ http://localhost:3000/_next/static/chunks/node_modules_next_dist_115brz8._.js:2431
[42486291ms] [LOG] [Fast Refresh] done in 237ms @ http://localhost:3000/_next/static/chunks/node_modules_next_dist_115brz8._.js:2431
[42486408ms] [LOG] [Fast Refresh] rebuilding @ http://localhost:3000/_next/static/chunks/node_modules_next_dist_115brz8._.js:2431
[42486552ms] [LOG] [Fast Refresh] done in 250ms @ http://localhost:3000/_next/static/chunks/node_modules_next_dist_115brz8._.js:2431
[42513595ms] [LOG] [Fast Refresh] rebuilding @ http://localhost:3000/_next/static/chunks/node_modules_next_dist_115brz8._.js:2431
[42513655ms] [LOG] [Fast Refresh] done in 172ms @ http://localhost:3000/_next/static/chunks/node_modules_next_dist_115brz8._.js:2431
[42557632ms] [LOG] [Fast Refresh] rebuilding @ http://localhost:3000/_next/static/chunks/node_modules_next_dist_115brz8._.js:2431
[42558016ms] [LOG] [Fast Refresh] done in 463ms @ http://localhost:3000/_next/static/chunks/node_modules_next_dist_115brz8._.js:2431
[42578394ms] [LOG] [Fast Refresh] rebuilding @ http://localhost:3000/_next/static/chunks/node_modules_next_dist_115brz8._.js:2431
[42578478ms] [LOG] [Fast Refresh] done in 186ms @ http://localhost:3000/_next/static/chunks/node_modules_next_dist_115brz8._.js:2431
[42640856ms] [LOG] [Fast Refresh] rebuilding @ http://localhost:3000/_next/static/chunks/node_modules_next_dist_115brz8._.js:2431
[42641163ms] [LOG] [Fast Refresh] done in 378ms @ http://localhost:3000/_next/static/chunks/node_modules_next_dist_115brz8._.js:2431
[42670159ms] [LOG] [Fast Refresh] rebuilding @ http://localhost:3000/_next/static/chunks/node_modules_next_dist_115brz8._.js:2431
[42670359ms] [ERROR] Failed to load resource: the server responded with a status of 404 (Not Found) @ http://localhost:3000/admin/verski-turizam?_rsc=1nkcf:0
[42670369ms] [LOG] [Fast Refresh] done in 300ms @ http://localhost:3000/_next/static/chunks/node_modules_next_dist_115brz8._.js:2431
[42670500ms] [LOG] [Fast Refresh] rebuilding @ http://localhost:3000/_next/static/chunks/node_modules_next_dist_115brz8._.js:2431
[42670532ms] [ERROR] Failed to load resource: the server responded with a status of 404 (Not Found) @ http://localhost:3000/admin/verski-turizam?_rsc=1nkcf:0
[42670541ms] [LOG] [Fast Refresh] done in 142ms @ http://localhost:3000/_next/static/chunks/node_modules_next_dist_115brz8._.js:2431
[42670706ms] [LOG] [Fast Refresh] rebuilding @ http://localhost:3000/_next/static/chunks/node_modules_next_dist_115brz8._.js:2431
[42670760ms] [ERROR] Failed to load resource: the server responded with a status of 404 (Not Found) @ http://localhost:3000/admin/verski-turizam?_rsc=1nkcf:0
[42671004ms] [ERROR] Failed to load resource: the server responded with a status of 404 (Not Found) @ http://localhost:3000/admin/verski-turizam?_rsc=1nkcf:0
[42671122ms] [ERROR] Failed to load resource: the server responded with a status of 404 (Not Found) @ http://localhost:3000/admin/verski-turizam?_rsc=1nkcf:0
[42671143ms] [LOG] [Fast Refresh] done in 548ms @ http://localhost:3000/_next/static/chunks/node_modules_next_dist_115brz8._.js:2431
[42671242ms] [ERROR] Failed to load resource: the server responded with a status of 404 (Not Found) @ http://localhost:3000/admin/verski-turizam:0
[42671871ms] [INFO] %cDownload the React DevTools for a better development experience: https://react.dev/link/react-devtools font-weight:bold @ http://localhost:3000/_next/static/chunks/node_modules_next_dist_115brz8._.js:2431
[42671939ms] [LOG] [HMR] connected @ http://localhost:3000/_next/static/chunks/node_modules_next_dist_115brz8._.js:2431
[42693917ms] [LOG] [Fast Refresh] rebuilding @ http://localhost:3000/_next/static/chunks/node_modules_next_dist_115brz8._.js:2431
[42694140ms] [ERROR] Failed to load resource: the server responded with a status of 404 (Not Found) @ http://localhost:3000/admin/verski-turizam?_rsc=1nkcf:0
[42694150ms] [LOG] [Fast Refresh] done in 314ms @ http://localhost:3000/_next/static/chunks/node_modules_next_dist_115brz8._.js:2431
[42694198ms] [ERROR] Failed to load resource: the server responded with a status of 404 (Not Found) @ http://localhost:3000/admin/verski-turizam?_rsc=1nkcf:0
[42694373ms] [LOG] [Fast Refresh] rebuilding @ http://localhost:3000/_next/static/chunks/node_modules_next_dist_115brz8._.js:2431
[42694595ms] [ERROR] Failed to load resource: the server responded with a status of 404 (Not Found) @ http://localhost:3000/admin/verski-turizam?_rsc=1nkcf:0
[42694749ms] [ERROR] Failed to load resource: the server responded with a status of 404 (Not Found) @ http://localhost:3000/admin/verski-turizam?_rsc=1nkcf:0
[42694859ms] [ERROR] Failed to load resource: the server responded with a status of 404 (Not Found) @ http://localhost:3000/admin/verski-turizam?_rsc=1nkcf:0
[42694879ms] [LOG] [Fast Refresh] done in 611ms @ http://localhost:3000/_next/static/chunks/node_modules_next_dist_115brz8._.js:2431
[42695033ms] [ERROR] Failed to load resource: the server responded with a status of 404 (Not Found) @ http://localhost:3000/admin/verski-turizam:0
[42695897ms] [INFO] %cDownload the React DevTools for a better development experience: https://react.dev/link/react-devtools font-weight:bold @ http://localhost:3000/_next/static/chunks/node_modules_next_dist_115brz8._.js:2431
[42695959ms] [LOG] [HMR] connected @ http://localhost:3000/_next/static/chunks/node_modules_next_dist_115brz8._.js:2431
[42718086ms] [LOG] [Fast Refresh] rebuilding @ http://localhost:3000/_next/static/chunks/node_modules_next_dist_115brz8._.js:2431
[42718283ms] [ERROR] Failed to load resource: the server responded with a status of 404 (Not Found) @ http://localhost:3000/admin/verski-turizam?_rsc=1nkcf:0
[42718292ms] [LOG] [Fast Refresh] done in 296ms @ http://localhost:3000/_next/static/chunks/node_modules_next_dist_115brz8._.js:2431
[42718395ms] [LOG] [Fast Refresh] rebuilding @ http://localhost:3000/_next/static/chunks/node_modules_next_dist_115brz8._.js:2431
[42718406ms] [ERROR] Failed to load resource: the server responded with a status of 404 (Not Found) @ http://localhost:3000/admin/verski-turizam?_rsc=1nkcf:0
[42718425ms] [LOG] [Fast Refresh] done in 130ms @ http://localhost:3000/_next/static/chunks/node_modules_next_dist_115brz8._.js:2431
[42718583ms] [LOG] [Fast Refresh] rebuilding @ http://localhost:3000/_next/static/chunks/node_modules_next_dist_115brz8._.js:2431
[42718696ms] [ERROR] Failed to load resource: the server responded with a status of 404 (Not Found) @ http://localhost:3000/admin/verski-turizam?_rsc=1nkcf:0
[42718841ms] [ERROR] Failed to load resource: the server responded with a status of 404 (Not Found) @ http://localhost:3000/admin/verski-turizam?_rsc=1nkcf:0
[42718981ms] [ERROR] Failed to load resource: the server responded with a status of 404 (Not Found) @ http://localhost:3000/admin/verski-turizam?_rsc=1nkcf:0
[42719019ms] [LOG] [Fast Refresh] done in 537ms @ http://localhost:3000/_next/static/chunks/node_modules_next_dist_115brz8._.js:2431
[42719099ms] [ERROR] Failed to load resource: the server responded with a status of 404 (Not Found) @ http://localhost:3000/admin/verski-turizam:0
[42719646ms] [INFO] %cDownload the React DevTools for a better development experience: https://react.dev/link/react-devtools font-weight:bold @ http://localhost:3000/_next/static/chunks/node_modules_next_dist_115brz8._.js:2431
[42719697ms] [LOG] [HMR] connected @ http://localhost:3000/_next/static/chunks/node_modules_next_dist_115brz8._.js:2431
[42754953ms] [LOG] [Fast Refresh] rebuilding @ http://localhost:3000/_next/static/chunks/node_modules_next_dist_115brz8._.js:2431
[42755027ms] [LOG] [Fast Refresh] done in 174ms @ http://localhost:3000/_next/static/chunks/node_modules_next_dist_115brz8._.js:2431
[42799980ms] [LOG] [Fast Refresh] rebuilding @ http://localhost:3000/_next/static/chunks/node_modules_next_dist_115brz8._.js:2431
[42800030ms] [LOG] [Fast Refresh] done in 154ms @ http://localhost:3000/_next/static/chunks/node_modules_next_dist_115brz8._.js:2431
[42821799ms] [LOG] [Fast Refresh] rebuilding @ http://localhost:3000/_next/static/chunks/node_modules_next_dist_115brz8._.js:2431
[42821998ms] [LOG] [Fast Refresh] done in 280ms @ http://localhost:3000/_next/static/chunks/node_modules_next_dist_115brz8._.js:2431
[42840585ms] [LOG] [Fast Refresh] rebuilding @ http://localhost:3000/_next/static/chunks/node_modules_next_dist_115brz8._.js:2431
[42840696ms] [LOG] [Fast Refresh] done in 203ms @ http://localhost:3000/_next/static/chunks/node_modules_next_dist_115brz8._.js:2431
[42840802ms] [LOG] [Fast Refresh] rebuilding @ http://localhost:3000/_next/static/chunks/node_modules_next_dist_115brz8._.js:2431
[42841028ms] [ERROR] Failed to load resource: the server responded with a status of 404 (Not Found) @ http://localhost:3000/admin/verski-turizam?_rsc=1nkcf:0
[42841049ms] [LOG] [Fast Refresh] done in 351ms @ http://localhost:3000/_next/static/chunks/node_modules_next_dist_115brz8._.js:2431
[42841192ms] [ERROR] Failed to load resource: the server responded with a status of 404 (Not Found) @ http://localhost:3000/admin/verski-turizam?_rsc=1nkcf:0
[42841197ms] [LOG] [Fast Refresh] rebuilding @ http://localhost:3000/_next/static/chunks/node_modules_next_dist_115brz8._.js:2431
[42841332ms] [LOG] [Fast Refresh] done in 241ms @ http://localhost:3000/_next/static/chunks/node_modules_next_dist_115brz8._.js:2431
[42841506ms] [ERROR] Failed to load resource: the server responded with a status of 404 (Not Found) @ http://localhost:3000/admin/verski-turizam:0
[42841644ms] [INFO] %cDownload the React DevTools for a better development experience: https://react.dev/link/react-devtools font-weight:bold @ http://localhost:3000/_next/static/chunks/node_modules_next_dist_115brz8._.js:2431
[42841692ms] [LOG] [HMR] connected @ http://localhost:3000/_next/static/chunks/node_modules_next_dist_115brz8._.js:2431
[42877836ms] [LOG] [Fast Refresh] rebuilding @ http://localhost:3000/_next/static/chunks/node_modules_next_dist_115brz8._.js:2431
[42878013ms] [LOG] [Fast Refresh] done in 266ms @ http://localhost:3000/_next/static/chunks/node_modules_next_dist_115brz8._.js:2431
[42898188ms] [LOG] [Fast Refresh] rebuilding @ http://localhost:3000/_next/static/chunks/node_modules_next_dist_115brz8._.js:2431
[42898684ms] [ERROR] Failed to load resource: the server responded with a status of 404 (Not Found) @ http://localhost:3000/admin/verski-turizam?_rsc=1nkcf:0
[42898709ms] [LOG] [Fast Refresh] done in 371ms @ http://localhost:3000/_next/static/chunks/node_modules_next_dist_115brz8._.js:2431
[42898820ms] [ERROR] Failed to load resource: the server responded with a status of 404 (Not Found) @ http://localhost:3000/admin/verski-turizam?_rsc=1nkcf:0
[42898857ms] [LOG] [Fast Refresh] rebuilding @ http://localhost:3000/_next/static/chunks/node_modules_next_dist_115brz8._.js:2431
[42898882ms] [LOG] [Fast Refresh] done in 132ms @ http://localhost:3000/_next/static/chunks/node_modules_next_dist_115brz8._.js:2431
[42899127ms] [ERROR] Failed to load resource: the server responded with a status of 404 (Not Found) @ http://localhost:3000/admin/verski-turizam:0
[42899534ms] [INFO] %cDownload the React DevTools for a better development experience: https://react.dev/link/react-devtools font-weight:bold @ http://localhost:3000/_next/static/chunks/node_modules_next_dist_115brz8._.js:2431
[42899578ms] [LOG] [HMR] connected @ http://localhost:3000/_next/static/chunks/node_modules_next_dist_115brz8._.js:2431
[42933358ms] [LOG] [Fast Refresh] rebuilding @ http://localhost:3000/_next/static/chunks/node_modules_next_dist_115brz8._.js:2431
[42933572ms] [LOG] [Fast Refresh] done in 280ms @ http://localhost:3000/_next/static/chunks/node_modules_next_dist_115brz8._.js:2431
[42954435ms] [LOG] [Fast Refresh] rebuilding @ http://localhost:3000/_next/static/chunks/node_modules_next_dist_115brz8._.js:2431
[42954844ms] [ERROR] Failed to load resource: the server responded with a status of 404 (Not Found) @ http://localhost:3000/admin/verski-turizam?_rsc=1nkcf:0
[42954870ms] [LOG] [Fast Refresh] done in 269ms @ http://localhost:3000/_next/static/chunks/node_modules_next_dist_115brz8._.js:2431
[42954986ms] [ERROR] Failed to load resource: the server responded with a status of 404 (Not Found) @ http://localhost:3000/admin/verski-turizam?_rsc=1nkcf:0
[42954998ms] [LOG] [Fast Refresh] rebuilding @ http://localhost:3000/_next/static/chunks/node_modules_next_dist_115brz8._.js:2431
[42955064ms] [LOG] [Fast Refresh] done in 167ms @ http://localhost:3000/_next/static/chunks/node_modules_next_dist_115brz8._.js:2431
[42955323ms] [ERROR] Failed to load resource: the server responded with a status of 404 (Not Found) @ http://localhost:3000/admin/verski-turizam:0
[42955746ms] [INFO] %cDownload the React DevTools for a better development experience: https://react.dev/link/react-devtools font-weight:bold @ http://localhost:3000/_next/static/chunks/node_modules_next_dist_115brz8._.js:2431
[42955802ms] [LOG] [HMR] connected @ http://localhost:3000/_next/static/chunks/node_modules_next_dist_115brz8._.js:2431
[43057150ms] [LOG] [Fast Refresh] rebuilding @ http://localhost:3000/_next/static/chunks/node_modules_next_dist_115brz8._.js:2431
[43057327ms] [LOG] [Fast Refresh] done in 251ms @ http://localhost:3000/_next/static/chunks/node_modules_next_dist_115brz8._.js:2431
[43079016ms] [LOG] [Fast Refresh] rebuilding @ http://localhost:3000/_next/static/chunks/node_modules_next_dist_115brz8._.js:2431
[43079050ms] [LOG] [Fast Refresh] done in 140ms @ http://localhost:3000/_next/static/chunks/node_modules_next_dist_115brz8._.js:2431
[43114552ms] [LOG] [Fast Refresh] rebuilding @ http://localhost:3000/_next/static/chunks/node_modules_next_dist_115brz8._.js:2431
[43114966ms] [ERROR] Failed to load resource: the server responded with a status of 404 (Not Found) @ http://localhost:3000/admin/verski-turizam?_rsc=1nkcf:0
[43114992ms] [LOG] [Fast Refresh] done in 388ms @ http://localhost:3000/_next/static/chunks/node_modules_next_dist_115brz8._.js:2431
[43115094ms] [ERROR] Failed to load resource: the server responded with a status of 404 (Not Found) @ http://localhost:3000/admin/verski-turizam?_rsc=1nkcf:0
[43115117ms] [LOG] [Fast Refresh] rebuilding @ http://localhost:3000/_next/static/chunks/node_modules_next_dist_115brz8._.js:2431
[43115165ms] [LOG] [Fast Refresh] done in 148ms @ http://localhost:3000/_next/static/chunks/node_modules_next_dist_115brz8._.js:2431
[43115446ms] [ERROR] Failed to load resource: the server responded with a status of 404 (Not Found) @ http://localhost:3000/admin/verski-turizam:0
[43115805ms] [INFO] %cDownload the React DevTools for a better development experience: https://react.dev/link/react-devtools font-weight:bold @ http://localhost:3000/_next/static/chunks/node_modules_next_dist_115brz8._.js:2431
[43115847ms] [LOG] [HMR] connected @ http://localhost:3000/_next/static/chunks/node_modules_next_dist_115brz8._.js:2431
[43137306ms] [LOG] [Fast Refresh] rebuilding @ http://localhost:3000/_next/static/chunks/node_modules_next_dist_115brz8._.js:2431
[43137757ms] [ERROR] Failed to load resource: the server responded with a status of 404 (Not Found) @ http://localhost:3000/admin/verski-turizam?_rsc=1nkcf:0
[43137789ms] [LOG] [Fast Refresh] done in 310ms @ http://localhost:3000/_next/static/chunks/node_modules_next_dist_115brz8._.js:2431
[43137890ms] [ERROR] Failed to load resource: the server responded with a status of 404 (Not Found) @ http://localhost:3000/admin/verski-turizam?_rsc=1nkcf:0
[43137922ms] [LOG] [Fast Refresh] rebuilding @ http://localhost:3000/_next/static/chunks/node_modules_next_dist_115brz8._.js:2431
[43137960ms] [LOG] [Fast Refresh] done in 141ms @ http://localhost:3000/_next/static/chunks/node_modules_next_dist_115brz8._.js:2431
[43138213ms] [ERROR] Failed to load resource: the server responded with a status of 404 (Not Found) @ http://localhost:3000/admin/verski-turizam:0
[43138601ms] [INFO] %cDownload the React DevTools for a better development experience: https://react.dev/link/react-devtools font-weight:bold @ http://localhost:3000/_next/static/chunks/node_modules_next_dist_115brz8._.js:2431
[43138643ms] [LOG] [HMR] connected @ http://localhost:3000/_next/static/chunks/node_modules_next_dist_115brz8._.js:2431
[43160915ms] [LOG] [Fast Refresh] rebuilding @ http://localhost:3000/_next/static/chunks/node_modules_next_dist_115brz8._.js:2431
[43161346ms] [ERROR] Failed to load resource: the server responded with a status of 404 (Not Found) @ http://localhost:3000/admin/verski-turizam?_rsc=1nkcf:0
[43161377ms] [LOG] [Fast Refresh] done in 397ms @ http://localhost:3000/_next/static/chunks/node_modules_next_dist_115brz8._.js:2431
[43161479ms] [ERROR] Failed to load resource: the server responded with a status of 404 (Not Found) @ http://localhost:3000/admin/verski-turizam?_rsc=1nkcf:0
[43161499ms] [LOG] [Fast Refresh] rebuilding @ http://localhost:3000/_next/static/chunks/node_modules_next_dist_115brz8._.js:2431
[43161545ms] [LOG] [Fast Refresh] done in 148ms @ http://localhost:3000/_next/static/chunks/node_modules_next_dist_115brz8._.js:2431
[43161820ms] [ERROR] Failed to load resource: the server responded with a status of 404 (Not Found) @ http://localhost:3000/admin/verski-turizam:0
[43162172ms] [INFO] %cDownload the React DevTools for a better development experience: https://react.dev/link/react-devtools font-weight:bold @ http://localhost:3000/_next/static/chunks/node_modules_next_dist_115brz8._.js:2431
[43162221ms] [LOG] [HMR] connected @ http://localhost:3000/_next/static/chunks/node_modules_next_dist_115brz8._.js:2431
[43181997ms] [LOG] [Fast Refresh] rebuilding @ http://localhost:3000/_next/static/chunks/node_modules_next_dist_115brz8._.js:2431
[43182448ms] [ERROR] Failed to load resource: the server responded with a status of 404 (Not Found) @ http://localhost:3000/admin/verski-turizam?_rsc=1nkcf:0
[43182471ms] [LOG] [Fast Refresh] done in 404ms @ http://localhost:3000/_next/static/chunks/node_modules_next_dist_115brz8._.js:2431
[43182574ms] [ERROR] Failed to load resource: the server responded with a status of 404 (Not Found) @ http://localhost:3000/admin/verski-turizam?_rsc=1nkcf:0
[43182598ms] [LOG] [Fast Refresh] rebuilding @ http://localhost:3000/_next/static/chunks/node_modules_next_dist_115brz8._.js:2431
[43182813ms] [LOG] [Fast Refresh] done in 314ms @ http://localhost:3000/_next/static/chunks/node_modules_next_dist_115brz8._.js:2431
[43182868ms] [ERROR] Failed to load resource: the server responded with a status of 404 (Not Found) @ http://localhost:3000/admin/verski-turizam:0
[43183259ms] [INFO] %cDownload the React DevTools for a better development experience: https://react.dev/link/react-devtools font-weight:bold @ http://localhost:3000/_next/static/chunks/node_modules_next_dist_115brz8._.js:2431
[43183300ms] [LOG] [HMR] connected @ http://localhost:3000/_next/static/chunks/node_modules_next_dist_115brz8._.js:2431
[43203765ms] [LOG] [Fast Refresh] rebuilding @ http://localhost:3000/_next/static/chunks/node_modules_next_dist_115brz8._.js:2431
[43204189ms] [ERROR] Failed to load resource: the server responded with a status of 404 (Not Found) @ http://localhost:3000/admin/verski-turizam?_rsc=1nkcf:0
[43204217ms] [LOG] [Fast Refresh] done in 403ms @ http://localhost:3000/_next/static/chunks/node_modules_next_dist_115brz8._.js:2431
[43204328ms] [ERROR] Failed to load resource: the server responded with a status of 404 (Not Found) @ http://localhost:3000/admin/verski-turizam?_rsc=1nkcf:0
[43204355ms] [LOG] [Fast Refresh] rebuilding @ http://localhost:3000/_next/static/chunks/node_modules_next_dist_115brz8._.js:2431
[43204406ms] [LOG] [Fast Refresh] done in 154ms @ http://localhost:3000/_next/static/chunks/node_modules_next_dist_115brz8._.js:2431
[43204672ms] [ERROR] Failed to load resource: the server responded with a status of 404 (Not Found) @ http://localhost:3000/admin/verski-turizam:0
[43204987ms] [INFO] %cDownload the React DevTools for a better development experience: https://react.dev/link/react-devtools font-weight:bold @ http://localhost:3000/_next/static/chunks/node_modules_next_dist_115brz8._.js:2431
[43205033ms] [LOG] [HMR] connected @ http://localhost:3000/_next/static/chunks/node_modules_next_dist_115brz8._.js:2431
[43231828ms] [LOG] [Fast Refresh] rebuilding @ http://localhost:3000/_next/static/chunks/node_modules_next_dist_115brz8._.js:2431
[43232707ms] [LOG] [Fast Refresh] done in 977ms @ http://localhost:3000/_next/static/chunks/node_modules_next_dist_115brz8._.js:2431
[43232735ms] [ERROR] Failed to load resource: the server responded with a status of 404 (Not Found) @ http://localhost:3000/admin/verski-turizam?_rsc=1nkcf:0
[43232843ms] [ERROR] Failed to load resource: the server responded with a status of 404 (Not Found) @ http://localhost:3000/admin/verski-turizam?_rsc=1nkcf:0
[43232963ms] [LOG] [Fast Refresh] rebuilding @ http://localhost:3000/_next/static/chunks/node_modules_next_dist_115brz8._.js:2431
[43232982ms] [LOG] [Fast Refresh] done in 123ms @ http://localhost:3000/_next/static/chunks/node_modules_next_dist_115brz8._.js:2431
[43233057ms] [ERROR] Failed to load resource: the server responded with a status of 404 (Not Found) @ http://localhost:3000/admin/verski-turizam:0
[43233454ms] [INFO] %cDownload the React DevTools for a better development experience: https://react.dev/link/react-devtools font-weight:bold @ http://localhost:3000/_next/static/chunks/node_modules_next_dist_115brz8._.js:2431
[43233492ms] [LOG] [HMR] connected @ http://localhost:3000/_next/static/chunks/node_modules_next_dist_115brz8._.js:2431
[43297346ms] [LOG] [Fast Refresh] rebuilding @ http://localhost:3000/_next/static/chunks/node_modules_next_dist_115brz8._.js:2431
[43297406ms] [WARNING] [Fast Refresh] performing full reload

Fast Refresh will perform a full reload when you edit a file that's imported by modules outside of the React rendering tree.
You might have a file which exports a React component but also exports a value that is imported by a non-React component file.
Consider migrating the non-React component export to a separate file and importing it into both files.

It is also possible the parent component of the component you edited is a class component, which disables Fast Refresh.
Fast Refresh requires at least one parent function component in your React tree. @ http://localhost:3000/_next/static/chunks/node_modules_next_dist_115brz8._.js:2431
[43297461ms] [LOG] [Fast Refresh] done in 160ms @ http://localhost:3000/_next/static/chunks/node_modules_next_dist_115brz8._.js:2431
[43297596ms] [LOG] [Fast Refresh] rebuilding @ http://localhost:3000/_next/static/chunks/node_modules_next_dist_115brz8._.js:2431
[43297831ms] [ERROR] Failed to load resource: the server responded with a status of 404 (Not Found) @ http://localhost:3000/admin/verski-turizam?_rsc=1nkcf:0
[43297861ms] [LOG] [Fast Refresh] done in 374ms @ http://localhost:3000/_next/static/chunks/node_modules_next_dist_115brz8._.js:2431
[43298019ms] [LOG] [Fast Refresh] rebuilding @ http://localhost:3000/_next/static/chunks/node_modules_next_dist_115brz8._.js:2431
[43298231ms] [LOG] [Fast Refresh] done in 315ms @ http://localhost:3000/_next/static/chunks/node_modules_next_dist_115brz8._.js:2431
[43298249ms] [ERROR] Failed to load resource: the server responded with a status of 404 (Not Found) @ http://localhost:3000/admin/verski-turizam:0
[43298356ms] [INFO] %cDownload the React DevTools for a better development experience: https://react.dev/link/react-devtools font-weight:bold @ http://localhost:3000/_next/static/chunks/node_modules_next_dist_115brz8._.js:2431
[43298403ms] [LOG] [HMR] connected @ http://localhost:3000/_next/static/chunks/node_modules_next_dist_115brz8._.js:2431
[43321114ms] [LOG] [Fast Refresh] rebuilding @ http://localhost:3000/_next/static/chunks/node_modules_next_dist_115brz8._.js:2431
[43321199ms] [WARNING] [Fast Refresh] performing full reload

Fast Refresh will perform a full reload when you edit a file that's imported by modules outside of the React rendering tree.
You might have a file which exports a React component but also exports a value that is imported by a non-React component file.
Consider migrating the non-React component export to a separate file and importing it into both files.

It is also possible the parent component of the component you edited is a class component, which disables Fast Refresh.
Fast Refresh requires at least one parent function component in your React tree. @ http://localhost:3000/_next/static/chunks/node_modules_next_dist_115brz8._.js:2431
[43321202ms] [LOG] [Fast Refresh] done in 187ms @ http://localhost:3000/_next/static/chunks/node_modules_next_dist_115brz8._.js:2431
[43321431ms] [LOG] [Fast Refresh] rebuilding @ http://localhost:3000/_next/static/chunks/node_modules_next_dist_115brz8._.js:2431
[43321674ms] [ERROR] Failed to load resource: the server responded with a status of 404 (Not Found) @ http://localhost:3000/admin/verski-turizam?_rsc=1nkcf:0
[43321699ms] [LOG] [Fast Refresh] done in 371ms @ http://localhost:3000/_next/static/chunks/node_modules_next_dist_115brz8._.js:2431
[43321843ms] [LOG] [Fast Refresh] rebuilding @ http://localhost:3000/_next/static/chunks/node_modules_next_dist_115brz8._.js:2431
[43321948ms] [LOG] [Fast Refresh] done in 211ms @ http://localhost:3000/_next/static/chunks/node_modules_next_dist_115brz8._.js:2431
[43321970ms] [ERROR] Failed to load resource: the server responded with a status of 404 (Not Found) @ http://localhost:3000/admin/verski-turizam:0
[43322115ms] [INFO] %cDownload the React DevTools for a better development experience: https://react.dev/link/react-devtools font-weight:bold @ http://localhost:3000/_next/static/chunks/node_modules_next_dist_115brz8._.js:2431
[43322165ms] [LOG] [HMR] connected @ http://localhost:3000/_next/static/chunks/node_modules_next_dist_115brz8._.js:2431
[43365413ms] [LOG] [Fast Refresh] rebuilding @ http://localhost:3000/_next/static/chunks/node_modules_next_dist_115brz8._.js:2431
[43365463ms] [LOG] [Fast Refresh] done in 154ms @ http://localhost:3000/_next/static/chunks/node_modules_next_dist_115brz8._.js:2431
[43392032ms] [LOG] [Fast Refresh] rebuilding @ http://localhost:3000/_next/static/chunks/node_modules_next_dist_115brz8._.js:2431
[43392096ms] [LOG] [Fast Refresh] done in 169ms @ http://localhost:3000/_next/static/chunks/node_modules_next_dist_115brz8._.js:2431
[43493965ms] [LOG] [Fast Refresh] rebuilding @ http://localhost:3000/_next/static/chunks/node_modules_next_dist_115brz8._.js:2431
[43494031ms] [LOG] [Fast Refresh] done in 167ms @ http://localhost:3000/_next/static/chunks/node_modules_next_dist_115brz8._.js:2431
[43494199ms] [LOG] [Fast Refresh] rebuilding @ http://localhost:3000/_next/static/chunks/node_modules_next_dist_115brz8._.js:2431
[43494379ms] [ERROR] Failed to load resource: the server responded with a status of 404 (Not Found) @ http://localhost:3000/admin/verski-turizam?_rsc=1nkcf:0
[43494406ms] [LOG] [Fast Refresh] done in 314ms @ http://localhost:3000/_next/static/chunks/node_modules_next_dist_115brz8._.js:2431
[43494552ms] [LOG] [Fast Refresh] rebuilding @ http://localhost:3000/_next/static/chunks/node_modules_next_dist_115brz8._.js:2431
[43494640ms] [LOG] [Fast Refresh] done in 191ms @ http://localhost:3000/_next/static/chunks/node_modules_next_dist_115brz8._.js:2431
[43494666ms] [ERROR] Failed to load resource: the server responded with a status of 404 (Not Found) @ http://localhost:3000/admin/verski-turizam:0
[43494781ms] [INFO] %cDownload the React DevTools for a better development experience: https://react.dev/link/react-devtools font-weight:bold @ http://localhost:3000/_next/static/chunks/node_modules_next_dist_115brz8._.js:2431
[43494822ms] [LOG] [HMR] connected @ http://localhost:3000/_next/static/chunks/node_modules_next_dist_115brz8._.js:2431
[43676386ms] [LOG] [Fast Refresh] rebuilding @ http://localhost:3000/_next/static/chunks/node_modules_next_dist_115brz8._.js:2431
[43677012ms] [LOG] [Fast Refresh] done in 740ms @ http://localhost:3000/_next/static/chunks/node_modules_next_dist_115brz8._.js:2431
[43702014ms] [LOG] [Fast Refresh] rebuilding @ http://localhost:3000/_next/static/chunks/node_modules_next_dist_115brz8._.js:2431
[43705967ms] [LOG] [Fast Refresh] done in 4058ms @ http://localhost:3000/_next/static/chunks/node_modules_next_dist_115brz8._.js:2431
[43728384ms] [LOG] [Fast Refresh] rebuilding @ http://localhost:3000/_next/static/chunks/node_modules_next_dist_115brz8._.js:2431
[43729950ms] [LOG] [Fast Refresh] done in 1677ms @ http://localhost:3000/_next/static/chunks/node_modules_next_dist_115brz8._.js:2431
[43730169ms] [LOG] [Fast Refresh] rebuilding @ http://localhost:3000/_next/static/chunks/node_modules_next_dist_115brz8._.js:2431
[43731361ms] [LOG] [Fast Refresh] done in 1293ms @ http://localhost:3000/_next/static/chunks/node_modules_next_dist_115brz8._.js:2431
[43731497ms] [LOG] [Fast Refresh] rebuilding @ http://localhost:3000/_next/static/chunks/node_modules_next_dist_115brz8._.js:2431
[43733203ms] [LOG] [Fast Refresh] done in 1808ms @ http://localhost:3000/_next/static/chunks/node_modules_next_dist_115brz8._.js:2431
[43786537ms] [LOG] [Fast Refresh] rebuilding @ http://localhost:3000/_next/static/chunks/node_modules_next_dist_115brz8._.js:2431
[43786808ms] [LOG] [Fast Refresh] done in 382ms @ http://localhost:3000/_next/static/chunks/node_modules_next_dist_115brz8._.js:2431
[43786943ms] [LOG] [Fast Refresh] rebuilding @ http://localhost:3000/_next/static/chunks/node_modules_next_dist_115brz8._.js:2431
[43787100ms] [LOG] [Fast Refresh] done in 267ms @ http://localhost:3000/_next/static/chunks/node_modules_next_dist_115brz8._.js:2431
[43787227ms] [LOG] [Fast Refresh] rebuilding @ http://localhost:3000/_next/static/chunks/node_modules_next_dist_115brz8._.js:2431
[43788832ms] [LOG] [Fast Refresh] done in 1705ms @ http://localhost:3000/_next/static/chunks/node_modules_next_dist_115brz8._.js:2431
[43928193ms] [LOG] [Fast Refresh] rebuilding @ http://localhost:3000/_next/static/chunks/node_modules_next_dist_115brz8._.js:2431
[43928343ms] [LOG] [Fast Refresh] done in 247ms @ http://localhost:3000/_next/static/chunks/node_modules_next_dist_115brz8._.js:2431
[43928573ms] [LOG] [Fast Refresh] rebuilding @ http://localhost:3000/_next/static/chunks/node_modules_next_dist_115brz8._.js:2431
[43928734ms] [ERROR] Failed to load resource: the server responded with a status of 404 (Not Found) @ http://localhost:3000/admin/verski-turizam?_rsc=1nkcf:0
[43928765ms] [LOG] [Fast Refresh] done in 304ms @ http://localhost:3000/_next/static/chunks/node_modules_next_dist_115brz8._.js:2431
[43929088ms] [LOG] [Fast Refresh] rebuilding @ http://localhost:3000/_next/static/chunks/node_modules_next_dist_115brz8._.js:2431
[43930118ms] [LOG] [Fast Refresh] done in 1136ms @ http://localhost:3000/_next/static/chunks/node_modules_next_dist_115brz8._.js:2431
[43930175ms] [ERROR] Failed to load resource: the server responded with a status of 404 (Not Found) @ http://localhost:3000/admin/verski-turizam:0
[43930335ms] [INFO] %cDownload the React DevTools for a better development experience: https://react.dev/link/react-devtools font-weight:bold @ http://localhost:3000/_next/static/chunks/node_modules_next_dist_115brz8._.js:2431
[43930367ms] [LOG] [HMR] connected @ http://localhost:3000/_next/static/chunks/node_modules_next_dist_115brz8._.js:2431
[43977941ms] [LOG] [Fast Refresh] rebuilding @ http://localhost:3000/_next/static/chunks/node_modules_next_dist_115brz8._.js:2431
[43978305ms] [LOG] [Fast Refresh] done in 467ms @ http://localhost:3000/_next/static/chunks/node_modules_next_dist_115brz8._.js:2431
[43978447ms] [LOG] [Fast Refresh] rebuilding @ http://localhost:3000/_next/static/chunks/node_modules_next_dist_115brz8._.js:2431
[43978841ms] [LOG] [Fast Refresh] done in 496ms @ http://localhost:3000/_next/static/chunks/node_modules_next_dist_115brz8._.js:2431
[44350121ms] [LOG] [Fast Refresh] rebuilding @ http://localhost:3000/_next/static/chunks/node_modules_next_dist_115brz8._.js:2431
[44350152ms] [LOG] [Fast Refresh] done in 137ms @ http://localhost:3000/_next/static/chunks/node_modules_next_dist_115brz8._.js:2431
[44350311ms] [LOG] [Fast Refresh] rebuilding @ http://localhost:3000/_next/static/chunks/node_modules_next_dist_115brz8._.js:2431
[44350338ms] [LOG] [Fast Refresh] done in 131ms @ http://localhost:3000/_next/static/chunks/node_modules_next_dist_115brz8._.js:2431
[44350556ms] [LOG] [Fast Refresh] rebuilding @ http://localhost:3000/_next/static/chunks/node_modules_next_dist_115brz8._.js:2431
[44350736ms] [LOG] [Fast Refresh] done in 290ms @ http://localhost:3000/_next/static/chunks/node_modules_next_dist_115brz8._.js:2431
[44350853ms] [LOG] [Fast Refresh] rebuilding @ http://localhost:3000/_next/static/chunks/node_modules_next_dist_115brz8._.js:2431
[44350886ms] [LOG] [Fast Refresh] done in 149ms @ http://localhost:3000/_next/static/chunks/node_modules_next_dist_115brz8._.js:2431
[44351058ms] [LOG] [Fast Refresh] rebuilding @ http://localhost:3000/_next/static/chunks/node_modules_next_dist_115brz8._.js:2431
[44351357ms] [LOG] [Fast Refresh] done in 402ms @ http://localhost:3000/_next/static/chunks/node_modules_next_dist_115brz8._.js:2431
[44363439ms] [LOG] [Fast Refresh] rebuilding @ http://localhost:3000/_next/static/chunks/node_modules_next_dist_115brz8._.js:2431
[44363456ms] [LOG] [Fast Refresh] done in 121ms @ http://localhost:3000/_next/static/chunks/node_modules_next_dist_115brz8._.js:2431
[44364671ms] [LOG] [Fast Refresh] rebuilding @ http://localhost:3000/_next/static/chunks/node_modules_next_dist_115brz8._.js:2431
[44364689ms] [LOG] [Fast Refresh] done in 128ms @ http://localhost:3000/_next/static/chunks/node_modules_next_dist_115brz8._.js:2431
[44590427ms] [LOG] [Fast Refresh] rebuilding @ http://localhost:3000/_next/static/chunks/node_modules_next_dist_115brz8._.js:2431
[44590505ms] [LOG] [Fast Refresh] done in 188ms @ http://localhost:3000/_next/static/chunks/node_modules_next_dist_115brz8._.js:2431
[44590681ms] [LOG] [Fast Refresh] rebuilding @ http://localhost:3000/_next/static/chunks/node_modules_next_dist_115brz8._.js:2431
[44590838ms] [ERROR] Failed to load resource: the server responded with a status of 404 (Not Found) @ http://localhost:3000/admin/verski-turizam?_rsc=1nkcf:0
[44590862ms] [LOG] [Fast Refresh] done in 292ms @ http://localhost:3000/_next/static/chunks/node_modules_next_dist_115brz8._.js:2431
[44590996ms] [LOG] [Fast Refresh] rebuilding @ http://localhost:3000/_next/static/chunks/node_modules_next_dist_115brz8._.js:2431
[44591820ms] [LOG] [Fast Refresh] done in 930ms @ http://localhost:3000/_next/static/chunks/node_modules_next_dist_115brz8._.js:2431
[44591926ms] [LOG] [Fast Refresh] rebuilding @ http://localhost:3000/_next/static/chunks/node_modules_next_dist_115brz8._.js:2431
[44592182ms] [LOG] [Fast Refresh] done in 361ms @ http://localhost:3000/_next/static/chunks/node_modules_next_dist_115brz8._.js:2431
[44592302ms] [ERROR] Failed to load resource: the server responded with a status of 404 (Not Found) @ http://localhost:3000/admin/verski-turizam:0
[44592893ms] [INFO] %cDownload the React DevTools for a better development experience: https://react.dev/link/react-devtools font-weight:bold @ http://localhost:3000/_next/static/chunks/node_modules_next_dist_115brz8._.js:2431
[44592952ms] [LOG] [HMR] connected @ http://localhost:3000/_next/static/chunks/node_modules_next_dist_115brz8._.js:2431
[44600671ms] [LOG] [Fast Refresh] rebuilding @ http://localhost:3000/_next/static/chunks/node_modules_next_dist_115brz8._.js:2431
[44601005ms] [ERROR] ./src/app/[locale]/page.tsx:3:1
Module not found: Can't resolve '@/components/store/HomePage'
  1 | import type { Metadata } from "next";
  2 | import { notFound } from "next/navigation";
> 3 | import { HomePage } from "@/components/store/HomePage";
    | ^^^^^^^^^^^^^^^^^^^^^^^^^^^^^^^^^^^^^^^^^^^^^^^^^^^^^^^
  4 | import { getDictionary } from "@/i18n/dictionaries";
  5 | import { isLocale } from "@/i18n/config";
  6 |

Import map: aliased to relative './src/components/store/HomePage' inside of [project]/

https://nextjs.org/docs/messages/module-not-found @ http://localhost:3000/_next/static/chunks/node_modules_next_dist_115brz8._.js:3272
[44601180ms] [ERROR] ./src/app/[locale]/page.tsx:3:1
Module not found: Can't resolve '@/components/store/HomePage'
  1 | import type { Metadata } from "next";
  2 | import { notFound } from "next/navigation";
> 3 | import { HomePage } from "@/components/store/HomePage";
    | ^^^^^^^^^^^^^^^^^^^^^^^^^^^^^^^^^^^^^^^^^^^^^^^^^^^^^^^
  4 | import { getDictionary } from "@/i18n/dictionaries";
  5 | import { isLocale } from "@/i18n/config";
  6 |

Import map: aliased to relative './src/components/store/HomePage' inside of [project]/

https://nextjs.org/docs/messages/module-not-found @ http://localhost:3000/_next/static/chunks/node_modules_next_dist_115brz8._.js:3272
[44601182ms] [ERROR] Failed to load resource: the server responded with a status of 500 (Internal Server Error) @ http://localhost:3000/admin/verski-turizam?_rsc=1nkcf:0
[44601234ms] [ERROR] ./src/app/[locale]/page.tsx:3:1
Module not found: Can't resolve '@/components/store/HomePage'
  1 | import type { Metadata } from "next";
  2 | import { notFound } from "next/navigation";
> 3 | import { HomePage } from "@/components/store/HomePage";
    | ^^^^^^^^^^^^^^^^^^^^^^^^^^^^^^^^^^^^^^^^^^^^^^^^^^^^^^^
  4 | import { getDictionary } from "@/i18n/dictionaries";
  5 | import { isLocale } from "@/i18n/config";
  6 |

Import map: aliased to relative './src/components/store/HomePage' inside of [project]/

https://nextjs.org/docs/messages/module-not-found @ http://localhost:3000/_next/static/chunks/node_modules_next_dist_115brz8._.js:3272
[44601311ms] [ERROR] Failed to load resource: the server responded with a status of 500 (Internal Server Error) @ http://localhost:3000/admin/verski-turizam?_rsc=1nkcf:0
[44601366ms] [LOG] [Fast Refresh] rebuilding @ http://localhost:3000/_next/static/chunks/node_modules_next_dist_115brz8._.js:2431
[44601367ms] [ERROR] ./src/app/[locale]/page.tsx:3:1
Module not found: Can't resolve '@/components/store/HomePage'
  1 | import type { Metadata } from "next";
  2 | import { notFound } from "next/navigation";
> 3 | import { HomePage } from "@/components/store/HomePage";
    | ^^^^^^^^^^^^^^^^^^^^^^^^^^^^^^^^^^^^^^^^^^^^^^^^^^^^^^^
  4 | import { getDictionary } from "@/i18n/dictionaries";
  5 | import { isLocale } from "@/i18n/config";
  6 |

Import map: aliased to relative './src/components/store/HomePage' inside of [project]/

https://nextjs.org/docs/messages/module-not-found @ http://localhost:3000/_next/static/chunks/node_modules_next_dist_115brz8._.js:3272
[44601373ms] [ERROR] Failed to load resource: the server responded with a status of 500 (Internal Server Error) @ http://localhost:3000/admin/verski-turizam:0
[44601859ms] [INFO] %cDownload the React DevTools for a better development experience: https://react.dev/link/react-devtools font-weight:bold @ http://localhost:3000/_next/static/chunks/node_modules_react-dom_0bruynb._.js:15305
[44601957ms] Error: ./src/app/[locale]/page.tsx:3:1
Module not found: Can't resolve '@/components/store/HomePage'
  1 | import type { Metadata } from "next";
  2 | import { notFound } from "next/navigation";
> 3 | import { HomePage } from "@/components/store/HomePage";
    | ^^^^^^^^^^^^^^^^^^^^^^^^^^^^^^^^^^^^^^^^^^^^^^^^^^^^^^^
  4 | import { getDictionary } from "@/i18n/dictionaries";
  5 | import { isLocale } from "@/i18n/config";
  6 |

Import map: aliased to relative './src/components/store/HomePage' inside of [project]/


https://nextjs.org/docs/messages/module-not-found


    at <unknown> (Error: ./src/app/[locale]/page.tsx:3:1)
    at <unknown> (https://nextjs.org/docs/messages/module-not-found)
    at Object.getCompilationErrors (file://C:\Users\admin\Desktop\monte-z\node_modules\next\dist\server\dev\hot-reloader-turbopack.js:1186:59)
    at DevBundlerService.getCompilationError (file://C:\Users\admin\Desktop\monte-z\node_modules\next\dist\server\lib\dev-bundler-service.js:44:55)
    at DevServer.getCompilationError (file://C:\Users\admin\Desktop\monte-z\node_modules\next\dist\server\dev\next-dev-server.js:719:42)
    at DevServer.findPageComponents (file://C:\Users\admin\Desktop\monte-z\node_modules\next\dist\server\dev\next-dev-server.js:689:43)
    at async DevServer.renderErrorToResponseImpl (file://C:\Users\admin\Desktop\monte-z\node_modules\next\dist\server\base-server.js:1686:30)
[44601957ms] [LOG] [HMR] connected @ http://localhost:3000/_next/static/chunks/node_modules_next_dist_0u_w_5s._.js:1226
[44602056ms] [ERROR] ./src/app/[locale]/page.tsx:3:1
Module not found: Can't resolve '@/components/store/HomePage'
  1 | import type { Metadata } from "next";
  2 | import { notFound } from "next/navigation";
> 3 | import { HomePage } from "@/components/store/HomePage";
    | ^^^^^^^^^^^^^^^^^^^^^^^^^^^^^^^^^^^^^^^^^^^^^^^^^^^^^^^
  4 | import { getDictionary } from "@/i18n/dictionaries";
  5 | import { isLocale } from "@/i18n/config";
  6 |

Import map: aliased to relative './src/components/store/HomePage' inside of [project]/

https://nextjs.org/docs/messages/module-not-found @ http://localhost:3000/_next/static/chunks/node_modules_next_dist_0u_w_5s._.js:1945
[44602075ms] [LOG] [Fast Refresh] rebuilding @ http://localhost:3000/_next/static/chunks/node_modules_next_dist_0u_w_5s._.js:1226
[44602104ms] [ERROR] ./src/app/[locale]/page.tsx:3:1
Module not found: Can't resolve '@/components/store/HomePage'
  1 | import type { Metadata } from "next";
  2 | import { notFound } from "next/navigation";
> 3 | import { HomePage } from "@/components/store/HomePage";
    | ^^^^^^^^^^^^^^^^^^^^^^^^^^^^^^^^^^^^^^^^^^^^^^^^^^^^^^^
  4 | import { getDictionary } from "@/i18n/dictionaries";
  5 | import { isLocale } from "@/i18n/config";
  6 |

Import map: aliased to relative './src/components/store/HomePage' inside of [project]/

https://nextjs.org/docs/messages/module-not-found @ http://localhost:3000/_next/static/chunks/node_modules_next_dist_0u_w_5s._.js:1945
[44602251ms] [ERROR] ./src/app/[locale]/page.tsx:3:1
Module not found: Can't resolve '@/components/store/HomePage'
  1 | import type { Metadata } from "next";
  2 | import { notFound } from "next/navigation";
> 3 | import { HomePage } from "@/components/store/HomePage";
    | ^^^^^^^^^^^^^^^^^^^^^^^^^^^^^^^^^^^^^^^^^^^^^^^^^^^^^^^
  4 | import { getDictionary } from "@/i18n/dictionaries";
  5 | import { isLocale } from "@/i18n/config";
  6 |

Import map: aliased to relative './src/components/store/HomePage' inside of [project]/

https://nextjs.org/docs/messages/module-not-found @ http://localhost:3000/_next/static/chunks/node_modules_next_dist_0u_w_5s._.js:1945
[44602264ms] [LOG] [Fast Refresh] rebuilding @ http://localhost:3000/_next/static/chunks/node_modules_next_dist_0u_w_5s._.js:1226
[44602652ms] [LOG] [Fast Refresh] rebuilding @ http://localhost:3000/_next/static/chunks/node_modules_next_dist_0u_w_5s._.js:1226
[44602654ms] [ERROR] ./src/app/[locale]/page.tsx:3:1
Module not found: Can't resolve '@/components/store/HomePage'
  1 | import type { Metadata } from "next";
  2 | import { notFound } from "next/navigation";
> 3 | import { HomePage } from "@/components/store/HomePage";
    | ^^^^^^^^^^^^^^^^^^^^^^^^^^^^^^^^^^^^^^^^^^^^^^^^^^^^^^^
  4 | import { getDictionary } from "@/i18n/dictionaries";
  5 | import { isLocale } from "@/i18n/config";
  6 |

Import map: aliased to relative './src/components/store/HomePage' inside of [project]/

https://nextjs.org/docs/messages/module-not-found @ http://localhost:3000/_next/static/chunks/node_modules_next_dist_0u_w_5s._.js:1945
[44603345ms] [ERROR] ./src/app/[locale]/page.tsx:3:1
Module not found: Can't resolve '@/components/store/HomePage'
  1 | import type { Metadata } from "next";
  2 | import { notFound } from "next/navigation";
> 3 | import { HomePage } from "@/components/store/HomePage";
    | ^^^^^^^^^^^^^^^^^^^^^^^^^^^^^^^^^^^^^^^^^^^^^^^^^^^^^^^
  4 | import { getDictionary } from "@/i18n/dictionaries";
  5 | import { isLocale } from "@/i18n/config";
  6 |

Import map: aliased to relative './src/components/store/HomePage' inside of [project]/

https://nextjs.org/docs/messages/module-not-found @ http://localhost:3000/_next/static/chunks/node_modules_next_dist_0u_w_5s._.js:1945
[44603406ms] [LOG] [Fast Refresh] rebuilding @ http://localhost:3000/_next/static/chunks/node_modules_next_dist_0u_w_5s._.js:1226
[44603440ms] [ERROR] ./src/app/[locale]/page.tsx:3:1
Module not found: Can't resolve '@/components/store/HomePage'
  1 | import type { Metadata } from "next";
  2 | import { notFound } from "next/navigation";
> 3 | import { HomePage } from "@/components/store/HomePage";
    | ^^^^^^^^^^^^^^^^^^^^^^^^^^^^^^^^^^^^^^^^^^^^^^^^^^^^^^^
  4 | import { getDictionary } from "@/i18n/dictionaries";
  5 | import { isLocale } from "@/i18n/config";
  6 |

Import map: aliased to relative './src/components/store/HomePage' inside of [project]/

https://nextjs.org/docs/messages/module-not-found @ http://localhost:3000/_next/static/chunks/node_modules_next_dist_0u_w_5s._.js:1945
[44603518ms] [LOG] [Fast Refresh] rebuilding @ http://localhost:3000/_next/static/chunks/node_modules_next_dist_0u_w_5s._.js:1226
[44615192ms] [LOG] [Fast Refresh] rebuilding @ http://localhost:3000/_next/static/chunks/node_modules_next_dist_0u_w_5s._.js:1226
[44617308ms] [LOG] [Fast Refresh] done in 2219ms @ http://localhost:3000/_next/static/chunks/node_modules_next_dist_0u_w_5s._.js:1226
[44618079ms] [LOG] [Fast Refresh] rebuilding @ http://localhost:3000/_next/static/chunks/node_modules_next_dist_0u_w_5s._.js:1226
[44618761ms] [LOG] [Fast Refresh] done in 786ms @ http://localhost:3000/_next/static/chunks/node_modules_next_dist_0u_w_5s._.js:1226
[44618867ms] [LOG] [Fast Refresh] rebuilding @ http://localhost:3000/_next/static/chunks/node_modules_next_dist_0u_w_5s._.js:1226
[44619789ms] [LOG] [Fast Refresh] done in 1026ms @ http://localhost:3000/_next/static/chunks/node_modules_next_dist_0u_w_5s._.js:1226
[44624736ms] [ERROR] Failed to load resource: the server responded with a status of 404 (Not Found) @ http://localhost:3000/admin/verski-turizam:0
[44625429ms] [INFO] %cDownload the React DevTools for a better development experience: https://react.dev/link/react-devtools font-weight:bold @ http://localhost:3000/_next/static/chunks/node_modules_next_dist_115brz8._.js:2431
[44625485ms] [LOG] [HMR] connected @ http://localhost:3000/_next/static/chunks/node_modules_next_dist_115brz8._.js:2431
[44627278ms] [LOG] [Fast Refresh] rebuilding @ http://localhost:3000/_next/static/chunks/node_modules_next_dist_115brz8._.js:2431
[44627457ms] [LOG] [Fast Refresh] done in 280ms @ http://localhost:3000/_next/static/chunks/node_modules_next_dist_115brz8._.js:2431
[44639979ms] [LOG] [Fast Refresh] rebuilding @ http://localhost:3000/_next/static/chunks/node_modules_next_dist_115brz8._.js:2431
[44640322ms] [ERROR] ./src/components/layout/MobileNavbar.tsx:6:1
Module not found: Can't resolve '@/data/navItems'
  4 | import Link from "next/link";
  5 | import { Heart, Menu, Search, ShoppingBag, User, X } from "lucide-react";
> 6 | import { navItems } from "@/data/navItems";
    | ^^^^^^^^^^^^^^^^^^^^^^^^^^^^^^^^^^^^^^^^^^^
  7 | import { useState } from "react";
  8 |
  9 | type MobileNavbarProps = {

Import map: aliased to relative './src/data/navItems' inside of [project]/

Import traces:
  Client Component Browser:
    ./src/components/layout/MobileNavbar.tsx [Client Component Browser]
    ./src/components/layout/Navbar.tsx [Client Component Browser]
    ./src/components/layout/Navbar.tsx [Server Component]
    ./src/components/store/HomePage.tsx [Server Component]
    ./src/app/[locale]/page.tsx [Server Component]

  Client Component SSR:
    ./src/components/layout/MobileNavbar.tsx [Client Component SSR]
    ./src/components/layout/Navbar.tsx [Client Component SSR]
    ./src/components/layout/Navbar.tsx [Server Component]
    ./src/components/store/HomePage.tsx [Server Component]
    ./src/app/[locale]/page.tsx [Server Component]

https://nextjs.org/docs/messages/module-not-found @ http://localhost:3000/_next/static/chunks/node_modules_next_dist_115brz8._.js:3272
[44640323ms] [ERROR] ./src/components/layout/Navbar.tsx:8:1
Module not found: Can't resolve '@/data/navItems'
   6 | import { motion } from "motion/react";
   7 | import { MobileNavbar } from "@/components/layout/MobileNavbar";
>  8 | import { navItems } from "@/data/navItems";
     | ^^^^^^^^^^^^^^^^^^^^^^^^^^^^^^^^^^^^^^^^^^^
   9 |
  10 | const iconButtonClass =
  11 |   "relative flex size-11 items-center justify-center rounded-2xl text-white trans...

Import map: aliased to relative './src/data/navItems' inside of [project]/

Import trace:
  Server Component:
    ./src/components/layout/Navbar.tsx
    ./src/components/store/HomePage.tsx
    ./src/app/[locale]/page.tsx

https://nextjs.org/docs/messages/module-not-found @ http://localhost:3000/_next/static/chunks/node_modules_next_dist_115brz8._.js:3272
[44640530ms] [ERROR] ./src/components/layout/MobileNavbar.tsx:6:1
Module not found: Can't resolve '@/data/navItems'
  4 | import Link from "next/link";
  5 | import { Heart, Menu, Search, ShoppingBag, User, X } from "lucide-react";
> 6 | import { navItems } from "@/data/navItems";
    | ^^^^^^^^^^^^^^^^^^^^^^^^^^^^^^^^^^^^^^^^^^^
  7 | import { useState } from "react";
  8 |
  9 | type MobileNavbarProps = {

Import map: aliased to relative './src/data/navItems' inside of [project]/

Import traces:
  Client Component Browser:
    ./src/components/layout/MobileNavbar.tsx [Client Component Browser]
    ./src/components/layout/Navbar.tsx [Client Component Browser]
    ./src/components/layout/Navbar.tsx [Server Component]
    ./src/components/store/HomePage.tsx [Server Component]
    ./src/app/[locale]/page.tsx [Server Component]

  Client Component SSR:
    ./src/components/layout/MobileNavbar.tsx [Client Component SSR]
    ./src/components/layout/Navbar.tsx [Client Component SSR]
    ./src/components/layout/Navbar.tsx [Server Component]
    ./src/components/store/HomePage.tsx [Server Component]
    ./src/app/[locale]/page.tsx [Server Component]

https://nextjs.org/docs/messages/module-not-found @ http://localhost:3000/_next/static/chunks/node_modules_next_dist_115brz8._.js:3272
[44640530ms] [ERROR] ./src/components/layout/Navbar.tsx:8:1
Module not found: Can't resolve '@/data/navItems'
   6 | import { motion } from "motion/react";
   7 | import { MobileNavbar } from "@/components/layout/MobileNavbar";
>  8 | import { navItems } from "@/data/navItems";
     | ^^^^^^^^^^^^^^^^^^^^^^^^^^^^^^^^^^^^^^^^^^^
   9 |
  10 | const iconButtonClass =
  11 |   "relative flex size-11 items-center justify-center rounded-2xl text-white trans...

Import map: aliased to relative './src/data/navItems' inside of [project]/

Import trace:
  Server Component:
    ./src/components/layout/Navbar.tsx
    ./src/components/store/HomePage.tsx
    ./src/app/[locale]/page.tsx

https://nextjs.org/docs/messages/module-not-found @ http://localhost:3000/_next/static/chunks/node_modules_next_dist_115brz8._.js:3272
[44640531ms] [ERROR] Failed to load resource: the server responded with a status of 500 (Internal Server Error) @ http://localhost:3000/admin/verski-turizam?_rsc=1nkcf:0
[44640606ms] [ERROR] ./src/components/layout/MobileNavbar.tsx:6:1
Module not found: Can't resolve '@/data/navItems'
  4 | import Link from "next/link";
  5 | import { Heart, Menu, Search, ShoppingBag, User, X } from "lucide-react";
> 6 | import { navItems } from "@/data/navItems";
    | ^^^^^^^^^^^^^^^^^^^^^^^^^^^^^^^^^^^^^^^^^^^
  7 | import { useState } from "react";
  8 |
  9 | type MobileNavbarProps = {

Import map: aliased to relative './src/data/navItems' inside of [project]/

Import traces:
  Client Component Browser:
    ./src/components/layout/MobileNavbar.tsx [Client Component Browser]
    ./src/components/layout/Navbar.tsx [Client Component Browser]
    ./src/components/layout/Navbar.tsx [Server Component]
    ./src/components/store/HomePage.tsx [Server Component]
    ./src/app/[locale]/page.tsx [Server Component]

  Client Component SSR:
    ./src/components/layout/MobileNavbar.tsx [Client Component SSR]
    ./src/components/layout/Navbar.tsx [Client Component SSR]
    ./src/components/layout/Navbar.tsx [Server Component]
    ./src/components/store/HomePage.tsx [Server Component]
    ./src/app/[locale]/page.tsx [Server Component]

https://nextjs.org/docs/messages/module-not-found @ http://localhost:3000/_next/static/chunks/node_modules_next_dist_115brz8._.js:3272
[44640606ms] [ERROR] ./src/components/layout/Navbar.tsx:8:1
Module not found: Can't resolve '@/data/navItems'
   6 | import { motion } from "motion/react";
   7 | import { MobileNavbar } from "@/components/layout/MobileNavbar";
>  8 | import { navItems } from "@/data/navItems";
     | ^^^^^^^^^^^^^^^^^^^^^^^^^^^^^^^^^^^^^^^^^^^
   9 |
  10 | const iconButtonClass =
  11 |   "relative flex size-11 items-center justify-center rounded-2xl text-white trans...

Import map: aliased to relative './src/data/navItems' inside of [project]/

Import trace:
  Server Component:
    ./src/components/layout/Navbar.tsx
    ./src/components/store/HomePage.tsx
    ./src/app/[locale]/page.tsx

https://nextjs.org/docs/messages/module-not-found @ http://localhost:3000/_next/static/chunks/node_modules_next_dist_115brz8._.js:3272
[44640633ms] [LOG] [Fast Refresh] rebuilding @ http://localhost:3000/_next/static/chunks/node_modules_next_dist_115brz8._.js:2431
[44640798ms] [LOG] [Fast Refresh] rebuilding @ http://localhost:3000/_next/static/chunks/node_modules_next_dist_115brz8._.js:2431
[44640923ms] [ERROR] Failed to load resource: the server responded with a status of 500 (Internal Server Error) @ http://localhost:3000/admin/verski-turizam?_rsc=1nkcf:0
[44640931ms] [ERROR] ./src/components/layout/MobileNavbar.tsx:6:1
Module not found: Can't resolve '@/data/navItems'
  4 | import Link from "next/link";
  5 | import { Heart, Menu, Search, ShoppingBag, User, X } from "lucide-react";
> 6 | import { navItems } from "@/data/navItems";
    | ^^^^^^^^^^^^^^^^^^^^^^^^^^^^^^^^^^^^^^^^^^^
  7 | import { useState } from "react";
  8 |
  9 | type MobileNavbarProps = {

Import map: aliased to relative './src/data/navItems' inside of [project]/

Import traces:
  Client Component Browser:
    ./src/components/layout/MobileNavbar.tsx [Client Component Browser]
    ./src/components/layout/Navbar.tsx [Client Component Browser]
    ./src/components/layout/Navbar.tsx [Server Component]
    ./src/components/store/HomePage.tsx [Server Component]
    ./src/app/[locale]/page.tsx [Server Component]

  Client Component SSR:
    ./src/components/layout/MobileNavbar.tsx [Client Component SSR]
    ./src/components/layout/Navbar.tsx [Client Component SSR]
    ./src/components/layout/Navbar.tsx [Server Component]
    ./src/components/store/HomePage.tsx [Server Component]
    ./src/app/[locale]/page.tsx [Server Component]

https://nextjs.org/docs/messages/module-not-found @ http://localhost:3000/_next/static/chunks/node_modules_next_dist_115brz8._.js:3272
[44640932ms] [ERROR] ./src/components/layout/Navbar.tsx:8:1
Module not found: Can't resolve '@/data/navItems'
   6 | import { motion } from "motion/react";
   7 | import { MobileNavbar } from "@/components/layout/MobileNavbar";
>  8 | import { navItems } from "@/data/navItems";
     | ^^^^^^^^^^^^^^^^^^^^^^^^^^^^^^^^^^^^^^^^^^^
   9 |
  10 | const iconButtonClass =
  11 |   "relative flex size-11 items-center justify-center rounded-2xl text-white trans...

Import map: aliased to relative './src/data/navItems' inside of [project]/

Import trace:
  Server Component:
    ./src/components/layout/Navbar.tsx
    ./src/components/store/HomePage.tsx
    ./src/app/[locale]/page.tsx

https://nextjs.org/docs/messages/module-not-found @ http://localhost:3000/_next/static/chunks/node_modules_next_dist_115brz8._.js:3272
[44640958ms] [ERROR] Failed to load resource: the server responded with a status of 500 (Internal Server Error) @ http://localhost:3000/admin/verski-turizam:0
[44641371ms] [INFO] %cDownload the React DevTools for a better development experience: https://react.dev/link/react-devtools font-weight:bold @ http://localhost:3000/_next/static/chunks/node_modules_react-dom_0bruynb._.js:15305
[44641385ms] Error: ./src/components/layout/MobileNavbar.tsx:6:1
Module not found: Can't resolve '@/data/navItems'
  4 | import Link from "next/link";
  5 | import { Heart, Menu, Search, ShoppingBag, User, X } from "lucide-react";
> 6 | import { navItems } from "@/data/navItems";
    | ^^^^^^^^^^^^^^^^^^^^^^^^^^^^^^^^^^^^^^^^^^^
  7 | import { useState } from "react";
  8 |
  9 | type MobileNavbarProps = {

Import map: aliased to relative './src/data/navItems' inside of [project]/


Import traces:
  Client Component Browser:
    ./src/components/layout/MobileNavbar.tsx [Client Component Browser]
    ./src/components/layout/Navbar.tsx [Client Component Browser]
    ./src/components/layout/Navbar.tsx [Server Component]
    ./src/components/store/HomePage.tsx [Server Component]
    ./src/app/[locale]/page.tsx [Server Component]

  Client Component SSR:
    ./src/components/layout/MobileNavbar.tsx [Client Component SSR]
    ./src/components/layout/Navbar.tsx [Client Component SSR]
    ./src/components/layout/Navbar.tsx [Server Component]
    ./src/components/store/HomePage.tsx [Server Component]
    ./src/app/[locale]/page.tsx [Server Component]

https://nextjs.org/docs/messages/module-not-found


    at <unknown> (Error: ./src/components/layout/MobileNavbar.tsx:6:1)
    at <unknown> (https://nextjs.org/docs/messages/module-not-found)
    at Object.getCompilationErrors (file://C:\Users\admin\Desktop\monte-z\node_modules\next\dist\server\dev\hot-reloader-turbopack.js:1186:59)
    at DevBundlerService.getCompilationError (file://C:\Users\admin\Desktop\monte-z\node_modules\next\dist\server\lib\dev-bundler-service.js:44:55)
    at DevServer.getCompilationError (file://C:\Users\admin\Desktop\monte-z\node_modules\next\dist\server\dev\next-dev-server.js:719:42)
    at DevServer.findPageComponents (file://C:\Users\admin\Desktop\monte-z\node_modules\next\dist\server\dev\next-dev-server.js:689:43)
    at async DevServer.renderErrorToResponseImpl (file://C:\Users\admin\Desktop\monte-z\node_modules\next\dist\server\base-server.js:1686:30)
[44641409ms] [LOG] [HMR] connected @ http://localhost:3000/_next/static/chunks/node_modules_next_dist_0u_w_5s._.js:1226
[44641510ms] [ERROR] ./src/components/layout/MobileNavbar.tsx:6:1
Module not found: Can't resolve '@/data/navItems'
  4 | import Link from "next/link";
  5 | import { Heart, Menu, Search, ShoppingBag, User, X } from "lucide-react";
> 6 | import { navItems } from "@/data/navItems";
    | ^^^^^^^^^^^^^^^^^^^^^^^^^^^^^^^^^^^^^^^^^^^
  7 | import { useState } from "react";
  8 |
  9 | type MobileNavbarProps = {

Import map: aliased to relative './src/data/navItems' inside of [project]/

Import traces:
  Client Component Browser:
    ./src/components/layout/MobileNavbar.tsx [Client Component Browser]
    ./src/components/layout/Navbar.tsx [Client Component Browser]
    ./src/components/layout/Navbar.tsx [Server Component]
    ./src/components/store/HomePage.tsx [Server Component]
    ./src/app/[locale]/page.tsx [Server Component]

  Client Component SSR:
    ./src/components/layout/MobileNavbar.tsx [Client Component SSR]
    ./src/components/layout/Navbar.tsx [Client Component SSR]
    ./src/components/layout/Navbar.tsx [Server Component]
    ./src/components/store/HomePage.tsx [Server Component]
    ./src/app/[locale]/page.tsx [Server Component]

https://nextjs.org/docs/messages/module-not-found @ http://localhost:3000/_next/static/chunks/node_modules_next_dist_0u_w_5s._.js:1945
[44641510ms] [ERROR] ./src/components/layout/Navbar.tsx:8:1
Module not found: Can't resolve '@/data/navItems'
   6 | import { motion } from "motion/react";
   7 | import { MobileNavbar } from "@/components/layout/MobileNavbar";
>  8 | import { navItems } from "@/data/navItems";
     | ^^^^^^^^^^^^^^^^^^^^^^^^^^^^^^^^^^^^^^^^^^^
   9 |
  10 | const iconButtonClass =
  11 |   "relative flex size-11 items-center justify-center rounded-2xl text-white trans...

Import map: aliased to relative './src/data/navItems' inside of [project]/

Import trace:
  Server Component:
    ./src/components/layout/Navbar.tsx
    ./src/components/store/HomePage.tsx
    ./src/app/[locale]/page.tsx

https://nextjs.org/docs/messages/module-not-found @ http://localhost:3000/_next/static/chunks/node_modules_next_dist_0u_w_5s._.js:1945
[44641521ms] [ERROR] ./src/components/layout/MobileNavbar.tsx:6:1
Module not found: Can't resolve '@/data/navItems'
  4 | import Link from "next/link";
  5 | import { Heart, Menu, Search, ShoppingBag, User, X } from "lucide-react";
> 6 | import { navItems } from "@/data/navItems";
    | ^^^^^^^^^^^^^^^^^^^^^^^^^^^^^^^^^^^^^^^^^^^
  7 | import { useState } from "react";
  8 |
  9 | type MobileNavbarProps = {

Import map: aliased to relative './src/data/navItems' inside of [project]/

Import traces:
  Client Component Browser:
    ./src/components/layout/MobileNavbar.tsx [Client Component Browser]
    ./src/components/layout/Navbar.tsx [Client Component Browser]
    ./src/components/layout/Navbar.tsx [Server Component]
    ./src/components/store/HomePage.tsx [Server Component]
    ./src/app/[locale]/page.tsx [Server Component]

  Client Component SSR:
    ./src/components/layout/MobileNavbar.tsx [Client Component SSR]
    ./src/components/layout/Navbar.tsx [Client Component SSR]
    ./src/components/layout/Navbar.tsx [Server Component]
    ./src/components/store/HomePage.tsx [Server Component]
    ./src/app/[locale]/page.tsx [Server Component]

https://nextjs.org/docs/messages/module-not-found @ http://localhost:3000/_next/static/chunks/node_modules_next_dist_0u_w_5s._.js:1945
[44641521ms] [ERROR] ./src/components/layout/Navbar.tsx:8:1
Module not found: Can't resolve '@/data/navItems'
   6 | import { motion } from "motion/react";
   7 | import { MobileNavbar } from "@/components/layout/MobileNavbar";
>  8 | import { navItems } from "@/data/navItems";
     | ^^^^^^^^^^^^^^^^^^^^^^^^^^^^^^^^^^^^^^^^^^^
   9 |
  10 | const iconButtonClass =
  11 |   "relative flex size-11 items-center justify-center rounded-2xl text-white trans...

Import map: aliased to relative './src/data/navItems' inside of [project]/

Import trace:
  Server Component:
    ./src/components/layout/Navbar.tsx
    ./src/components/store/HomePage.tsx
    ./src/app/[locale]/page.tsx

https://nextjs.org/docs/messages/module-not-found @ http://localhost:3000/_next/static/chunks/node_modules_next_dist_0u_w_5s._.js:1945
[44641613ms] [LOG] [Fast Refresh] rebuilding @ http://localhost:3000/_next/static/chunks/node_modules_next_dist_0u_w_5s._.js:1226
[44641617ms] [ERROR] ./src/components/layout/MobileNavbar.tsx:6:1
Module not found: Can't resolve '@/data/navItems'
  4 | import Link from "next/link";
  5 | import { Heart, Menu, Search, ShoppingBag, User, X } from "lucide-react";
> 6 | import { navItems } from "@/data/navItems";
    | ^^^^^^^^^^^^^^^^^^^^^^^^^^^^^^^^^^^^^^^^^^^
  7 | import { useState } from "react";
  8 |
  9 | type MobileNavbarProps = {

Import map: aliased to relative './src/data/navItems' inside of [project]/

Import traces:
  Client Component Browser:
    ./src/components/layout/MobileNavbar.tsx [Client Component Browser]
    ./src/components/layout/Navbar.tsx [Client Component Browser]
    ./src/components/layout/Navbar.tsx [Server Component]
    ./src/components/store/HomePage.tsx [Server Component]
    ./src/app/[locale]/page.tsx [Server Component]

  Client Component SSR:
    ./src/components/layout/MobileNavbar.tsx [Client Component SSR]
    ./src/components/layout/Navbar.tsx [Client Component SSR]
    ./src/components/layout/Navbar.tsx [Server Component]
    ./src/components/store/HomePage.tsx [Server Component]
    ./src/app/[locale]/page.tsx [Server Component]

https://nextjs.org/docs/messages/module-not-found @ http://localhost:3000/_next/static/chunks/node_modules_next_dist_0u_w_5s._.js:1945
[44641617ms] [ERROR] ./src/components/layout/Navbar.tsx:8:1
Module not found: Can't resolve '@/data/navItems'
   6 | import { motion } from "motion/react";
   7 | import { MobileNavbar } from "@/components/layout/MobileNavbar";
>  8 | import { navItems } from "@/data/navItems";
     | ^^^^^^^^^^^^^^^^^^^^^^^^^^^^^^^^^^^^^^^^^^^
   9 |
  10 | const iconButtonClass =
  11 |   "relative flex size-11 items-center justify-center rounded-2xl text-white trans...

Import map: aliased to relative './src/data/navItems' inside of [project]/

Import trace:
  Server Component:
    ./src/components/layout/Navbar.tsx
    ./src/components/store/HomePage.tsx
    ./src/app/[locale]/page.tsx

https://nextjs.org/docs/messages/module-not-found @ http://localhost:3000/_next/static/chunks/node_modules_next_dist_0u_w_5s._.js:1945
[44642176ms] [ERROR] ./src/components/layout/MobileNavbar.tsx:6:1
Module not found: Can't resolve '@/data/navItems'
  4 | import Link from "next/link";
  5 | import { Heart, Menu, Search, ShoppingBag, User, X } from "lucide-react";
> 6 | import { navItems } from "@/data/navItems";
    | ^^^^^^^^^^^^^^^^^^^^^^^^^^^^^^^^^^^^^^^^^^^
  7 | import { useState } from "react";
  8 |
  9 | type MobileNavbarProps = {

Import map: aliased to relative './src/data/navItems' inside of [project]/

Import traces:
  Client Component Browser:
    ./src/components/layout/MobileNavbar.tsx [Client Component Browser]
    ./src/components/layout/Navbar.tsx [Client Component Browser]
    ./src/components/layout/Navbar.tsx [Server Component]
    ./src/components/store/HomePage.tsx [Server Component]
    ./src/app/[locale]/page.tsx [Server Component]

  Client Component SSR:
    ./src/components/layout/MobileNavbar.tsx [Client Component SSR]
    ./src/components/layout/Navbar.tsx [Client Component SSR]
    ./src/components/layout/Navbar.tsx [Server Component]
    ./src/components/store/HomePage.tsx [Server Component]
    ./src/app/[locale]/page.tsx [Server Component]

https://nextjs.org/docs/messages/module-not-found @ http://localhost:3000/_next/static/chunks/node_modules_next_dist_0u_w_5s._.js:1945
[44642176ms] [ERROR] ./src/components/layout/Navbar.tsx:8:1
Module not found: Can't resolve '@/data/navItems'
   6 | import { motion } from "motion/react";
   7 | import { MobileNavbar } from "@/components/layout/MobileNavbar";
>  8 | import { navItems } from "@/data/navItems";
     | ^^^^^^^^^^^^^^^^^^^^^^^^^^^^^^^^^^^^^^^^^^^
   9 |
  10 | const iconButtonClass =
  11 |   "relative flex size-11 items-center justify-center rounded-2xl text-white trans...

Import map: aliased to relative './src/data/navItems' inside of [project]/

Import trace:
  Server Component:
    ./src/components/layout/Navbar.tsx
    ./src/components/store/HomePage.tsx
    ./src/app/[locale]/page.tsx

https://nextjs.org/docs/messages/module-not-found @ http://localhost:3000/_next/static/chunks/node_modules_next_dist_0u_w_5s._.js:1945
[44642245ms] [LOG] [Fast Refresh] rebuilding @ http://localhost:3000/_next/static/chunks/node_modules_next_dist_0u_w_5s._.js:1226
[44642302ms] [ERROR] ./src/components/layout/MobileNavbar.tsx:6:1
Module not found: Can't resolve '@/data/navItems'
  4 | import Link from "next/link";
  5 | import { Heart, Menu, Search, ShoppingBag, User, X } from "lucide-react";
> 6 | import { navItems } from "@/data/navItems";
    | ^^^^^^^^^^^^^^^^^^^^^^^^^^^^^^^^^^^^^^^^^^^
  7 | import { useState } from "react";
  8 |
  9 | type MobileNavbarProps = {

Import map: aliased to relative './src/data/navItems' inside of [project]/

Import traces:
  Client Component Browser:
    ./src/components/layout/MobileNavbar.tsx [Client Component Browser]
    ./src/components/layout/Navbar.tsx [Client Component Browser]
    ./src/components/layout/Navbar.tsx [Server Component]
    ./src/components/store/HomePage.tsx [Server Component]
    ./src/app/[locale]/page.tsx [Server Component]

  Client Component SSR:
    ./src/components/layout/MobileNavbar.tsx [Client Component SSR]
    ./src/components/layout/Navbar.tsx [Client Component SSR]
    ./src/components/layout/Navbar.tsx [Server Component]
    ./src/components/store/HomePage.tsx [Server Component]
    ./src/app/[locale]/page.tsx [Server Component]

https://nextjs.org/docs/messages/module-not-found @ http://localhost:3000/_next/static/chunks/node_modules_next_dist_0u_w_5s._.js:1945
[44642302ms] [ERROR] ./src/components/layout/Navbar.tsx:8:1
Module not found: Can't resolve '@/data/navItems'
   6 | import { motion } from "motion/react";
   7 | import { MobileNavbar } from "@/components/layout/MobileNavbar";
>  8 | import { navItems } from "@/data/navItems";
     | ^^^^^^^^^^^^^^^^^^^^^^^^^^^^^^^^^^^^^^^^^^^
   9 |
  10 | const iconButtonClass =
  11 |   "relative flex size-11 items-center justify-center rounded-2xl text-white trans...

Import map: aliased to relative './src/data/navItems' inside of [project]/

Import trace:
  Server Component:
    ./src/components/layout/Navbar.tsx
    ./src/components/store/HomePage.tsx
    ./src/app/[locale]/page.tsx

https://nextjs.org/docs/messages/module-not-found @ http://localhost:3000/_next/static/chunks/node_modules_next_dist_0u_w_5s._.js:1945
[44642385ms] [LOG] [Fast Refresh] rebuilding @ http://localhost:3000/_next/static/chunks/node_modules_next_dist_0u_w_5s._.js:1226
[44647390ms] [LOG] [Fast Refresh] rebuilding @ http://localhost:3000/_next/static/chunks/node_modules_next_dist_0u_w_5s._.js:1226
[44647529ms] [LOG] [Fast Refresh] done in 229ms @ http://localhost:3000/_next/static/chunks/node_modules_next_dist_0u_w_5s._.js:1226
[44647768ms] [LOG] [Fast Refresh] rebuilding @ http://localhost:3000/_next/static/chunks/node_modules_next_dist_0u_w_5s._.js:1226
[44648662ms] [LOG] [Fast Refresh] done in 995ms @ http://localhost:3000/_next/static/chunks/node_modules_next_dist_0u_w_5s._.js:1226
[44648772ms] [LOG] [Fast Refresh] rebuilding @ http://localhost:3000/_next/static/chunks/node_modules_next_dist_0u_w_5s._.js:1226
[44650509ms] [LOG] [Fast Refresh] done in 1844ms @ http://localhost:3000/_next/static/chunks/node_modules_next_dist_0u_w_5s._.js:1226
[44652290ms] [ERROR] Failed to load resource: the server responded with a status of 404 (Not Found) @ http://localhost:3000/admin/verski-turizam:0
[44652537ms] [INFO] %cDownload the React DevTools for a better development experience: https://react.dev/link/react-devtools font-weight:bold @ http://localhost:3000/_next/static/chunks/node_modules_next_dist_115brz8._.js:2431
[44652605ms] [LOG] [HMR] connected @ http://localhost:3000/_next/static/chunks/node_modules_next_dist_115brz8._.js:2431
[44657050ms] [LOG] [Fast Refresh] rebuilding @ http://localhost:3000/_next/static/chunks/node_modules_next_dist_115brz8._.js:2431
[44657429ms] [ERROR] ./src/components/home/CategoryDock.tsx:3:1
Module not found: Can't resolve '@/data/categories'
  1 | import Link from "next/link";
  2 | import Image from "next/image";
> 3 | import { categories } from "@/data/categories";
    | ^^^^^^^^^^^^^^^^^^^^^^^^^^^^^^^^^^^^^^^^^^^^^^^
  4 |
  5 | export function CategoryDock() {
  6 |   return (

Import map: aliased to relative './src/data/categories' inside of [project]/

Import trace:
  Server Component:
    ./src/components/home/CategoryDock.tsx
    ./src/components/home/HeroSection.tsx
    ./src/components/store/HomePage.tsx
    ./src/app/[locale]/page.tsx

https://nextjs.org/docs/messages/module-not-found @ http://localhost:3000/_next/static/chunks/node_modules_next_dist_115brz8._.js:3272
[44657828ms] [LOG] [Fast Refresh] rebuilding @ http://localhost:3000/_next/static/chunks/node_modules_next_dist_115brz8._.js:2431
[44657887ms] [ERROR] ./src/components/home/CategoryDock.tsx:3:1
Module not found: Can't resolve '@/data/categories'
  1 | import Link from "next/link";
  2 | import Image from "next/image";
> 3 | import { categories } from "@/data/categories";
    | ^^^^^^^^^^^^^^^^^^^^^^^^^^^^^^^^^^^^^^^^^^^^^^^
  4 |
  5 | export function CategoryDock() {
  6 |   return (

Import map: aliased to relative './src/data/categories' inside of [project]/

Import trace:
  Server Component:
    ./src/components/home/CategoryDock.tsx
    ./src/components/home/HeroSection.tsx
    ./src/components/store/HomePage.tsx
    ./src/app/[locale]/page.tsx

https://nextjs.org/docs/messages/module-not-found @ http://localhost:3000/_next/static/chunks/node_modules_next_dist_115brz8._.js:3272
[44657900ms] [ERROR] Failed to load resource: the server responded with a status of 500 (Internal Server Error) @ http://localhost:3000/admin/verski-turizam?_rsc=1nkcf:0
[44657999ms] [LOG] [Fast Refresh] rebuilding @ http://localhost:3000/_next/static/chunks/node_modules_next_dist_115brz8._.js:2431
[44658002ms] [ERROR] ./src/components/home/CategoryDock.tsx:3:1
Module not found: Can't resolve '@/data/categories'
  1 | import Link from "next/link";
  2 | import Image from "next/image";
> 3 | import { categories } from "@/data/categories";
    | ^^^^^^^^^^^^^^^^^^^^^^^^^^^^^^^^^^^^^^^^^^^^^^^
  4 |
  5 | export function CategoryDock() {
  6 |   return (

Import map: aliased to relative './src/data/categories' inside of [project]/

Import trace:
  Server Component:
    ./src/components/home/CategoryDock.tsx
    ./src/components/home/HeroSection.tsx
    ./src/components/store/HomePage.tsx
    ./src/app/[locale]/page.tsx

https://nextjs.org/docs/messages/module-not-found @ http://localhost:3000/_next/static/chunks/node_modules_next_dist_115brz8._.js:3272
[44658106ms] [LOG] [Fast Refresh] rebuilding @ http://localhost:3000/_next/static/chunks/node_modules_next_dist_115brz8._.js:2431
[44658171ms] [ERROR] ./src/components/home/CategoryDock.tsx:3:1
Module not found: Can't resolve '@/data/categories'
  1 | import Link from "next/link";
  2 | import Image from "next/image";
> 3 | import { categories } from "@/data/categories";
    | ^^^^^^^^^^^^^^^^^^^^^^^^^^^^^^^^^^^^^^^^^^^^^^^
  4 |
  5 | export function CategoryDock() {
  6 |   return (

Import map: aliased to relative './src/data/categories' inside of [project]/

Import trace:
  Server Component:
    ./src/components/home/CategoryDock.tsx
    ./src/components/home/HeroSection.tsx
    ./src/components/store/HomePage.tsx
    ./src/app/[locale]/page.tsx

https://nextjs.org/docs/messages/module-not-found @ http://localhost:3000/_next/static/chunks/node_modules_next_dist_115brz8._.js:3272
[44658531ms] [LOG] [Fast Refresh] rebuilding @ http://localhost:3000/_next/static/chunks/node_modules_next_dist_115brz8._.js:2431
[44658621ms] [ERROR] Failed to load resource: the server responded with a status of 500 (Internal Server Error) @ http://localhost:3000/admin/verski-turizam?_rsc=1nkcf:0
[44658751ms] [ERROR] ./src/components/home/CategoryDock.tsx:3:1
Module not found: Can't resolve '@/data/categories'
  1 | import Link from "next/link";
  2 | import Image from "next/image";
> 3 | import { categories } from "@/data/categories";
    | ^^^^^^^^^^^^^^^^^^^^^^^^^^^^^^^^^^^^^^^^^^^^^^^
  4 |
  5 | export function CategoryDock() {
  6 |   return (

Import map: aliased to relative './src/data/categories' inside of [project]/

Import trace:
  Server Component:
    ./src/components/home/CategoryDock.tsx
    ./src/components/home/HeroSection.tsx
    ./src/components/store/HomePage.tsx
    ./src/app/[locale]/page.tsx

https://nextjs.org/docs/messages/module-not-found @ http://localhost:3000/_next/static/chunks/node_modules_next_dist_115brz8._.js:3272
[44658770ms] [ERROR] ./src/components/home/CategoryDock.tsx:3:1
Module not found: Can't resolve '@/data/categories'
  1 | import Link from "next/link";
  2 | import Image from "next/image";
> 3 | import { categories } from "@/data/categories";
    | ^^^^^^^^^^^^^^^^^^^^^^^^^^^^^^^^^^^^^^^^^^^^^^^
  4 |
  5 | export function CategoryDock() {
  6 |   return (

Import map: aliased to relative './src/data/categories' inside of [project]/

Import trace:
  Server Component:
    ./src/components/home/CategoryDock.tsx
    ./src/components/home/HeroSection.tsx
    ./src/components/store/HomePage.tsx
    ./src/app/[locale]/page.tsx

https://nextjs.org/docs/messages/module-not-found @ http://localhost:3000/_next/static/chunks/node_modules_next_dist_115brz8._.js:3272
[44658862ms] [LOG] [Fast Refresh] rebuilding @ http://localhost:3000/_next/static/chunks/node_modules_next_dist_115brz8._.js:2431
[44659029ms] [ERROR] ./src/components/home/CategoryDock.tsx:3:1
Module not found: Can't resolve '@/data/categories'
  1 | import Link from "next/link";
  2 | import Image from "next/image";
> 3 | import { categories } from "@/data/categories";
    | ^^^^^^^^^^^^^^^^^^^^^^^^^^^^^^^^^^^^^^^^^^^^^^^
  4 |
  5 | export function CategoryDock() {
  6 |   return (

Import map: aliased to relative './src/data/categories' inside of [project]/

Import trace:
  Server Component:
    ./src/components/home/CategoryDock.tsx
    ./src/components/home/HeroSection.tsx
    ./src/components/store/HomePage.tsx
    ./src/app/[locale]/page.tsx

https://nextjs.org/docs/messages/module-not-found @ http://localhost:3000/_next/static/chunks/node_modules_next_dist_115brz8._.js:3272
[44659044ms] [ERROR] ./src/components/home/CategoryDock.tsx:3:1
Module not found: Can't resolve '@/data/categories'
  1 | import Link from "next/link";
  2 | import Image from "next/image";
> 3 | import { categories } from "@/data/categories";
    | ^^^^^^^^^^^^^^^^^^^^^^^^^^^^^^^^^^^^^^^^^^^^^^^
  4 |
  5 | export function CategoryDock() {
  6 |   return (

Import map: aliased to relative './src/data/categories' inside of [project]/

Import trace:
  Server Component:
    ./src/components/home/CategoryDock.tsx
    ./src/components/home/HeroSection.tsx
    ./src/components/store/HomePage.tsx
    ./src/app/[locale]/page.tsx

https://nextjs.org/docs/messages/module-not-found @ http://localhost:3000/_next/static/chunks/node_modules_next_dist_115brz8._.js:3272
[44659092ms] [ERROR] Failed to load resource: the server responded with a status of 500 (Internal Server Error) @ http://localhost:3000/admin/verski-turizam:0
[44659885ms] [INFO] %cDownload the React DevTools for a better development experience: https://react.dev/link/react-devtools font-weight:bold @ http://localhost:3000/_next/static/chunks/node_modules_react-dom_0bruynb._.js:15305
[44659942ms] Error: ./src/components/home/CategoryDock.tsx:3:1
Module not found: Can't resolve '@/data/categories'
  1 | import Link from "next/link";
  2 | import Image from "next/image";
> 3 | import { categories } from "@/data/categories";
    | ^^^^^^^^^^^^^^^^^^^^^^^^^^^^^^^^^^^^^^^^^^^^^^^
  4 |
  5 | export function CategoryDock() {
  6 |   return (

Import map: aliased to relative './src/data/categories' inside of [project]/


Import trace:
  Server Component:
    ./src/components/home/CategoryDock.tsx
    ./src/components/home/HeroSection.tsx
    ./src/components/store/HomePage.tsx
    ./src/app/[locale]/page.tsx

https://nextjs.org/docs/messages/module-not-found


    at <unknown> (Error: ./src/components/home/CategoryDock.tsx:3:1)
    at <unknown> (https://nextjs.org/docs/messages/module-not-found)
    at Object.getCompilationErrors (file://C:\Users\admin\Desktop\monte-z\node_modules\next\dist\server\dev\hot-reloader-turbopack.js:1186:59)
    at DevBundlerService.getCompilationError (file://C:\Users\admin\Desktop\monte-z\node_modules\next\dist\server\lib\dev-bundler-service.js:44:55)
    at DevServer.getCompilationError (file://C:\Users\admin\Desktop\monte-z\node_modules\next\dist\server\dev\next-dev-server.js:719:42)
    at DevServer.findPageComponents (file://C:\Users\admin\Desktop\monte-z\node_modules\next\dist\server\dev\next-dev-server.js:689:43)
    at async DevServer.renderErrorToResponseImpl (file://C:\Users\admin\Desktop\monte-z\node_modules\next\dist\server\base-server.js:1686:30)
[44659981ms] [LOG] [HMR] connected @ http://localhost:3000/_next/static/chunks/node_modules_next_dist_0u_w_5s._.js:1226
[44660052ms] [ERROR] ./src/components/home/CategoryDock.tsx:3:1
Module not found: Can't resolve '@/data/categories'
  1 | import Link from "next/link";
  2 | import Image from "next/image";
> 3 | import { categories } from "@/data/categories";
    | ^^^^^^^^^^^^^^^^^^^^^^^^^^^^^^^^^^^^^^^^^^^^^^^
  4 |
  5 | export function CategoryDock() {
  6 |   return (

Import map: aliased to relative './src/data/categories' inside of [project]/

Import trace:
  Server Component:
    ./src/components/home/CategoryDock.tsx
    ./src/components/home/HeroSection.tsx
    ./src/components/store/HomePage.tsx
    ./src/app/[locale]/page.tsx

https://nextjs.org/docs/messages/module-not-found @ http://localhost:3000/_next/static/chunks/node_modules_next_dist_0u_w_5s._.js:1945
[44660176ms] [LOG] [Fast Refresh] rebuilding @ http://localhost:3000/_next/static/chunks/node_modules_next_dist_0u_w_5s._.js:1226
[44660243ms] [ERROR] ./src/components/home/CategoryDock.tsx:3:1
Module not found: Can't resolve '@/data/categories'
  1 | import Link from "next/link";
  2 | import Image from "next/image";
> 3 | import { categories } from "@/data/categories";
    | ^^^^^^^^^^^^^^^^^^^^^^^^^^^^^^^^^^^^^^^^^^^^^^^
  4 |
  5 | export function CategoryDock() {
  6 |   return (

Import map: aliased to relative './src/data/categories' inside of [project]/

Import trace:
  Server Component:
    ./src/components/home/CategoryDock.tsx
    ./src/components/home/HeroSection.tsx
    ./src/components/store/HomePage.tsx
    ./src/app/[locale]/page.tsx

https://nextjs.org/docs/messages/module-not-found @ http://localhost:3000/_next/static/chunks/node_modules_next_dist_0u_w_5s._.js:1945
[44660254ms] [ERROR] ./src/components/home/CategoryDock.tsx:3:1
Module not found: Can't resolve '@/data/categories'
  1 | import Link from "next/link";
  2 | import Image from "next/image";
> 3 | import { categories } from "@/data/categories";
    | ^^^^^^^^^^^^^^^^^^^^^^^^^^^^^^^^^^^^^^^^^^^^^^^
  4 |
  5 | export function CategoryDock() {
  6 |   return (

Import map: aliased to relative './src/data/categories' inside of [project]/

Import trace:
  Server Component:
    ./src/components/home/CategoryDock.tsx
    ./src/components/home/HeroSection.tsx
    ./src/components/store/HomePage.tsx
    ./src/app/[locale]/page.tsx

https://nextjs.org/docs/messages/module-not-found @ http://localhost:3000/_next/static/chunks/node_modules_next_dist_0u_w_5s._.js:1945
[44660259ms] [ERROR] ./src/components/home/CategoryDock.tsx:3:1
Module not found: Can't resolve '@/data/categories'
  1 | import Link from "next/link";
  2 | import Image from "next/image";
> 3 | import { categories } from "@/data/categories";
    | ^^^^^^^^^^^^^^^^^^^^^^^^^^^^^^^^^^^^^^^^^^^^^^^
  4 |
  5 | export function CategoryDock() {
  6 |   return (

Import map: aliased to relative './src/data/categories' inside of [project]/

Import trace:
  Server Component:
    ./src/components/home/CategoryDock.tsx
    ./src/components/home/HeroSection.tsx
    ./src/components/store/HomePage.tsx
    ./src/app/[locale]/page.tsx

https://nextjs.org/docs/messages/module-not-found @ http://localhost:3000/_next/static/chunks/node_modules_next_dist_0u_w_5s._.js:1945
[44660277ms] [ERROR] ./src/components/home/CategoryDock.tsx:3:1
Module not found: Can't resolve '@/data/categories'
  1 | import Link from "next/link";
  2 | import Image from "next/image";
> 3 | import { categories } from "@/data/categories";
    | ^^^^^^^^^^^^^^^^^^^^^^^^^^^^^^^^^^^^^^^^^^^^^^^
  4 |
  5 | export function CategoryDock() {
  6 |   return (

Import map: aliased to relative './src/data/categories' inside of [project]/

Import trace:
  Server Component:
    ./src/components/home/CategoryDock.tsx
    ./src/components/home/HeroSection.tsx
    ./src/components/store/HomePage.tsx
    ./src/app/[locale]/page.tsx

https://nextjs.org/docs/messages/module-not-found @ http://localhost:3000/_next/static/chunks/node_modules_next_dist_0u_w_5s._.js:1945
[44660362ms] [LOG] [Fast Refresh] rebuilding @ http://localhost:3000/_next/static/chunks/node_modules_next_dist_0u_w_5s._.js:1226
[44660410ms] [ERROR] ./src/components/home/CategoryDock.tsx:3:1
Module not found: Can't resolve '@/data/categories'
  1 | import Link from "next/link";
  2 | import Image from "next/image";
> 3 | import { categories } from "@/data/categories";
    | ^^^^^^^^^^^^^^^^^^^^^^^^^^^^^^^^^^^^^^^^^^^^^^^
  4 |
  5 | export function CategoryDock() {
  6 |   return (

Import map: aliased to relative './src/data/categories' inside of [project]/

Import trace:
  Server Component:
    ./src/components/home/CategoryDock.tsx
    ./src/components/home/HeroSection.tsx
    ./src/components/store/HomePage.tsx
    ./src/app/[locale]/page.tsx

https://nextjs.org/docs/messages/module-not-found @ http://localhost:3000/_next/static/chunks/node_modules_next_dist_0u_w_5s._.js:1945
[44677142ms] [LOG] [Fast Refresh] rebuilding @ http://localhost:3000/_next/static/chunks/node_modules_next_dist_0u_w_5s._.js:1226
[44677300ms] [LOG] [Fast Refresh] done in 244ms @ http://localhost:3000/_next/static/chunks/node_modules_next_dist_0u_w_5s._.js:1226
[44677650ms] [LOG] [Fast Refresh] rebuilding @ http://localhost:3000/_next/static/chunks/node_modules_next_dist_0u_w_5s._.js:1226
[44678280ms] [LOG] [Fast Refresh] done in 736ms @ http://localhost:3000/_next/static/chunks/node_modules_next_dist_0u_w_5s._.js:1226
[44682726ms] [ERROR] Failed to load resource: the server responded with a status of 404 (Not Found) @ http://localhost:3000/admin/verski-turizam:0
[44683125ms] [INFO] %cDownload the React DevTools for a better development experience: https://react.dev/link/react-devtools font-weight:bold @ http://localhost:3000/_next/static/chunks/node_modules_next_dist_115brz8._.js:2431
[44683224ms] [LOG] [HMR] connected @ http://localhost:3000/_next/static/chunks/node_modules_next_dist_115brz8._.js:2431
[44687921ms] [LOG] [Fast Refresh] rebuilding @ http://localhost:3000/_next/static/chunks/node_modules_next_dist_115brz8._.js:2431
[44688133ms] [ERROR] ./src/components/home/Footer.tsx:9:1
Module not found: Can't resolve '@/data/footerLinks'
   7 |   type LucideIcon,
   8 | } from "lucide-react";
>  9 | import { footerLinkGroups, socialLinks } from "@/data/footerLinks";
     | ^^^^^^^^^^^^^^^^^^^^^^^^^^^^^^^^^^^^^^^^^^^^^^^^^^^^^^^^^^^^^^^^^^^
  10 |
  11 | const socialIcons: Record<string, LucideIcon> = {
  12 |   Instagram: Camera,

Import map: aliased to relative './src/data/footerLinks' inside of [project]/

Import trace:
  Server Component:
    ./src/components/home/Footer.tsx
    ./src/components/store/HomePage.tsx
    ./src/app/[locale]/page.tsx

https://nextjs.org/docs/messages/module-not-found @ http://localhost:3000/_next/static/chunks/node_modules_next_dist_115brz8._.js:3272
[44688299ms] [ERROR] Failed to load resource: the server responded with a status of 500 (Internal Server Error) @ http://localhost:3000/admin/verski-turizam?_rsc=1nkcf:0
[44688303ms] [ERROR] ./src/components/home/Footer.tsx:9:1
Module not found: Can't resolve '@/data/footerLinks'
   7 |   type LucideIcon,
   8 | } from "lucide-react";
>  9 | import { footerLinkGroups, socialLinks } from "@/data/footerLinks";
     | ^^^^^^^^^^^^^^^^^^^^^^^^^^^^^^^^^^^^^^^^^^^^^^^^^^^^^^^^^^^^^^^^^^^
  10 |
  11 | const socialIcons: Record<string, LucideIcon> = {
  12 |   Instagram: Camera,

Import map: aliased to relative './src/data/footerLinks' inside of [project]/

Import trace:
  Server Component:
    ./src/components/home/Footer.tsx
    ./src/components/store/HomePage.tsx
    ./src/app/[locale]/page.tsx

https://nextjs.org/docs/messages/module-not-found @ http://localhost:3000/_next/static/chunks/node_modules_next_dist_115brz8._.js:3272
[44688358ms] [ERROR] ./src/components/home/Footer.tsx:9:1
Module not found: Can't resolve '@/data/footerLinks'
   7 |   type LucideIcon,
   8 | } from "lucide-react";
>  9 | import { footerLinkGroups, socialLinks } from "@/data/footerLinks";
     | ^^^^^^^^^^^^^^^^^^^^^^^^^^^^^^^^^^^^^^^^^^^^^^^^^^^^^^^^^^^^^^^^^^^
  10 |
  11 | const socialIcons: Record<string, LucideIcon> = {
  12 |   Instagram: Camera,

Import map: aliased to relative './src/data/footerLinks' inside of [project]/

Import trace:
  Server Component:
    ./src/components/home/Footer.tsx
    ./src/components/store/HomePage.tsx
    ./src/app/[locale]/page.tsx

https://nextjs.org/docs/messages/module-not-found @ http://localhost:3000/_next/static/chunks/node_modules_next_dist_115brz8._.js:3272
[44688409ms] [LOG] [Fast Refresh] rebuilding @ http://localhost:3000/_next/static/chunks/node_modules_next_dist_115brz8._.js:2431
[44688487ms] [ERROR] Failed to load resource: the server responded with a status of 500 (Internal Server Error) @ http://localhost:3000/admin/verski-turizam?_rsc=1nkcf:0
[44688535ms] [ERROR] Failed to load resource: the server responded with a status of 500 (Internal Server Error) @ http://localhost:3000/admin/verski-turizam:0
[44688647ms] [INFO] %cDownload the React DevTools for a better development experience: https://react.dev/link/react-devtools font-weight:bold @ http://localhost:3000/_next/static/chunks/node_modules_react-dom_0bruynb._.js:15305
[44688665ms] Error: ./src/components/home/Footer.tsx:9:1
Module not found: Can't resolve '@/data/footerLinks'
   7 |   type LucideIcon,
   8 | } from "lucide-react";
>  9 | import { footerLinkGroups, socialLinks } from "@/data/footerLinks";
     | ^^^^^^^^^^^^^^^^^^^^^^^^^^^^^^^^^^^^^^^^^^^^^^^^^^^^^^^^^^^^^^^^^^^
  10 |
  11 | const socialIcons: Record<string, LucideIcon> = {
  12 |   Instagram: Camera,

Import map: aliased to relative './src/data/footerLinks' inside of [project]/


Import trace:
  Server Component:
    ./src/components/home/Footer.tsx
    ./src/components/store/HomePage.tsx
    ./src/app/[locale]/page.tsx

https://nextjs.org/docs/messages/module-not-found


    at <unknown> (Error: ./src/components/home/Footer.tsx:9:1)
    at <unknown> (https://nextjs.org/docs/messages/module-not-found)
    at Object.getCompilationErrors (file://C:\Users\admin\Desktop\monte-z\node_modules\next\dist\server\dev\hot-reloader-turbopack.js:1186:59)
    at DevBundlerService.getCompilationError (file://C:\Users\admin\Desktop\monte-z\node_modules\next\dist\server\lib\dev-bundler-service.js:44:55)
    at DevServer.getCompilationError (file://C:\Users\admin\Desktop\monte-z\node_modules\next\dist\server\dev\next-dev-server.js:719:42)
    at DevServer.findPageComponents (file://C:\Users\admin\Desktop\monte-z\node_modules\next\dist\server\dev\next-dev-server.js:689:43)
    at async DevServer.renderErrorToResponseImpl (file://C:\Users\admin\Desktop\monte-z\node_modules\next\dist\server\base-server.js:1686:30)
[44688674ms] [LOG] [HMR] connected @ http://localhost:3000/_next/static/chunks/node_modules_next_dist_0u_w_5s._.js:1226
[44688797ms] [ERROR] ./src/components/home/Footer.tsx:9:1
Module not found: Can't resolve '@/data/footerLinks'
   7 |   type LucideIcon,
   8 | } from "lucide-react";
>  9 | import { footerLinkGroups, socialLinks } from "@/data/footerLinks";
     | ^^^^^^^^^^^^^^^^^^^^^^^^^^^^^^^^^^^^^^^^^^^^^^^^^^^^^^^^^^^^^^^^^^^
  10 |
  11 | const socialIcons: Record<string, LucideIcon> = {
  12 |   Instagram: Camera,

Import map: aliased to relative './src/data/footerLinks' inside of [project]/

Import trace:
  Server Component:
    ./src/components/home/Footer.tsx
    ./src/components/store/HomePage.tsx
    ./src/app/[locale]/page.tsx

https://nextjs.org/docs/messages/module-not-found @ http://localhost:3000/_next/static/chunks/node_modules_next_dist_0u_w_5s._.js:1945
[44688878ms] [LOG] [Fast Refresh] rebuilding @ http://localhost:3000/_next/static/chunks/node_modules_next_dist_0u_w_5s._.js:1226
[44688889ms] [ERROR] ./src/components/home/Footer.tsx:9:1
Module not found: Can't resolve '@/data/footerLinks'
   7 |   type LucideIcon,
   8 | } from "lucide-react";
>  9 | import { footerLinkGroups, socialLinks } from "@/data/footerLinks";
     | ^^^^^^^^^^^^^^^^^^^^^^^^^^^^^^^^^^^^^^^^^^^^^^^^^^^^^^^^^^^^^^^^^^^
  10 |
  11 | const socialIcons: Record<string, LucideIcon> = {
  12 |   Instagram: Camera,

Import map: aliased to relative './src/data/footerLinks' inside of [project]/

Import trace:
  Server Component:
    ./src/components/home/Footer.tsx
    ./src/components/store/HomePage.tsx
    ./src/app/[locale]/page.tsx

https://nextjs.org/docs/messages/module-not-found @ http://localhost:3000/_next/static/chunks/node_modules_next_dist_0u_w_5s._.js:1945
[44689079ms] [ERROR] ./src/components/home/Footer.tsx:9:1
Module not found: Can't resolve '@/data/footerLinks'
   7 |   type LucideIcon,
   8 | } from "lucide-react";
>  9 | import { footerLinkGroups, socialLinks } from "@/data/footerLinks";
     | ^^^^^^^^^^^^^^^^^^^^^^^^^^^^^^^^^^^^^^^^^^^^^^^^^^^^^^^^^^^^^^^^^^^
  10 |
  11 | const socialIcons: Record<string, LucideIcon> = {
  12 |   Instagram: Camera,

Import map: aliased to relative './src/data/footerLinks' inside of [project]/

Import trace:
  Server Component:
    ./src/components/home/Footer.tsx
    ./src/components/store/HomePage.tsx
    ./src/app/[locale]/page.tsx

https://nextjs.org/docs/messages/module-not-found @ http://localhost:3000/_next/static/chunks/node_modules_next_dist_0u_w_5s._.js:1945
[44689177ms] [LOG] [Fast Refresh] rebuilding @ http://localhost:3000/_next/static/chunks/node_modules_next_dist_0u_w_5s._.js:1226
[44702308ms] [LOG] [Fast Refresh] rebuilding @ http://localhost:3000/_next/static/chunks/node_modules_next_dist_0u_w_5s._.js:1226
[44702509ms] [LOG] [Fast Refresh] done in 301ms @ http://localhost:3000/_next/static/chunks/node_modules_next_dist_0u_w_5s._.js:1226
[44702681ms] [LOG] [Fast Refresh] rebuilding @ http://localhost:3000/_next/static/chunks/node_modules_next_dist_0u_w_5s._.js:1226
[44702681ms] [LOG] [Fast Refresh] done in 100ms @ http://localhost:3000/_next/static/chunks/node_modules_next_dist_0u_w_5s._.js:1226
[44702798ms] [LOG] [Fast Refresh] rebuilding @ http://localhost:3000/_next/static/chunks/node_modules_next_dist_0u_w_5s._.js:1226
[44707177ms] [LOG] [Fast Refresh] done in 4482ms @ http://localhost:3000/_next/static/chunks/node_modules_next_dist_0u_w_5s._.js:1226
[44707450ms] [ERROR] Failed to load resource: the server responded with a status of 404 (Not Found) @ http://localhost:3000/admin/verski-turizam:0
[44707901ms] [INFO] %cDownload the React DevTools for a better development experience: https://react.dev/link/react-devtools font-weight:bold @ http://localhost:3000/_next/static/chunks/node_modules_next_dist_115brz8._.js:2431
[44708045ms] [LOG] [HMR] connected @ http://localhost:3000/_next/static/chunks/node_modules_next_dist_115brz8._.js:2431
[44713643ms] [LOG] [Fast Refresh] rebuilding @ http://localhost:3000/_next/static/chunks/node_modules_next_dist_115brz8._.js:2431
[44713839ms] [ERROR] ./src/components/home/ReviewsSection.tsx:4:1
Module not found: Can't resolve '@/data/reviews'
  2 | import { GlowButton } from "@/components/common/GlowButton";
  3 | import { SectionHeader } from "@/components/common/SectionHeader";
> 4 | import { reviews } from "@/data/reviews";
    | ^^^^^^^^^^^^^^^^^^^^^^^^^^^^^^^^^^^^^^^^^
  5 |
  6 | export function ReviewsSection() {
  7 |   return (

Import map: aliased to relative './src/data/reviews' inside of [project]/

Import trace:
  Server Component:
    ./src/components/home/ReviewsSection.tsx
    ./src/components/store/HomePage.tsx
    ./src/app/[locale]/page.tsx

https://nextjs.org/docs/messages/module-not-found @ http://localhost:3000/_next/static/chunks/node_modules_next_dist_115brz8._.js:3272
[44714012ms] [ERROR] Failed to load resource: the server responded with a status of 500 (Internal Server Error) @ http://localhost:3000/admin/verski-turizam?_rsc=1nkcf:0
[44714051ms] [LOG] [Fast Refresh] rebuilding @ http://localhost:3000/_next/static/chunks/node_modules_next_dist_115brz8._.js:2431
[44714052ms] [ERROR] ./src/components/home/ReviewsSection.tsx:4:1
Module not found: Can't resolve '@/data/reviews'
  2 | import { GlowButton } from "@/components/common/GlowButton";
  3 | import { SectionHeader } from "@/components/common/SectionHeader";
> 4 | import { reviews } from "@/data/reviews";
    | ^^^^^^^^^^^^^^^^^^^^^^^^^^^^^^^^^^^^^^^^^
  5 |
  6 | export function ReviewsSection() {
  7 |   return (

Import map: aliased to relative './src/data/reviews' inside of [project]/

Import trace:
  Server Component:
    ./src/components/home/ReviewsSection.tsx
    ./src/components/store/HomePage.tsx
    ./src/app/[locale]/page.tsx

https://nextjs.org/docs/messages/module-not-found @ http://localhost:3000/_next/static/chunks/node_modules_next_dist_115brz8._.js:3272
[44714145ms] [ERROR] Failed to load resource: the server responded with a status of 500 (Internal Server Error) @ http://localhost:3000/admin/verski-turizam?_rsc=1nkcf:0
[44714189ms] [ERROR] Failed to load resource: the server responded with a status of 500 (Internal Server Error) @ http://localhost:3000/admin/verski-turizam:0
[44714287ms] [INFO] %cDownload the React DevTools for a better development experience: https://react.dev/link/react-devtools font-weight:bold @ http://localhost:3000/_next/static/chunks/node_modules_react-dom_0bruynb._.js:15305
[44714307ms] Error: ./src/components/home/ReviewsSection.tsx:4:1
Module not found: Can't resolve '@/data/reviews'
  2 | import { GlowButton } from "@/components/common/GlowButton";
  3 | import { SectionHeader } from "@/components/common/SectionHeader";
> 4 | import { reviews } from "@/data/reviews";
    | ^^^^^^^^^^^^^^^^^^^^^^^^^^^^^^^^^^^^^^^^^
  5 |
  6 | export function ReviewsSection() {
  7 |   return (

Import map: aliased to relative './src/data/reviews' inside of [project]/


Import trace:
  Server Component:
    ./src/components/home/ReviewsSection.tsx
    ./src/components/store/HomePage.tsx
    ./src/app/[locale]/page.tsx

https://nextjs.org/docs/messages/module-not-found


    at <unknown> (Error: ./src/components/home/ReviewsSection.tsx:4:1)
    at <unknown> (https://nextjs.org/docs/messages/module-not-found)
    at Object.getCompilationErrors (file://C:\Users\admin\Desktop\monte-z\node_modules\next\dist\server\dev\hot-reloader-turbopack.js:1186:59)
    at DevBundlerService.getCompilationError (file://C:\Users\admin\Desktop\monte-z\node_modules\next\dist\server\lib\dev-bundler-service.js:44:55)
    at DevServer.getCompilationError (file://C:\Users\admin\Desktop\monte-z\node_modules\next\dist\server\dev\next-dev-server.js:719:42)
    at DevServer.findPageComponents (file://C:\Users\admin\Desktop\monte-z\node_modules\next\dist\server\dev\next-dev-server.js:689:43)
    at async DevServer.renderErrorToResponseImpl (file://C:\Users\admin\Desktop\monte-z\node_modules\next\dist\server\base-server.js:1686:30)
[44714319ms] [LOG] [HMR] connected @ http://localhost:3000/_next/static/chunks/node_modules_next_dist_0u_w_5s._.js:1226
[44714355ms] [ERROR] ./src/components/home/ReviewsSection.tsx:4:1
Module not found: Can't resolve '@/data/reviews'
  2 | import { GlowButton } from "@/components/common/GlowButton";
  3 | import { SectionHeader } from "@/components/common/SectionHeader";
> 4 | import { reviews } from "@/data/reviews";
    | ^^^^^^^^^^^^^^^^^^^^^^^^^^^^^^^^^^^^^^^^^
  5 |
  6 | export function ReviewsSection() {
  7 |   return (

Import map: aliased to relative './src/data/reviews' inside of [project]/

Import trace:
  Server Component:
    ./src/components/home/ReviewsSection.tsx
    ./src/components/store/HomePage.tsx
    ./src/app/[locale]/page.tsx

https://nextjs.org/docs/messages/module-not-found @ http://localhost:3000/_next/static/chunks/node_modules_next_dist_0u_w_5s._.js:1945
[44714386ms] [ERROR] ./src/components/home/ReviewsSection.tsx:4:1
Module not found: Can't resolve '@/data/reviews'
  2 | import { GlowButton } from "@/components/common/GlowButton";
  3 | import { SectionHeader } from "@/components/common/SectionHeader";
> 4 | import { reviews } from "@/data/reviews";
    | ^^^^^^^^^^^^^^^^^^^^^^^^^^^^^^^^^^^^^^^^^
  5 |
  6 | export function ReviewsSection() {
  7 |   return (

Import map: aliased to relative './src/data/reviews' inside of [project]/

Import trace:
  Server Component:
    ./src/components/home/ReviewsSection.tsx
    ./src/components/store/HomePage.tsx
    ./src/app/[locale]/page.tsx

https://nextjs.org/docs/messages/module-not-found @ http://localhost:3000/_next/static/chunks/node_modules_next_dist_0u_w_5s._.js:1945
[44714417ms] [ERROR] ./src/components/home/ReviewsSection.tsx:4:1
Module not found: Can't resolve '@/data/reviews'
  2 | import { GlowButton } from "@/components/common/GlowButton";
  3 | import { SectionHeader } from "@/components/common/SectionHeader";
> 4 | import { reviews } from "@/data/reviews";
    | ^^^^^^^^^^^^^^^^^^^^^^^^^^^^^^^^^^^^^^^^^
  5 |
  6 | export function ReviewsSection() {
  7 |   return (

Import map: aliased to relative './src/data/reviews' inside of [project]/

Import trace:
  Server Component:
    ./src/components/home/ReviewsSection.tsx
    ./src/components/store/HomePage.tsx
    ./src/app/[locale]/page.tsx

https://nextjs.org/docs/messages/module-not-found @ http://localhost:3000/_next/static/chunks/node_modules_next_dist_0u_w_5s._.js:1945
[44714495ms] [LOG] [Fast Refresh] rebuilding @ http://localhost:3000/_next/static/chunks/node_modules_next_dist_0u_w_5s._.js:1226
[44728441ms] [LOG] [Fast Refresh] rebuilding @ http://localhost:3000/_next/static/chunks/node_modules_next_dist_0u_w_5s._.js:1226
[44728670ms] [LOG] [Fast Refresh] done in 333ms @ http://localhost:3000/_next/static/chunks/node_modules_next_dist_0u_w_5s._.js:1226
[44729015ms] [LOG] [Fast Refresh] rebuilding @ http://localhost:3000/_next/static/chunks/node_modules_next_dist_0u_w_5s._.js:1226
[44729540ms] [LOG] [Fast Refresh] done in 630ms @ http://localhost:3000/_next/static/chunks/node_modules_next_dist_0u_w_5s._.js:1226
[44734092ms] [ERROR] Failed to load resource: the server responded with a status of 404 (Not Found) @ http://localhost:3000/admin/verski-turizam:0
[44734385ms] [INFO] %cDownload the React DevTools for a better development experience: https://react.dev/link/react-devtools font-weight:bold @ http://localhost:3000/_next/static/chunks/node_modules_next_dist_115brz8._.js:2431
[44734471ms] [LOG] [HMR] connected @ http://localhost:3000/_next/static/chunks/node_modules_next_dist_115brz8._.js:2431
[44738753ms] [LOG] [Fast Refresh] rebuilding @ http://localhost:3000/_next/static/chunks/node_modules_next_dist_115brz8._.js:2431
[44738954ms] [ERROR] ./src/components/home/PromoCards.tsx:4:1
Module not found: Can't resolve '@/data/promoCards'
  2 | import Image from "next/image";
  3 | import { ArrowRight } from "lucide-react";
> 4 | import { promoCards } from "@/data/promoCards";
    | ^^^^^^^^^^^^^^^^^^^^^^^^^^^^^^^^^^^^^^^^^^^^^^^
  5 |
  6 | export function PromoCards() {
  7 |   return (

Import map: aliased to relative './src/data/promoCards' inside of [project]/

Import trace:
  Server Component:
    ./src/components/home/PromoCards.tsx
    ./src/components/home/HeroSection.tsx
    ./src/components/store/HomePage.tsx
    ./src/app/[locale]/page.tsx

https://nextjs.org/docs/messages/module-not-found @ http://localhost:3000/_next/static/chunks/node_modules_next_dist_115brz8._.js:3272
[44739112ms] [ERROR] Failed to load resource: the server responded with a status of 500 (Internal Server Error) @ http://localhost:3000/admin/verski-turizam?_rsc=1nkcf:0
[44739156ms] [LOG] [Fast Refresh] rebuilding @ http://localhost:3000/_next/static/chunks/node_modules_next_dist_115brz8._.js:2431
[44739157ms] [ERROR] ./src/components/home/PromoCards.tsx:4:1
Module not found: Can't resolve '@/data/promoCards'
  2 | import Image from "next/image";
  3 | import { ArrowRight } from "lucide-react";
> 4 | import { promoCards } from "@/data/promoCards";
    | ^^^^^^^^^^^^^^^^^^^^^^^^^^^^^^^^^^^^^^^^^^^^^^^
  5 |
  6 | export function PromoCards() {
  7 |   return (

Import map: aliased to relative './src/data/promoCards' inside of [project]/

Import trace:
  Server Component:
    ./src/components/home/PromoCards.tsx
    ./src/components/home/HeroSection.tsx
    ./src/components/store/HomePage.tsx
    ./src/app/[locale]/page.tsx

https://nextjs.org/docs/messages/module-not-found @ http://localhost:3000/_next/static/chunks/node_modules_next_dist_115brz8._.js:3272
[44739274ms] [ERROR] Failed to load resource: the server responded with a status of 500 (Internal Server Error) @ http://localhost:3000/admin/verski-turizam?_rsc=1nkcf:0
[44739320ms] [ERROR] Failed to load resource: the server responded with a status of 500 (Internal Server Error) @ http://localhost:3000/admin/verski-turizam:0
[44739444ms] [INFO] %cDownload the React DevTools for a better development experience: https://react.dev/link/react-devtools font-weight:bold @ http://localhost:3000/_next/static/chunks/node_modules_react-dom_0bruynb._.js:15305
[44739476ms] Error: ./src/components/home/PromoCards.tsx:4:1
Module not found: Can't resolve '@/data/promoCards'
  2 | import Image from "next/image";
  3 | import { ArrowRight } from "lucide-react";
> 4 | import { promoCards } from "@/data/promoCards";
    | ^^^^^^^^^^^^^^^^^^^^^^^^^^^^^^^^^^^^^^^^^^^^^^^
  5 |
  6 | export function PromoCards() {
  7 |   return (

Import map: aliased to relative './src/data/promoCards' inside of [project]/


Import trace:
  Server Component:
    ./src/components/home/PromoCards.tsx
    ./src/components/home/HeroSection.tsx
    ./src/components/store/HomePage.tsx
    ./src/app/[locale]/page.tsx

https://nextjs.org/docs/messages/module-not-found


    at <unknown> (Error: ./src/components/home/PromoCards.tsx:4:1)
    at <unknown> (https://nextjs.org/docs/messages/module-not-found)
    at Object.getCompilationErrors (file://C:\Users\admin\Desktop\monte-z\node_modules\next\dist\server\dev\hot-reloader-turbopack.js:1186:59)
    at DevBundlerService.getCompilationError (file://C:\Users\admin\Desktop\monte-z\node_modules\next\dist\server\lib\dev-bundler-service.js:44:55)
    at DevServer.getCompilationError (file://C:\Users\admin\Desktop\monte-z\node_modules\next\dist\server\dev\next-dev-server.js:719:42)
    at DevServer.findPageComponents (file://C:\Users\admin\Desktop\monte-z\node_modules\next\dist\server\dev\next-dev-server.js:689:43)
    at async DevServer.renderErrorToResponseImpl (file://C:\Users\admin\Desktop\monte-z\node_modules\next\dist\server\base-server.js:1686:30)
[44739487ms] [LOG] [HMR] connected @ http://localhost:3000/_next/static/chunks/node_modules_next_dist_0u_w_5s._.js:1226
[44739513ms] [ERROR] ./src/components/home/PromoCards.tsx:4:1
Module not found: Can't resolve '@/data/promoCards'
  2 | import Image from "next/image";
  3 | import { ArrowRight } from "lucide-react";
> 4 | import { promoCards } from "@/data/promoCards";
    | ^^^^^^^^^^^^^^^^^^^^^^^^^^^^^^^^^^^^^^^^^^^^^^^
  5 |
  6 | export function PromoCards() {
  7 |   return (

Import map: aliased to relative './src/data/promoCards' inside of [project]/

Import trace:
  Server Component:
    ./src/components/home/PromoCards.tsx
    ./src/components/home/HeroSection.tsx
    ./src/components/store/HomePage.tsx
    ./src/app/[locale]/page.tsx

https://nextjs.org/docs/messages/module-not-found @ http://localhost:3000/_next/static/chunks/node_modules_next_dist_0u_w_5s._.js:1945
[44739581ms] [ERROR] ./src/components/home/PromoCards.tsx:4:1
Module not found: Can't resolve '@/data/promoCards'
  2 | import Image from "next/image";
  3 | import { ArrowRight } from "lucide-react";
> 4 | import { promoCards } from "@/data/promoCards";
    | ^^^^^^^^^^^^^^^^^^^^^^^^^^^^^^^^^^^^^^^^^^^^^^^
  5 |
  6 | export function PromoCards() {
  7 |   return (

Import map: aliased to relative './src/data/promoCards' inside of [project]/

Import trace:
  Server Component:
    ./src/components/home/PromoCards.tsx
    ./src/components/home/HeroSection.tsx
    ./src/components/store/HomePage.tsx
    ./src/app/[locale]/page.tsx

https://nextjs.org/docs/messages/module-not-found @ http://localhost:3000/_next/static/chunks/node_modules_next_dist_0u_w_5s._.js:1945
[44739597ms] [ERROR] ./src/components/home/PromoCards.tsx:4:1
Module not found: Can't resolve '@/data/promoCards'
  2 | import Image from "next/image";
  3 | import { ArrowRight } from "lucide-react";
> 4 | import { promoCards } from "@/data/promoCards";
    | ^^^^^^^^^^^^^^^^^^^^^^^^^^^^^^^^^^^^^^^^^^^^^^^
  5 |
  6 | export function PromoCards() {
  7 |   return (

Import map: aliased to relative './src/data/promoCards' inside of [project]/

Import trace:
  Server Component:
    ./src/components/home/PromoCards.tsx
    ./src/components/home/HeroSection.tsx
    ./src/components/store/HomePage.tsx
    ./src/app/[locale]/page.tsx

https://nextjs.org/docs/messages/module-not-found @ http://localhost:3000/_next/static/chunks/node_modules_next_dist_0u_w_5s._.js:1945
[44739683ms] [LOG] [Fast Refresh] rebuilding @ http://localhost:3000/_next/static/chunks/node_modules_next_dist_0u_w_5s._.js:1226
[44757672ms] [LOG] [Fast Refresh] rebuilding @ http://localhost:3000/_next/static/chunks/node_modules_next_dist_0u_w_5s._.js:1226
[44757819ms] [LOG] [Fast Refresh] done in 243ms @ http://localhost:3000/_next/static/chunks/node_modules_next_dist_0u_w_5s._.js:1226
[44758040ms] [LOG] [Fast Refresh] rebuilding @ http://localhost:3000/_next/static/chunks/node_modules_next_dist_0u_w_5s._.js:1226
[44758053ms] [LOG] [Fast Refresh] done in 123ms @ http://localhost:3000/_next/static/chunks/node_modules_next_dist_0u_w_5s._.js:1226
[44758180ms] [LOG] [Fast Refresh] rebuilding @ http://localhost:3000/_next/static/chunks/node_modules_next_dist_0u_w_5s._.js:1226
[44758641ms] [LOG] [Fast Refresh] done in 568ms @ http://localhost:3000/_next/static/chunks/node_modules_next_dist_0u_w_5s._.js:1226
[44762943ms] [ERROR] Failed to load resource: the server responded with a status of 404 (Not Found) @ http://localhost:3000/admin/verski-turizam:0
[44763799ms] [INFO] %cDownload the React DevTools for a better development experience: https://react.dev/link/react-devtools font-weight:bold @ http://localhost:3000/_next/static/chunks/node_modules_next_dist_115brz8._.js:2431
[44763945ms] [LOG] [HMR] connected @ http://localhost:3000/_next/static/chunks/node_modules_next_dist_115brz8._.js:2431
[44776123ms] [LOG] [Fast Refresh] rebuilding @ http://localhost:3000/_next/static/chunks/node_modules_next_dist_115brz8._.js:2431
[44776550ms] [ERROR] ./src/components/store/HomePage.tsx:6:1
Module not found: Can't resolve '@/components/home/HeroSection'
  4 | import { FeaturedProductsSection } from "@/components/home/FeaturedProductsSection";
  5 | import { Footer } from "@/components/home/Footer";
> 6 | import { HeroSection } from "@/components/home/HeroSection";
    | ^^^^^^^^^^^^^^^^^^^^^^^^^^^^^^^^^^^^^^^^^^^^^^^^^^^^^^^^^^^^
  7 | import { NewsletterSection } from "@/components/home/NewsletterSection";
  8 | import { PromoBanners } from "@/components/home/PromoBanners";
  9 | import { ReviewsSection } from "@/components/home/ReviewsSection";

Import map: aliased to relative './src/components/home/HeroSection' inside of [project]/

Import trace:
  Server Component:
    ./src/components/store/HomePage.tsx
    ./src/app/[locale]/page.tsx

https://nextjs.org/docs/messages/module-not-found @ http://localhost:3000/_next/static/chunks/node_modules_next_dist_115brz8._.js:3272
[44776706ms] [ERROR] Failed to load resource: the server responded with a status of 500 (Internal Server Error) @ http://localhost:3000/admin/verski-turizam?_rsc=1nkcf:0
[44776757ms] [LOG] [Fast Refresh] rebuilding @ http://localhost:3000/_next/static/chunks/node_modules_next_dist_115brz8._.js:2431
[44776758ms] [ERROR] ./src/components/store/HomePage.tsx:6:1
Module not found: Can't resolve '@/components/home/HeroSection'
  4 | import { FeaturedProductsSection } from "@/components/home/FeaturedProductsSection";
  5 | import { Footer } from "@/components/home/Footer";
> 6 | import { HeroSection } from "@/components/home/HeroSection";
    | ^^^^^^^^^^^^^^^^^^^^^^^^^^^^^^^^^^^^^^^^^^^^^^^^^^^^^^^^^^^^
  7 | import { NewsletterSection } from "@/components/home/NewsletterSection";
  8 | import { PromoBanners } from "@/components/home/PromoBanners";
  9 | import { ReviewsSection } from "@/components/home/ReviewsSection";

Import map: aliased to relative './src/components/home/HeroSection' inside of [project]/

Import trace:
  Server Component:
    ./src/components/store/HomePage.tsx
    ./src/app/[locale]/page.tsx

https://nextjs.org/docs/messages/module-not-found @ http://localhost:3000/_next/static/chunks/node_modules_next_dist_115brz8._.js:3272
[44776849ms] [ERROR] Failed to load resource: the server responded with a status of 500 (Internal Server Error) @ http://localhost:3000/admin/verski-turizam?_rsc=1nkcf:0
[44776899ms] [ERROR] Failed to load resource: the server responded with a status of 500 (Internal Server Error) @ http://localhost:3000/admin/verski-turizam:0
[44777281ms] [INFO] %cDownload the React DevTools for a better development experience: https://react.dev/link/react-devtools font-weight:bold @ http://localhost:3000/_next/static/chunks/node_modules_react-dom_0bruynb._.js:15305
[44777322ms] Error: ./src/components/store/HomePage.tsx:6:1
Module not found: Can't resolve '@/components/home/HeroSection'
  4 | import { FeaturedProductsSection } from "@/components/home/FeaturedProductsSection";
  5 | import { Footer } from "@/components/home/Footer";
> 6 | import { HeroSection } from "@/components/home/HeroSection";
    | ^^^^^^^^^^^^^^^^^^^^^^^^^^^^^^^^^^^^^^^^^^^^^^^^^^^^^^^^^^^^
  7 | import { NewsletterSection } from "@/components/home/NewsletterSection";
  8 | import { PromoBanners } from "@/components/home/PromoBanners";
  9 | import { ReviewsSection } from "@/components/home/ReviewsSection";

Import map: aliased to relative './src/components/home/HeroSection' inside of [project]/


Import trace:
  Server Component:
    ./src/components/store/HomePage.tsx
    ./src/app/[locale]/page.tsx

https://nextjs.org/docs/messages/module-not-found


    at <unknown> (Error: ./src/components/store/HomePage.tsx:6:1)
    at <unknown> (https://nextjs.org/docs/messages/module-not-found)
    at Object.getCompilationErrors (file://C:\Users\admin\Desktop\monte-z\node_modules\next\dist\server\dev\hot-reloader-turbopack.js:1186:59)
    at DevBundlerService.getCompilationError (file://C:\Users\admin\Desktop\monte-z\node_modules\next\dist\server\lib\dev-bundler-service.js:44:55)
    at DevServer.getCompilationError (file://C:\Users\admin\Desktop\monte-z\node_modules\next\dist\server\dev\next-dev-server.js:719:42)
    at DevServer.findPageComponents (file://C:\Users\admin\Desktop\monte-z\node_modules\next\dist\server\dev\next-dev-server.js:689:43)
    at async DevServer.renderErrorToResponseImpl (file://C:\Users\admin\Desktop\monte-z\node_modules\next\dist\server\base-server.js:1686:30)
[44777373ms] [LOG] [HMR] connected @ http://localhost:3000/_next/static/chunks/node_modules_next_dist_0u_w_5s._.js:1226
[44777554ms] [ERROR] ./src/components/store/HomePage.tsx:6:1
Module not found: Can't resolve '@/components/home/HeroSection'
  4 | import { FeaturedProductsSection } from "@/components/home/FeaturedProductsSection";
  5 | import { Footer } from "@/components/home/Footer";
> 6 | import { HeroSection } from "@/components/home/HeroSection";
    | ^^^^^^^^^^^^^^^^^^^^^^^^^^^^^^^^^^^^^^^^^^^^^^^^^^^^^^^^^^^^
  7 | import { NewsletterSection } from "@/components/home/NewsletterSection";
  8 | import { PromoBanners } from "@/components/home/PromoBanners";
  9 | import { ReviewsSection } from "@/components/home/ReviewsSection";

Import map: aliased to relative './src/components/home/HeroSection' inside of [project]/

Import trace:
  Server Component:
    ./src/components/store/HomePage.tsx
    ./src/app/[locale]/page.tsx

https://nextjs.org/docs/messages/module-not-found @ http://localhost:3000/_next/static/chunks/node_modules_next_dist_0u_w_5s._.js:1945
[44777628ms] [LOG] [Fast Refresh] rebuilding @ http://localhost:3000/_next/static/chunks/node_modules_next_dist_0u_w_5s._.js:1226
[44777634ms] [ERROR] ./src/components/store/HomePage.tsx:6:1
Module not found: Can't resolve '@/components/home/HeroSection'
  4 | import { FeaturedProductsSection } from "@/components/home/FeaturedProductsSection";
  5 | import { Footer } from "@/components/home/Footer";
> 6 | import { HeroSection } from "@/components/home/HeroSection";
    | ^^^^^^^^^^^^^^^^^^^^^^^^^^^^^^^^^^^^^^^^^^^^^^^^^^^^^^^^^^^^
  7 | import { NewsletterSection } from "@/components/home/NewsletterSection";
  8 | import { PromoBanners } from "@/components/home/PromoBanners";
  9 | import { ReviewsSection } from "@/components/home/ReviewsSection";

Import map: aliased to relative './src/components/home/HeroSection' inside of [project]/

Import trace:
  Server Component:
    ./src/components/store/HomePage.tsx
    ./src/app/[locale]/page.tsx

https://nextjs.org/docs/messages/module-not-found @ http://localhost:3000/_next/static/chunks/node_modules_next_dist_0u_w_5s._.js:1945
[44777643ms] [ERROR] ./src/components/store/HomePage.tsx:6:1
Module not found: Can't resolve '@/components/home/HeroSection'
  4 | import { FeaturedProductsSection } from "@/components/home/FeaturedProductsSection";
  5 | import { Footer } from "@/components/home/Footer";
> 6 | import { HeroSection } from "@/components/home/HeroSection";
    | ^^^^^^^^^^^^^^^^^^^^^^^^^^^^^^^^^^^^^^^^^^^^^^^^^^^^^^^^^^^^
  7 | import { NewsletterSection } from "@/components/home/NewsletterSection";
  8 | import { PromoBanners } from "@/components/home/PromoBanners";
  9 | import { ReviewsSection } from "@/components/home/ReviewsSection";

Import map: aliased to relative './src/components/home/HeroSection' inside of [project]/

Import trace:
  Server Component:
    ./src/components/store/HomePage.tsx
    ./src/app/[locale]/page.tsx

https://nextjs.org/docs/messages/module-not-found @ http://localhost:3000/_next/static/chunks/node_modules_next_dist_0u_w_5s._.js:1945
[44777742ms] [LOG] [Fast Refresh] rebuilding @ http://localhost:3000/_next/static/chunks/node_modules_next_dist_0u_w_5s._.js:1226
[44777938ms] [ERROR] ./src/components/store/HomePage.tsx:6:1
Module not found: Can't resolve '@/components/home/HeroSection'
  4 | import { FeaturedProductsSection } from "@/components/home/FeaturedProductsSection";
  5 | import { Footer } from "@/components/home/Footer";
> 6 | import { HeroSection } from "@/components/home/HeroSection";
    | ^^^^^^^^^^^^^^^^^^^^^^^^^^^^^^^^^^^^^^^^^^^^^^^^^^^^^^^^^^^^
  7 | import { NewsletterSection } from "@/components/home/NewsletterSection";
  8 | import { PromoBanners } from "@/components/home/PromoBanners";
  9 | import { ReviewsSection } from "@/components/home/ReviewsSection";

Import map: aliased to relative './src/components/home/HeroSection' inside of [project]/

Import trace:
  Server Component:
    ./src/components/store/HomePage.tsx
    ./src/app/[locale]/page.tsx

https://nextjs.org/docs/messages/module-not-found @ http://localhost:3000/_next/static/chunks/node_modules_next_dist_0u_w_5s._.js:1945
[44778006ms] [ERROR] ./src/components/store/HomePage.tsx:6:1
Module not found: Can't resolve '@/components/home/HeroSection'
  4 | import { FeaturedProductsSection } from "@/components/home/FeaturedProductsSection";
  5 | import { Footer } from "@/components/home/Footer";
> 6 | import { HeroSection } from "@/components/home/HeroSection";
    | ^^^^^^^^^^^^^^^^^^^^^^^^^^^^^^^^^^^^^^^^^^^^^^^^^^^^^^^^^^^^
  7 | import { NewsletterSection } from "@/components/home/NewsletterSection";
  8 | import { PromoBanners } from "@/components/home/PromoBanners";
  9 | import { ReviewsSection } from "@/components/home/ReviewsSection";

Import map: aliased to relative './src/components/home/HeroSection' inside of [project]/

Import trace:
  Server Component:
    ./src/components/store/HomePage.tsx
    ./src/app/[locale]/page.tsx

https://nextjs.org/docs/messages/module-not-found @ http://localhost:3000/_next/static/chunks/node_modules_next_dist_0u_w_5s._.js:1945
[44778041ms] [LOG] [Fast Refresh] rebuilding @ http://localhost:3000/_next/static/chunks/node_modules_next_dist_0u_w_5s._.js:1226
[44801359ms] [LOG] [Fast Refresh] rebuilding @ http://localhost:3000/_next/static/chunks/node_modules_next_dist_0u_w_5s._.js:1226
[44801796ms] [LOG] [Fast Refresh] done in 547ms @ http://localhost:3000/_next/static/chunks/node_modules_next_dist_0u_w_5s._.js:1226
[44801930ms] [LOG] [Fast Refresh] rebuilding @ http://localhost:3000/_next/static/chunks/node_modules_next_dist_0u_w_5s._.js:1226
[44802265ms] [LOG] [Fast Refresh] done in 443ms @ http://localhost:3000/_next/static/chunks/node_modules_next_dist_0u_w_5s._.js:1226
[44803047ms] [LOG] [Fast Refresh] rebuilding @ http://localhost:3000/_next/static/chunks/node_modules_next_dist_0u_w_5s._.js:1226
[44803266ms] [LOG] [Fast Refresh] done in 327ms @ http://localhost:3000/_next/static/chunks/node_modules_next_dist_0u_w_5s._.js:1226
[44803374ms] [LOG] [Fast Refresh] rebuilding @ http://localhost:3000/_next/static/chunks/node_modules_next_dist_0u_w_5s._.js:1226
[44805707ms] [LOG] [Fast Refresh] done in 2439ms @ http://localhost:3000/_next/static/chunks/node_modules_next_dist_0u_w_5s._.js:1226
[44805727ms] [ERROR] Failed to load resource: the server responded with a status of 404 (Not Found) @ http://localhost:3000/admin/verski-turizam:0
[44806197ms] [INFO] %cDownload the React DevTools for a better development experience: https://react.dev/link/react-devtools font-weight:bold @ http://localhost:3000/_next/static/chunks/node_modules_next_dist_115brz8._.js:2431
[44806316ms] [LOG] [HMR] connected @ http://localhost:3000/_next/static/chunks/node_modules_next_dist_115brz8._.js:2431
[44811160ms] [LOG] [Fast Refresh] rebuilding @ http://localhost:3000/_next/static/chunks/node_modules_next_dist_115brz8._.js:2431
[44813257ms] [ERROR] ./src/components/home/HeroSection.tsx:3:1
Module not found: Can't resolve '@/components/home/HeroContent'
  1 | import Image from "next/image";
  2 | import { CategoryDock } from "@/components/home/CategoryDock";
> 3 | import { HeroContent } from "@/components/home/HeroContent";
    | ^^^^^^^^^^^^^^^^^^^^^^^^^^^^^^^^^^^^^^^^^^^^^^^^^^^^^^^^^^^^
  4 | import { PromoCards } from "@/components/home/PromoCards";
  5 | import { TrustBadges } from "@/components/home/TrustBadges";
  6 |

Import map: aliased to relative './src/components/home/HeroContent' inside of [project]/

Import trace:
  Server Component:
    ./src/components/home/HeroSection.tsx
    ./src/components/store/HomePage.tsx
    ./src/app/[locale]/page.tsx

https://nextjs.org/docs/messages/module-not-found @ http://localhost:3000/_next/static/chunks/node_modules_next_dist_115brz8._.js:3272
[44813790ms] [ERROR] ./src/components/home/HeroSection.tsx:3:1
Module not found: Can't resolve '@/components/home/HeroContent'
  1 | import Image from "next/image";
  2 | import { CategoryDock } from "@/components/home/CategoryDock";
> 3 | import { HeroContent } from "@/components/home/HeroContent";
    | ^^^^^^^^^^^^^^^^^^^^^^^^^^^^^^^^^^^^^^^^^^^^^^^^^^^^^^^^^^^^
  4 | import { PromoCards } from "@/components/home/PromoCards";
  5 | import { TrustBadges } from "@/components/home/TrustBadges";
  6 |

Import map: aliased to relative './src/components/home/HeroContent' inside of [project]/

Import trace:
  Server Component:
    ./src/components/home/HeroSection.tsx
    ./src/components/store/HomePage.tsx
    ./src/app/[locale]/page.tsx

https://nextjs.org/docs/messages/module-not-found @ http://localhost:3000/_next/static/chunks/node_modules_next_dist_115brz8._.js:3272
[44813793ms] [ERROR] Failed to load resource: the server responded with a status of 500 (Internal Server Error) @ http://localhost:3000/admin/verski-turizam?_rsc=1nkcf:0
[44813802ms] [LOG] [Fast Refresh] rebuilding @ http://localhost:3000/_next/static/chunks/node_modules_next_dist_115brz8._.js:2431
[44813998ms] [ERROR] ./src/components/home/HeroSection.tsx:3:1
Module not found: Can't resolve '@/components/home/HeroContent'
  1 | import Image from "next/image";
  2 | import { CategoryDock } from "@/components/home/CategoryDock";
> 3 | import { HeroContent } from "@/components/home/HeroContent";
    | ^^^^^^^^^^^^^^^^^^^^^^^^^^^^^^^^^^^^^^^^^^^^^^^^^^^^^^^^^^^^
  4 | import { PromoCards } from "@/components/home/PromoCards";
  5 | import { TrustBadges } from "@/components/home/TrustBadges";
  6 |

Import map: aliased to relative './src/components/home/HeroContent' inside of [project]/

Import trace:
  Server Component:
    ./src/components/home/HeroSection.tsx
    ./src/components/store/HomePage.tsx
    ./src/app/[locale]/page.tsx

https://nextjs.org/docs/messages/module-not-found @ http://localhost:3000/_next/static/chunks/node_modules_next_dist_115brz8._.js:3272
[44814000ms] [LOG] [Fast Refresh] rebuilding @ http://localhost:3000/_next/static/chunks/node_modules_next_dist_115brz8._.js:2431
[44814000ms] [ERROR] Failed to load resource: the server responded with a status of 500 (Internal Server Error) @ http://localhost:3000/admin/verski-turizam?_rsc=1nkcf:0
[44814013ms] [ERROR] Failed to load resource: the server responded with a status of 500 (Internal Server Error) @ http://localhost:3000/admin/verski-turizam:0
[44814116ms] [INFO] %cDownload the React DevTools for a better development experience: https://react.dev/link/react-devtools font-weight:bold @ http://localhost:3000/_next/static/chunks/node_modules_react-dom_0bruynb._.js:15305
[44814124ms] Error: ./src/components/home/HeroSection.tsx:3:1
Module not found: Can't resolve '@/components/home/HeroContent'
  1 | import Image from "next/image";
  2 | import { CategoryDock } from "@/components/home/CategoryDock";
> 3 | import { HeroContent } from "@/components/home/HeroContent";
    | ^^^^^^^^^^^^^^^^^^^^^^^^^^^^^^^^^^^^^^^^^^^^^^^^^^^^^^^^^^^^
  4 | import { PromoCards } from "@/components/home/PromoCards";
  5 | import { TrustBadges } from "@/components/home/TrustBadges";
  6 |

Import map: aliased to relative './src/components/home/HeroContent' inside of [project]/


Import trace:
  Server Component:
    ./src/components/home/HeroSection.tsx
    ./src/components/store/HomePage.tsx
    ./src/app/[locale]/page.tsx

https://nextjs.org/docs/messages/module-not-found


    at <unknown> (Error: ./src/components/home/HeroSection.tsx:3:1)
    at <unknown> (https://nextjs.org/docs/messages/module-not-found)
    at Object.getCompilationErrors (file://C:\Users\admin\Desktop\monte-z\node_modules\next\dist\server\dev\hot-reloader-turbopack.js:1186:59)
    at DevBundlerService.getCompilationError (file://C:\Users\admin\Desktop\monte-z\node_modules\next\dist\server\lib\dev-bundler-service.js:44:55)
    at DevServer.getCompilationError (file://C:\Users\admin\Desktop\monte-z\node_modules\next\dist\server\dev\next-dev-server.js:719:42)
    at DevServer.findPageComponents (file://C:\Users\admin\Desktop\monte-z\node_modules\next\dist\server\dev\next-dev-server.js:689:43)
    at async DevServer.renderErrorToResponseImpl (file://C:\Users\admin\Desktop\monte-z\node_modules\next\dist\server\base-server.js:1686:30)
[44814158ms] [LOG] [HMR] connected @ http://localhost:3000/_next/static/chunks/node_modules_next_dist_0u_w_5s._.js:1226
[44814233ms] [ERROR] ./src/components/home/HeroSection.tsx:3:1
Module not found: Can't resolve '@/components/home/HeroContent'
  1 | import Image from "next/image";
  2 | import { CategoryDock } from "@/components/home/CategoryDock";
> 3 | import { HeroContent } from "@/components/home/HeroContent";
    | ^^^^^^^^^^^^^^^^^^^^^^^^^^^^^^^^^^^^^^^^^^^^^^^^^^^^^^^^^^^^
  4 | import { PromoCards } from "@/components/home/PromoCards";
  5 | import { TrustBadges } from "@/components/home/TrustBadges";
  6 |

Import map: aliased to relative './src/components/home/HeroContent' inside of [project]/

Import trace:
  Server Component:
    ./src/components/home/HeroSection.tsx
    ./src/components/store/HomePage.tsx
    ./src/app/[locale]/page.tsx

https://nextjs.org/docs/messages/module-not-found @ http://localhost:3000/_next/static/chunks/node_modules_next_dist_0u_w_5s._.js:1945
[44814240ms] [ERROR] ./src/components/home/HeroSection.tsx:3:1
Module not found: Can't resolve '@/components/home/HeroContent'
  1 | import Image from "next/image";
  2 | import { CategoryDock } from "@/components/home/CategoryDock";
> 3 | import { HeroContent } from "@/components/home/HeroContent";
    | ^^^^^^^^^^^^^^^^^^^^^^^^^^^^^^^^^^^^^^^^^^^^^^^^^^^^^^^^^^^^
  4 | import { PromoCards } from "@/components/home/PromoCards";
  5 | import { TrustBadges } from "@/components/home/TrustBadges";
  6 |

Import map: aliased to relative './src/components/home/HeroContent' inside of [project]/

Import trace:
  Server Component:
    ./src/components/home/HeroSection.tsx
    ./src/components/store/HomePage.tsx
    ./src/app/[locale]/page.tsx

https://nextjs.org/docs/messages/module-not-found @ http://localhost:3000/_next/static/chunks/node_modules_next_dist_0u_w_5s._.js:1945
[44814315ms] [ERROR] ./src/components/home/HeroSection.tsx:3:1
Module not found: Can't resolve '@/components/home/HeroContent'
  1 | import Image from "next/image";
  2 | import { CategoryDock } from "@/components/home/CategoryDock";
> 3 | import { HeroContent } from "@/components/home/HeroContent";
    | ^^^^^^^^^^^^^^^^^^^^^^^^^^^^^^^^^^^^^^^^^^^^^^^^^^^^^^^^^^^^
  4 | import { PromoCards } from "@/components/home/PromoCards";
  5 | import { TrustBadges } from "@/components/home/TrustBadges";
  6 |

Import map: aliased to relative './src/components/home/HeroContent' inside of [project]/

Import trace:
  Server Component:
    ./src/components/home/HeroSection.tsx
    ./src/components/store/HomePage.tsx
    ./src/app/[locale]/page.tsx

https://nextjs.org/docs/messages/module-not-found @ http://localhost:3000/_next/static/chunks/node_modules_next_dist_0u_w_5s._.js:1945
[44814360ms] [LOG] [Fast Refresh] rebuilding @ http://localhost:3000/_next/static/chunks/node_modules_next_dist_0u_w_5s._.js:1226
[44814508ms] [LOG] [Fast Refresh] rebuilding @ http://localhost:3000/_next/static/chunks/node_modules_next_dist_0u_w_5s._.js:1226
[44814540ms] [ERROR] ./src/components/home/HeroSection.tsx:3:1
Module not found: Can't resolve '@/components/home/HeroContent'
  1 | import Image from "next/image";
  2 | import { CategoryDock } from "@/components/home/CategoryDock";
> 3 | import { HeroContent } from "@/components/home/HeroContent";
    | ^^^^^^^^^^^^^^^^^^^^^^^^^^^^^^^^^^^^^^^^^^^^^^^^^^^^^^^^^^^^
  4 | import { PromoCards } from "@/components/home/PromoCards";
  5 | import { TrustBadges } from "@/components/home/TrustBadges";
  6 |

Import map: aliased to relative './src/components/home/HeroContent' inside of [project]/

Import trace:
  Server Component:
    ./src/components/home/HeroSection.tsx
    ./src/components/store/HomePage.tsx
    ./src/app/[locale]/page.tsx

https://nextjs.org/docs/messages/module-not-found @ http://localhost:3000/_next/static/chunks/node_modules_next_dist_0u_w_5s._.js:1945
[44814600ms] [ERROR] ./src/components/home/HeroSection.tsx:3:1
Module not found: Can't resolve '@/components/home/HeroContent'
  1 | import Image from "next/image";
  2 | import { CategoryDock } from "@/components/home/CategoryDock";
> 3 | import { HeroContent } from "@/components/home/HeroContent";
    | ^^^^^^^^^^^^^^^^^^^^^^^^^^^^^^^^^^^^^^^^^^^^^^^^^^^^^^^^^^^^
  4 | import { PromoCards } from "@/components/home/PromoCards";
  5 | import { TrustBadges } from "@/components/home/TrustBadges";
  6 |

Import map: aliased to relative './src/components/home/HeroContent' inside of [project]/

Import trace:
  Server Component:
    ./src/components/home/HeroSection.tsx
    ./src/components/store/HomePage.tsx
    ./src/app/[locale]/page.tsx

https://nextjs.org/docs/messages/module-not-found @ http://localhost:3000/_next/static/chunks/node_modules_next_dist_0u_w_5s._.js:1945
[44814708ms] [LOG] [Fast Refresh] rebuilding @ http://localhost:3000/_next/static/chunks/node_modules_next_dist_0u_w_5s._.js:1226
[44814826ms] [ERROR] ./src/components/home/HeroSection.tsx:3:1
Module not found: Can't resolve '@/components/home/HeroContent'
  1 | import Image from "next/image";
  2 | import { CategoryDock } from "@/components/home/CategoryDock";
> 3 | import { HeroContent } from "@/components/home/HeroContent";
    | ^^^^^^^^^^^^^^^^^^^^^^^^^^^^^^^^^^^^^^^^^^^^^^^^^^^^^^^^^^^^
  4 | import { PromoCards } from "@/components/home/PromoCards";
  5 | import { TrustBadges } from "@/components/home/TrustBadges";
  6 |

Import map: aliased to relative './src/components/home/HeroContent' inside of [project]/

Import trace:
  Server Component:
    ./src/components/home/HeroSection.tsx
    ./src/components/store/HomePage.tsx
    ./src/app/[locale]/page.tsx

https://nextjs.org/docs/messages/module-not-found @ http://localhost:3000/_next/static/chunks/node_modules_next_dist_0u_w_5s._.js:1945
[44815386ms] [ERROR] ./src/components/home/HeroSection.tsx:3:1
Module not found: Can't resolve '@/components/home/HeroContent'
  1 | import Image from "next/image";
  2 | import { CategoryDock } from "@/components/home/CategoryDock";
> 3 | import { HeroContent } from "@/components/home/HeroContent";
    | ^^^^^^^^^^^^^^^^^^^^^^^^^^^^^^^^^^^^^^^^^^^^^^^^^^^^^^^^^^^^
  4 | import { PromoCards } from "@/components/home/PromoCards";
  5 | import { TrustBadges } from "@/components/home/TrustBadges";
  6 |

Import map: aliased to relative './src/components/home/HeroContent' inside of [project]/

Import trace:
  Server Component:
    ./src/components/home/HeroSection.tsx
    ./src/components/store/HomePage.tsx
    ./src/app/[locale]/page.tsx

https://nextjs.org/docs/messages/module-not-found @ http://localhost:3000/_next/static/chunks/node_modules_next_dist_0u_w_5s._.js:1945
[44815435ms] [ERROR] ./src/components/home/HeroSection.tsx:3:1
Module not found: Can't resolve '@/components/home/HeroContent'
  1 | import Image from "next/image";
  2 | import { CategoryDock } from "@/components/home/CategoryDock";
> 3 | import { HeroContent } from "@/components/home/HeroContent";
    | ^^^^^^^^^^^^^^^^^^^^^^^^^^^^^^^^^^^^^^^^^^^^^^^^^^^^^^^^^^^^
  4 | import { PromoCards } from "@/components/home/PromoCards";
  5 | import { TrustBadges } from "@/components/home/TrustBadges";
  6 |

Import map: aliased to relative './src/components/home/HeroContent' inside of [project]/

Import trace:
  Server Component:
    ./src/components/home/HeroSection.tsx
    ./src/components/store/HomePage.tsx
    ./src/app/[locale]/page.tsx

https://nextjs.org/docs/messages/module-not-found @ http://localhost:3000/_next/static/chunks/node_modules_next_dist_0u_w_5s._.js:1945
[44815509ms] [LOG] [Fast Refresh] rebuilding @ http://localhost:3000/_next/static/chunks/node_modules_next_dist_0u_w_5s._.js:1226
[44832709ms] [LOG] [Fast Refresh] rebuilding @ http://localhost:3000/_next/static/chunks/node_modules_next_dist_0u_w_5s._.js:1226
[44836304ms] [LOG] [Fast Refresh] done in 3698ms @ http://localhost:3000/_next/static/chunks/node_modules_next_dist_0u_w_5s._.js:1226
[44837176ms] [LOG] [Fast Refresh] rebuilding @ http://localhost:3000/_next/static/chunks/node_modules_next_dist_0u_w_5s._.js:1226
[44840067ms] [LOG] [Fast Refresh] done in 2999ms @ http://localhost:3000/_next/static/chunks/node_modules_next_dist_0u_w_5s._.js:1226
[44842533ms] [LOG] [Fast Refresh] rebuilding @ http://localhost:3000/_next/static/chunks/node_modules_next_dist_0u_w_5s._.js:1226
[44842698ms] [ERROR] Failed to load resource: the server responded with a status of 404 (Not Found) @ http://localhost:3000/admin/verski-turizam:0
[44844415ms] [INFO] %cDownload the React DevTools for a better development experience: https://react.dev/link/react-devtools font-weight:bold @ http://localhost:3000/_next/static/chunks/node_modules_next_dist_115brz8._.js:2431
[44844472ms] [LOG] [HMR] connected @ http://localhost:3000/_next/static/chunks/node_modules_next_dist_115brz8._.js:2431
[44844698ms] [ERROR] ./src/components/home/HeroSection.tsx:5:1
Module not found: Can't resolve '@/components/home/TrustBadges'
  3 | import { HeroContent } from "@/components/home/HeroContent";
  4 | import { PromoCards } from "@/components/home/PromoCards";
> 5 | import { TrustBadges } from "@/components/home/TrustBadges";
    | ^^^^^^^^^^^^^^^^^^^^^^^^^^^^^^^^^^^^^^^^^^^^^^^^^^^^^^^^^^^^
  6 |
  7 | export function HeroSection() {
  8 |   return (

Import map: aliased to relative './src/components/home/TrustBadges' inside of [project]/

Import trace:
  Server Component:
    ./src/components/home/HeroSection.tsx
    ./src/components/store/HomePage.tsx
    ./src/app/[locale]/page.tsx

https://nextjs.org/docs/messages/module-not-found @ http://localhost:3000/_next/static/chunks/node_modules_next_dist_115brz8._.js:3272
[44844801ms] [ERROR] ./src/components/home/HeroSection.tsx:5:1
Module not found: Can't resolve '@/components/home/TrustBadges'
  3 | import { HeroContent } from "@/components/home/HeroContent";
  4 | import { PromoCards } from "@/components/home/PromoCards";
> 5 | import { TrustBadges } from "@/components/home/TrustBadges";
    | ^^^^^^^^^^^^^^^^^^^^^^^^^^^^^^^^^^^^^^^^^^^^^^^^^^^^^^^^^^^^
  6 |
  7 | export function HeroSection() {
  8 |   return (

Import map: aliased to relative './src/components/home/TrustBadges' inside of [project]/

Import trace:
  Server Component:
    ./src/components/home/HeroSection.tsx
    ./src/components/store/HomePage.tsx
    ./src/app/[locale]/page.tsx

https://nextjs.org/docs/messages/module-not-found @ http://localhost:3000/_next/static/chunks/node_modules_next_dist_115brz8._.js:3272
[44844845ms] [LOG] [Fast Refresh] rebuilding @ http://localhost:3000/_next/static/chunks/node_modules_next_dist_115brz8._.js:2431
[44847008ms] [ERROR] ./src/components/home/HeroSection.tsx:5:1
Module not found: Can't resolve '@/components/home/TrustBadges'
  3 | import { HeroContent } from "@/components/home/HeroContent";
  4 | import { PromoCards } from "@/components/home/PromoCards";
> 5 | import { TrustBadges } from "@/components/home/TrustBadges";
    | ^^^^^^^^^^^^^^^^^^^^^^^^^^^^^^^^^^^^^^^^^^^^^^^^^^^^^^^^^^^^
  6 |
  7 | export function HeroSection() {
  8 |   return (

Import map: aliased to relative './src/components/home/TrustBadges' inside of [project]/

Import trace:
  Server Component:
    ./src/components/home/HeroSection.tsx
    ./src/components/store/HomePage.tsx
    ./src/app/[locale]/page.tsx

https://nextjs.org/docs/messages/module-not-found @ http://localhost:3000/_next/static/chunks/node_modules_next_dist_115brz8._.js:3272
[44847079ms] [LOG] [Fast Refresh] rebuilding @ http://localhost:3000/_next/static/chunks/node_modules_next_dist_115brz8._.js:2431
[44861570ms] [LOG] [Fast Refresh] rebuilding @ http://localhost:3000/_next/static/chunks/node_modules_next_dist_115brz8._.js:2431
[44862250ms] [LOG] [Fast Refresh] done in 785ms @ http://localhost:3000/_next/static/chunks/node_modules_next_dist_115brz8._.js:2431
[44862557ms] [LOG] [Fast Refresh] rebuilding @ http://localhost:3000/_next/static/chunks/node_modules_next_dist_115brz8._.js:2431
[44863458ms] [ERROR] Failed to load resource: the server responded with a status of 404 (Not Found) @ http://localhost:3000/admin/verski-turizam?_rsc=1nkcf:0
[44863516ms] [LOG] [Fast Refresh] done in 1067ms @ http://localhost:3000/_next/static/chunks/node_modules_next_dist_115brz8._.js:2431
[44863737ms] [LOG] [Fast Refresh] rebuilding @ http://localhost:3000/_next/static/chunks/node_modules_next_dist_115brz8._.js:2431
[44863836ms] [ERROR] Failed to load resource: the server responded with a status of 404 (Not Found) @ http://localhost:3000/admin/verski-turizam?_rsc=1nkcf:0
[44863862ms] [LOG] [Fast Refresh] done in 233ms @ http://localhost:3000/_next/static/chunks/node_modules_next_dist_115brz8._.js:2431
[44864445ms] [ERROR] Failed to load resource: the server responded with a status of 404 (Not Found) @ http://localhost:3000/admin/verski-turizam:0
[44865260ms] [INFO] %cDownload the React DevTools for a better development experience: https://react.dev/link/react-devtools font-weight:bold @ http://localhost:3000/_next/static/chunks/node_modules_next_dist_115brz8._.js:2431
[44865319ms] [LOG] [HMR] connected @ http://localhost:3000/_next/static/chunks/node_modules_next_dist_115brz8._.js:2431
[44865474ms] [LOG] [Fast Refresh] rebuilding @ http://localhost:3000/_next/static/chunks/node_modules_next_dist_115brz8._.js:2431
[44865744ms] [LOG] [Fast Refresh] done in 380ms @ http://localhost:3000/_next/static/chunks/node_modules_next_dist_115brz8._.js:2431
[44865946ms] [LOG] [Fast Refresh] rebuilding @ http://localhost:3000/_next/static/chunks/node_modules_next_dist_115brz8._.js:2431
[44866735ms] [LOG] [Fast Refresh] done in 895ms @ http://localhost:3000/_next/static/chunks/node_modules_next_dist_115brz8._.js:2431
[44870989ms] [LOG] [Fast Refresh] rebuilding @ http://localhost:3000/_next/static/chunks/node_modules_next_dist_115brz8._.js:2431
[44871849ms] [ERROR] ./src/components/store/HomePage.tsx:4:1
Module not found: Can't resolve '@/components/home/FeaturedProductsSection'
  2 | import { BestsellersSection } from "@/components/home/BestsellersSection";
  3 | import { BrandStorySection } from "@/components/home/BrandStorySection";
> 4 | import { FeaturedProductsSection } from "@/components/home/FeaturedProductsSection";
    | ^^^^^^^^^^^^^^^^^^^^^^^^^^^^^^^^^^^^^^^^^^^^^^^^^^^^^^^^^^^^^^^^^^^^^^^^^^^^^^^^^^^^
  5 | import { Footer } from "@/components/home/Footer";
  6 | import { HeroSection } from "@/components/home/HeroSection";
  7 | import { NewsletterSection } from "@/components/home/NewsletterSection";

Import map: aliased to relative './src/components/home/FeaturedProductsSection' inside of [project]/

Import trace:
  Server Component:
    ./src/components/store/HomePage.tsx
    ./src/app/[locale]/page.tsx

https://nextjs.org/docs/messages/module-not-found @ http://localhost:3000/_next/static/chunks/node_modules_next_dist_115brz8._.js:3272
[44872163ms] [LOG] [Fast Refresh] rebuilding @ http://localhost:3000/_next/static/chunks/node_modules_next_dist_115brz8._.js:2431
[44872169ms] [ERROR] Failed to load resource: the server responded with a status of 500 (Internal Server Error) @ http://localhost:3000/admin/verski-turizam?_rsc=1nkcf:0
[44872173ms] [ERROR] ./src/components/store/HomePage.tsx:4:1
Module not found: Can't resolve '@/components/home/FeaturedProductsSection'
  2 | import { BestsellersSection } from "@/components/home/BestsellersSection";
  3 | import { BrandStorySection } from "@/components/home/BrandStorySection";
> 4 | import { FeaturedProductsSection } from "@/components/home/FeaturedProductsSection";
    | ^^^^^^^^^^^^^^^^^^^^^^^^^^^^^^^^^^^^^^^^^^^^^^^^^^^^^^^^^^^^^^^^^^^^^^^^^^^^^^^^^^^^
  5 | import { Footer } from "@/components/home/Footer";
  6 | import { HeroSection } from "@/components/home/HeroSection";
  7 | import { NewsletterSection } from "@/components/home/NewsletterSection";

Import map: aliased to relative './src/components/home/FeaturedProductsSection' inside of [project]/

Import trace:
  Server Component:
    ./src/components/store/HomePage.tsx
    ./src/app/[locale]/page.tsx

https://nextjs.org/docs/messages/module-not-found @ http://localhost:3000/_next/static/chunks/node_modules_next_dist_115brz8._.js:3272
[44872268ms] [ERROR] ./src/components/store/HomePage.tsx:4:1
Module not found: Can't resolve '@/components/home/FeaturedProductsSection'
  2 | import { BestsellersSection } from "@/components/home/BestsellersSection";
  3 | import { BrandStorySection } from "@/components/home/BrandStorySection";
> 4 | import { FeaturedProductsSection } from "@/components/home/FeaturedProductsSection";
    | ^^^^^^^^^^^^^^^^^^^^^^^^^^^^^^^^^^^^^^^^^^^^^^^^^^^^^^^^^^^^^^^^^^^^^^^^^^^^^^^^^^^^
  5 | import { Footer } from "@/components/home/Footer";
  6 | import { HeroSection } from "@/components/home/HeroSection";
  7 | import { NewsletterSection } from "@/components/home/NewsletterSection";

Import map: aliased to relative './src/components/home/FeaturedProductsSection' inside of [project]/

Import trace:
  Server Component:
    ./src/components/store/HomePage.tsx
    ./src/app/[locale]/page.tsx

https://nextjs.org/docs/messages/module-not-found @ http://localhost:3000/_next/static/chunks/node_modules_next_dist_115brz8._.js:3272
[44872370ms] [LOG] [Fast Refresh] rebuilding @ http://localhost:3000/_next/static/chunks/node_modules_next_dist_115brz8._.js:2431
[44872385ms] [ERROR] ./src/components/store/HomePage.tsx:4:1
Module not found: Can't resolve '@/components/home/FeaturedProductsSection'
  2 | import { BestsellersSection } from "@/components/home/BestsellersSection";
  3 | import { BrandStorySection } from "@/components/home/BrandStorySection";
> 4 | import { FeaturedProductsSection } from "@/components/home/FeaturedProductsSection";
    | ^^^^^^^^^^^^^^^^^^^^^^^^^^^^^^^^^^^^^^^^^^^^^^^^^^^^^^^^^^^^^^^^^^^^^^^^^^^^^^^^^^^^
  5 | import { Footer } from "@/components/home/Footer";
  6 | import { HeroSection } from "@/components/home/HeroSection";
  7 | import { NewsletterSection } from "@/components/home/NewsletterSection";

Import map: aliased to relative './src/components/home/FeaturedProductsSection' inside of [project]/

Import trace:
  Server Component:
    ./src/components/store/HomePage.tsx
    ./src/app/[locale]/page.tsx

https://nextjs.org/docs/messages/module-not-found @ http://localhost:3000/_next/static/chunks/node_modules_next_dist_115brz8._.js:3272
[44872447ms] [ERROR] ./src/components/store/HomePage.tsx:4:1
Module not found: Can't resolve '@/components/home/FeaturedProductsSection'
  2 | import { BestsellersSection } from "@/components/home/BestsellersSection";
  3 | import { BrandStorySection } from "@/components/home/BrandStorySection";
> 4 | import { FeaturedProductsSection } from "@/components/home/FeaturedProductsSection";
    | ^^^^^^^^^^^^^^^^^^^^^^^^^^^^^^^^^^^^^^^^^^^^^^^^^^^^^^^^^^^^^^^^^^^^^^^^^^^^^^^^^^^^
  5 | import { Footer } from "@/components/home/Footer";
  6 | import { HeroSection } from "@/components/home/HeroSection";
  7 | import { NewsletterSection } from "@/components/home/NewsletterSection";

Import map: aliased to relative './src/components/home/FeaturedProductsSection' inside of [project]/

Import trace:
  Server Component:
    ./src/components/store/HomePage.tsx
    ./src/app/[locale]/page.tsx

https://nextjs.org/docs/messages/module-not-found @ http://localhost:3000/_next/static/chunks/node_modules_next_dist_115brz8._.js:3272
[44872515ms] [LOG] [Fast Refresh] rebuilding @ http://localhost:3000/_next/static/chunks/node_modules_next_dist_115brz8._.js:2431
[44872771ms] [ERROR] ./src/components/store/HomePage.tsx:4:1
Module not found: Can't resolve '@/components/home/FeaturedProductsSection'
  2 | import { BestsellersSection } from "@/components/home/BestsellersSection";
  3 | import { BrandStorySection } from "@/components/home/BrandStorySection";
> 4 | import { FeaturedProductsSection } from "@/components/home/FeaturedProductsSection";
    | ^^^^^^^^^^^^^^^^^^^^^^^^^^^^^^^^^^^^^^^^^^^^^^^^^^^^^^^^^^^^^^^^^^^^^^^^^^^^^^^^^^^^
  5 | import { Footer } from "@/components/home/Footer";
  6 | import { HeroSection } from "@/components/home/HeroSection";
  7 | import { NewsletterSection } from "@/components/home/NewsletterSection";

Import map: aliased to relative './src/components/home/FeaturedProductsSection' inside of [project]/

Import trace:
  Server Component:
    ./src/components/store/HomePage.tsx
    ./src/app/[locale]/page.tsx

https://nextjs.org/docs/messages/module-not-found @ http://localhost:3000/_next/static/chunks/node_modules_next_dist_115brz8._.js:3272
[44872842ms] [LOG] [Fast Refresh] rebuilding @ http://localhost:3000/_next/static/chunks/node_modules_next_dist_115brz8._.js:2431
[44872913ms] [ERROR] ./src/components/store/HomePage.tsx:4:1
Module not found: Can't resolve '@/components/home/FeaturedProductsSection'
  2 | import { BestsellersSection } from "@/components/home/BestsellersSection";
  3 | import { BrandStorySection } from "@/components/home/BrandStorySection";
> 4 | import { FeaturedProductsSection } from "@/components/home/FeaturedProductsSection";
    | ^^^^^^^^^^^^^^^^^^^^^^^^^^^^^^^^^^^^^^^^^^^^^^^^^^^^^^^^^^^^^^^^^^^^^^^^^^^^^^^^^^^^
  5 | import { Footer } from "@/components/home/Footer";
  6 | import { HeroSection } from "@/components/home/HeroSection";
  7 | import { NewsletterSection } from "@/components/home/NewsletterSection";

Import map: aliased to relative './src/components/home/FeaturedProductsSection' inside of [project]/

Import trace:
  Server Component:
    ./src/components/store/HomePage.tsx
    ./src/app/[locale]/page.tsx

https://nextjs.org/docs/messages/module-not-found @ http://localhost:3000/_next/static/chunks/node_modules_next_dist_115brz8._.js:3272
[44872914ms] [ERROR] ./src/components/store/HomePage.tsx:4:1
Module not found: Can't resolve '@/components/home/FeaturedProductsSection'
  2 | import { BestsellersSection } from "@/components/home/BestsellersSection";
  3 | import { BrandStorySection } from "@/components/home/BrandStorySection";
> 4 | import { FeaturedProductsSection } from "@/components/home/FeaturedProductsSection";
    | ^^^^^^^^^^^^^^^^^^^^^^^^^^^^^^^^^^^^^^^^^^^^^^^^^^^^^^^^^^^^^^^^^^^^^^^^^^^^^^^^^^^^
  5 | import { Footer } from "@/components/home/Footer";
  6 | import { HeroSection } from "@/components/home/HeroSection";
  7 | import { NewsletterSection } from "@/components/home/NewsletterSection";

Import map: aliased to relative './src/components/home/FeaturedProductsSection' inside of [project]/

Import trace:
  Server Component:
    ./src/components/store/HomePage.tsx
    ./src/app/[locale]/page.tsx

https://nextjs.org/docs/messages/module-not-found @ http://localhost:3000/_next/static/chunks/node_modules_next_dist_115brz8._.js:3272
[44873017ms] [LOG] [Fast Refresh] rebuilding @ http://localhost:3000/_next/static/chunks/node_modules_next_dist_115brz8._.js:2431
[44873057ms] [ERROR] ./src/components/store/HomePage.tsx:4:1
Module not found: Can't resolve '@/components/home/FeaturedProductsSection'
  2 | import { BestsellersSection } from "@/components/home/BestsellersSection";
  3 | import { BrandStorySection } from "@/components/home/BrandStorySection";
> 4 | import { FeaturedProductsSection } from "@/components/home/FeaturedProductsSection";
    | ^^^^^^^^^^^^^^^^^^^^^^^^^^^^^^^^^^^^^^^^^^^^^^^^^^^^^^^^^^^^^^^^^^^^^^^^^^^^^^^^^^^^
  5 | import { Footer } from "@/components/home/Footer";
  6 | import { HeroSection } from "@/components/home/HeroSection";
  7 | import { NewsletterSection } from "@/components/home/NewsletterSection";

Import map: aliased to relative './src/components/home/FeaturedProductsSection' inside of [project]/

Import trace:
  Server Component:
    ./src/components/store/HomePage.tsx
    ./src/app/[locale]/page.tsx

https://nextjs.org/docs/messages/module-not-found @ http://localhost:3000/_next/static/chunks/node_modules_next_dist_115brz8._.js:3272
[44873113ms] [ERROR] ./src/components/store/HomePage.tsx:4:1
Module not found: Can't resolve '@/components/home/FeaturedProductsSection'
  2 | import { BestsellersSection } from "@/components/home/BestsellersSection";
  3 | import { BrandStorySection } from "@/components/home/BrandStorySection";
> 4 | import { FeaturedProductsSection } from "@/components/home/FeaturedProductsSection";
    | ^^^^^^^^^^^^^^^^^^^^^^^^^^^^^^^^^^^^^^^^^^^^^^^^^^^^^^^^^^^^^^^^^^^^^^^^^^^^^^^^^^^^
  5 | import { Footer } from "@/components/home/Footer";
  6 | import { HeroSection } from "@/components/home/HeroSection";
  7 | import { NewsletterSection } from "@/components/home/NewsletterSection";

Import map: aliased to relative './src/components/home/FeaturedProductsSection' inside of [project]/

Import trace:
  Server Component:
    ./src/components/store/HomePage.tsx
    ./src/app/[locale]/page.tsx

https://nextjs.org/docs/messages/module-not-found @ http://localhost:3000/_next/static/chunks/node_modules_next_dist_115brz8._.js:3272
[44873215ms] [LOG] [Fast Refresh] rebuilding @ http://localhost:3000/_next/static/chunks/node_modules_next_dist_115brz8._.js:2431
[44873236ms] [ERROR] Failed to load resource: the server responded with a status of 500 (Internal Server Error) @ http://localhost:3000/admin/verski-turizam?_rsc=1nkcf:0
[44873261ms] [ERROR] Failed to load resource: the server responded with a status of 500 (Internal Server Error) @ http://localhost:3000/admin/verski-turizam:0
[44873476ms] [INFO] %cDownload the React DevTools for a better development experience: https://react.dev/link/react-devtools font-weight:bold @ http://localhost:3000/_next/static/chunks/node_modules_react-dom_0bruynb._.js:15305
[44873498ms] Error: ./src/components/store/HomePage.tsx:4:1
Module not found: Can't resolve '@/components/home/FeaturedProductsSection'
  2 | import { BestsellersSection } from "@/components/home/BestsellersSection";
  3 | import { BrandStorySection } from "@/components/home/BrandStorySection";
> 4 | import { FeaturedProductsSection } from "@/components/home/FeaturedProductsSection";
    | ^^^^^^^^^^^^^^^^^^^^^^^^^^^^^^^^^^^^^^^^^^^^^^^^^^^^^^^^^^^^^^^^^^^^^^^^^^^^^^^^^^^^
  5 | import { Footer } from "@/components/home/Footer";
  6 | import { HeroSection } from "@/components/home/HeroSection";
  7 | import { NewsletterSection } from "@/components/home/NewsletterSection";

Import map: aliased to relative './src/components/home/FeaturedProductsSection' inside of [project]/


Import trace:
  Server Component:
    ./src/components/store/HomePage.tsx
    ./src/app/[locale]/page.tsx

https://nextjs.org/docs/messages/module-not-found


    at <unknown> (Error: ./src/components/store/HomePage.tsx:4:1)
    at <unknown> (https://nextjs.org/docs/messages/module-not-found)
    at Object.getCompilationErrors (file://C:\Users\admin\Desktop\monte-z\node_modules\next\dist\server\dev\hot-reloader-turbopack.js:1186:59)
    at DevBundlerService.getCompilationError (file://C:\Users\admin\Desktop\monte-z\node_modules\next\dist\server\lib\dev-bundler-service.js:44:55)
    at DevServer.getCompilationError (file://C:\Users\admin\Desktop\monte-z\node_modules\next\dist\server\dev\next-dev-server.js:719:42)
    at DevServer.findPageComponents (file://C:\Users\admin\Desktop\monte-z\node_modules\next\dist\server\dev\next-dev-server.js:689:43)
    at async DevServer.renderErrorToResponseImpl (file://C:\Users\admin\Desktop\monte-z\node_modules\next\dist\server\base-server.js:1686:30)
[44873518ms] [LOG] [HMR] connected @ http://localhost:3000/_next/static/chunks/node_modules_next_dist_0u_w_5s._.js:1226
[44873584ms] [ERROR] ./src/components/store/HomePage.tsx:4:1
Module not found: Can't resolve '@/components/home/FeaturedProductsSection'
  2 | import { BestsellersSection } from "@/components/home/BestsellersSection";
  3 | import { BrandStorySection } from "@/components/home/BrandStorySection";
> 4 | import { FeaturedProductsSection } from "@/components/home/FeaturedProductsSection";
    | ^^^^^^^^^^^^^^^^^^^^^^^^^^^^^^^^^^^^^^^^^^^^^^^^^^^^^^^^^^^^^^^^^^^^^^^^^^^^^^^^^^^^
  5 | import { Footer } from "@/components/home/Footer";
  6 | import { HeroSection } from "@/components/home/HeroSection";
  7 | import { NewsletterSection } from "@/components/home/NewsletterSection";

Import map: aliased to relative './src/components/home/FeaturedProductsSection' inside of [project]/

Import trace:
  Server Component:
    ./src/components/store/HomePage.tsx
    ./src/app/[locale]/page.tsx

https://nextjs.org/docs/messages/module-not-found @ http://localhost:3000/_next/static/chunks/node_modules_next_dist_0u_w_5s._.js:1945
[44873609ms] [ERROR] ./src/components/store/HomePage.tsx:4:1
Module not found: Can't resolve '@/components/home/FeaturedProductsSection'
  2 | import { BestsellersSection } from "@/components/home/BestsellersSection";
  3 | import { BrandStorySection } from "@/components/home/BrandStorySection";
> 4 | import { FeaturedProductsSection } from "@/components/home/FeaturedProductsSection";
    | ^^^^^^^^^^^^^^^^^^^^^^^^^^^^^^^^^^^^^^^^^^^^^^^^^^^^^^^^^^^^^^^^^^^^^^^^^^^^^^^^^^^^
  5 | import { Footer } from "@/components/home/Footer";
  6 | import { HeroSection } from "@/components/home/HeroSection";
  7 | import { NewsletterSection } from "@/components/home/NewsletterSection";

Import map: aliased to relative './src/components/home/FeaturedProductsSection' inside of [project]/

Import trace:
  Server Component:
    ./src/components/store/HomePage.tsx
    ./src/app/[locale]/page.tsx

https://nextjs.org/docs/messages/module-not-found @ http://localhost:3000/_next/static/chunks/node_modules_next_dist_0u_w_5s._.js:1945
[44873698ms] [ERROR] ./src/components/store/HomePage.tsx:4:1
Module not found: Can't resolve '@/components/home/FeaturedProductsSection'
  2 | import { BestsellersSection } from "@/components/home/BestsellersSection";
  3 | import { BrandStorySection } from "@/components/home/BrandStorySection";
> 4 | import { FeaturedProductsSection } from "@/components/home/FeaturedProductsSection";
    | ^^^^^^^^^^^^^^^^^^^^^^^^^^^^^^^^^^^^^^^^^^^^^^^^^^^^^^^^^^^^^^^^^^^^^^^^^^^^^^^^^^^^
  5 | import { Footer } from "@/components/home/Footer";
  6 | import { HeroSection } from "@/components/home/HeroSection";
  7 | import { NewsletterSection } from "@/components/home/NewsletterSection";

Import map: aliased to relative './src/components/home/FeaturedProductsSection' inside of [project]/

Import trace:
  Server Component:
    ./src/components/store/HomePage.tsx
    ./src/app/[locale]/page.tsx

https://nextjs.org/docs/messages/module-not-found @ http://localhost:3000/_next/static/chunks/node_modules_next_dist_0u_w_5s._.js:1945
[44873740ms] [LOG] [Fast Refresh] rebuilding @ http://localhost:3000/_next/static/chunks/node_modules_next_dist_0u_w_5s._.js:1226
[44874082ms] [ERROR] ./src/components/store/HomePage.tsx:4:1
Module not found: Can't resolve '@/components/home/FeaturedProductsSection'
  2 | import { BestsellersSection } from "@/components/home/BestsellersSection";
  3 | import { BrandStorySection } from "@/components/home/BrandStorySection";
> 4 | import { FeaturedProductsSection } from "@/components/home/FeaturedProductsSection";
    | ^^^^^^^^^^^^^^^^^^^^^^^^^^^^^^^^^^^^^^^^^^^^^^^^^^^^^^^^^^^^^^^^^^^^^^^^^^^^^^^^^^^^
  5 | import { Footer } from "@/components/home/Footer";
  6 | import { HeroSection } from "@/components/home/HeroSection";
  7 | import { NewsletterSection } from "@/components/home/NewsletterSection";

Import map: aliased to relative './src/components/home/FeaturedProductsSection' inside of [project]/

Import trace:
  Server Component:
    ./src/components/store/HomePage.tsx
    ./src/app/[locale]/page.tsx

https://nextjs.org/docs/messages/module-not-found @ http://localhost:3000/_next/static/chunks/node_modules_next_dist_0u_w_5s._.js:1945
[44874102ms] [LOG] [Fast Refresh] rebuilding @ http://localhost:3000/_next/static/chunks/node_modules_next_dist_0u_w_5s._.js:1226
[44874482ms] [ERROR] ./src/components/store/HomePage.tsx:4:1
Module not found: Can't resolve '@/components/home/FeaturedProductsSection'
  2 | import { BestsellersSection } from "@/components/home/BestsellersSection";
  3 | import { BrandStorySection } from "@/components/home/BrandStorySection";
> 4 | import { FeaturedProductsSection } from "@/components/home/FeaturedProductsSection";
    | ^^^^^^^^^^^^^^^^^^^^^^^^^^^^^^^^^^^^^^^^^^^^^^^^^^^^^^^^^^^^^^^^^^^^^^^^^^^^^^^^^^^^
  5 | import { Footer } from "@/components/home/Footer";
  6 | import { HeroSection } from "@/components/home/HeroSection";
  7 | import { NewsletterSection } from "@/components/home/NewsletterSection";

Import map: aliased to relative './src/components/home/FeaturedProductsSection' inside of [project]/

Import trace:
  Server Component:
    ./src/components/store/HomePage.tsx
    ./src/app/[locale]/page.tsx

https://nextjs.org/docs/messages/module-not-found @ http://localhost:3000/_next/static/chunks/node_modules_next_dist_0u_w_5s._.js:1945
[44874520ms] [ERROR] ./src/components/store/HomePage.tsx:4:1
Module not found: Can't resolve '@/components/home/FeaturedProductsSection'
  2 | import { BestsellersSection } from "@/components/home/BestsellersSection";
  3 | import { BrandStorySection } from "@/components/home/BrandStorySection";
> 4 | import { FeaturedProductsSection } from "@/components/home/FeaturedProductsSection";
    | ^^^^^^^^^^^^^^^^^^^^^^^^^^^^^^^^^^^^^^^^^^^^^^^^^^^^^^^^^^^^^^^^^^^^^^^^^^^^^^^^^^^^
  5 | import { Footer } from "@/components/home/Footer";
  6 | import { HeroSection } from "@/components/home/HeroSection";
  7 | import { NewsletterSection } from "@/components/home/NewsletterSection";

Import map: aliased to relative './src/components/home/FeaturedProductsSection' inside of [project]/

Import trace:
  Server Component:
    ./src/components/store/HomePage.tsx
    ./src/app/[locale]/page.tsx

https://nextjs.org/docs/messages/module-not-found @ http://localhost:3000/_next/static/chunks/node_modules_next_dist_0u_w_5s._.js:1945
[44874585ms] [LOG] [Fast Refresh] rebuilding @ http://localhost:3000/_next/static/chunks/node_modules_next_dist_0u_w_5s._.js:1226
[44883561ms] [LOG] [Fast Refresh] rebuilding @ http://localhost:3000/_next/static/chunks/node_modules_next_dist_0u_w_5s._.js:1226
[44884301ms] [LOG] [Fast Refresh] done in 831ms @ http://localhost:3000/_next/static/chunks/node_modules_next_dist_0u_w_5s._.js:1226
[44884906ms] [LOG] [Fast Refresh] rebuilding @ http://localhost:3000/_next/static/chunks/node_modules_next_dist_0u_w_5s._.js:1226
[44885991ms] [LOG] [Fast Refresh] done in 1187ms @ http://localhost:3000/_next/static/chunks/node_modules_next_dist_0u_w_5s._.js:1226
[44886095ms] [LOG] [Fast Refresh] rebuilding @ http://localhost:3000/_next/static/chunks/node_modules_next_dist_0u_w_5s._.js:1226
[44887131ms] [LOG] [Fast Refresh] done in 1138ms @ http://localhost:3000/_next/static/chunks/node_modules_next_dist_0u_w_5s._.js:1226
[44888661ms] [ERROR] Failed to load resource: the server responded with a status of 404 (Not Found) @ http://localhost:3000/admin/verski-turizam:0
[44889297ms] [INFO] %cDownload the React DevTools for a better development experience: https://react.dev/link/react-devtools font-weight:bold @ http://localhost:3000/_next/static/chunks/node_modules_next_dist_115brz8._.js:2431
[44889365ms] [LOG] [HMR] connected @ http://localhost:3000/_next/static/chunks/node_modules_next_dist_115brz8._.js:2431
[44892716ms] [LOG] [Fast Refresh] rebuilding @ http://localhost:3000/_next/static/chunks/node_modules_next_dist_115brz8._.js:2431
[44893784ms] [ERROR] ./src/components/store/HomePage.tsx:8:1
Module not found: Can't resolve '@/components/home/PromoBanners'
   6 | import { HeroSection } from "@/components/home/HeroSection";
   7 | import { NewsletterSection } from "@/components/home/NewsletterSection";
>  8 | import { PromoBanners } from "@/components/home/PromoBanners";
     | ^^^^^^^^^^^^^^^^^^^^^^^^^^^^^^^^^^^^^^^^^^^^^^^^^^^^^^^^^^^^^^
   9 | import { ReviewsSection } from "@/components/home/ReviewsSection";
  10 | import { Navbar } from "@/components/layout/Navbar";
  11 |

Import map: aliased to relative './src/components/home/PromoBanners' inside of [project]/

Import trace:
  Server Component:
    ./src/components/store/HomePage.tsx
    ./src/app/[locale]/page.tsx

https://nextjs.org/docs/messages/module-not-found @ http://localhost:3000/_next/static/chunks/node_modules_next_dist_115brz8._.js:3272
[44894065ms] [ERROR] ./src/components/store/HomePage.tsx:8:1
Module not found: Can't resolve '@/components/home/PromoBanners'
   6 | import { HeroSection } from "@/components/home/HeroSection";
   7 | import { NewsletterSection } from "@/components/home/NewsletterSection";
>  8 | import { PromoBanners } from "@/components/home/PromoBanners";
     | ^^^^^^^^^^^^^^^^^^^^^^^^^^^^^^^^^^^^^^^^^^^^^^^^^^^^^^^^^^^^^^
   9 | import { ReviewsSection } from "@/components/home/ReviewsSection";
  10 | import { Navbar } from "@/components/layout/Navbar";
  11 |

Import map: aliased to relative './src/components/home/PromoBanners' inside of [project]/

Import trace:
  Server Component:
    ./src/components/store/HomePage.tsx
    ./src/app/[locale]/page.tsx

https://nextjs.org/docs/messages/module-not-found @ http://localhost:3000/_next/static/chunks/node_modules_next_dist_115brz8._.js:3272
[44894067ms] [ERROR] Failed to load resource: the server responded with a status of 500 (Internal Server Error) @ http://localhost:3000/admin/verski-turizam?_rsc=1nkcf:0
[44894105ms] [LOG] [Fast Refresh] rebuilding @ http://localhost:3000/_next/static/chunks/node_modules_next_dist_115brz8._.js:2431
[44894280ms] [LOG] [Fast Refresh] rebuilding @ http://localhost:3000/_next/static/chunks/node_modules_next_dist_115brz8._.js:2431
[44894313ms] [ERROR] ./src/components/store/HomePage.tsx:8:1
Module not found: Can't resolve '@/components/home/PromoBanners'
   6 | import { HeroSection } from "@/components/home/HeroSection";
   7 | import { NewsletterSection } from "@/components/home/NewsletterSection";
>  8 | import { PromoBanners } from "@/components/home/PromoBanners";
     | ^^^^^^^^^^^^^^^^^^^^^^^^^^^^^^^^^^^^^^^^^^^^^^^^^^^^^^^^^^^^^^
   9 | import { ReviewsSection } from "@/components/home/ReviewsSection";
  10 | import { Navbar } from "@/components/layout/Navbar";
  11 |

Import map: aliased to relative './src/components/home/PromoBanners' inside of [project]/

Import trace:
  Server Component:
    ./src/components/store/HomePage.tsx
    ./src/app/[locale]/page.tsx

https://nextjs.org/docs/messages/module-not-found @ http://localhost:3000/_next/static/chunks/node_modules_next_dist_115brz8._.js:3272
[44894314ms] [ERROR] Failed to load resource: the server responded with a status of 500 (Internal Server Error) @ http://localhost:3000/admin/verski-turizam?_rsc=1nkcf:0
[44894333ms] [ERROR] Failed to load resource: the server responded with a status of 500 (Internal Server Error) @ http://localhost:3000/admin/verski-turizam:0
[44894428ms] [INFO] %cDownload the React DevTools for a better development experience: https://react.dev/link/react-devtools font-weight:bold @ http://localhost:3000/_next/static/chunks/node_modules_react-dom_0bruynb._.js:15305
[44894451ms] Error: ./src/components/store/HomePage.tsx:8:1
Module not found: Can't resolve '@/components/home/PromoBanners'
   6 | import { HeroSection } from "@/components/home/HeroSection";
   7 | import { NewsletterSection } from "@/components/home/NewsletterSection";
>  8 | import { PromoBanners } from "@/components/home/PromoBanners";
     | ^^^^^^^^^^^^^^^^^^^^^^^^^^^^^^^^^^^^^^^^^^^^^^^^^^^^^^^^^^^^^^
   9 | import { ReviewsSection } from "@/components/home/ReviewsSection";
  10 | import { Navbar } from "@/components/layout/Navbar";
  11 |

Import map: aliased to relative './src/components/home/PromoBanners' inside of [project]/


Import trace:
  Server Component:
    ./src/components/store/HomePage.tsx
    ./src/app/[locale]/page.tsx

https://nextjs.org/docs/messages/module-not-found


    at <unknown> (Error: ./src/components/store/HomePage.tsx:8:1)
    at <unknown> (https://nextjs.org/docs/messages/module-not-found)
    at Object.getCompilationErrors (file://C:\Users\admin\Desktop\monte-z\node_modules\next\dist\server\dev\hot-reloader-turbopack.js:1186:59)
    at DevBundlerService.getCompilationError (file://C:\Users\admin\Desktop\monte-z\node_modules\next\dist\server\lib\dev-bundler-service.js:44:55)
    at DevServer.getCompilationError (file://C:\Users\admin\Desktop\monte-z\node_modules\next\dist\server\dev\next-dev-server.js:719:42)
    at DevServer.findPageComponents (file://C:\Users\admin\Desktop\monte-z\node_modules\next\dist\server\dev\next-dev-server.js:689:43)
    at async DevServer.renderErrorToResponseImpl (file://C:\Users\admin\Desktop\monte-z\node_modules\next\dist\server\base-server.js:1686:30)
[44894455ms] [LOG] [HMR] connected @ http://localhost:3000/_next/static/chunks/node_modules_next_dist_0u_w_5s._.js:1226
[44894493ms] [ERROR] ./src/components/store/HomePage.tsx:8:1
Module not found: Can't resolve '@/components/home/PromoBanners'
   6 | import { HeroSection } from "@/components/home/HeroSection";
   7 | import { NewsletterSection } from "@/components/home/NewsletterSection";
>  8 | import { PromoBanners } from "@/components/home/PromoBanners";
     | ^^^^^^^^^^^^^^^^^^^^^^^^^^^^^^^^^^^^^^^^^^^^^^^^^^^^^^^^^^^^^^
   9 | import { ReviewsSection } from "@/components/home/ReviewsSection";
  10 | import { Navbar } from "@/components/layout/Navbar";
  11 |

Import map: aliased to relative './src/components/home/PromoBanners' inside of [project]/

Import trace:
  Server Component:
    ./src/components/store/HomePage.tsx
    ./src/app/[locale]/page.tsx

https://nextjs.org/docs/messages/module-not-found @ http://localhost:3000/_next/static/chunks/node_modules_next_dist_0u_w_5s._.js:1945
[44894541ms] [ERROR] ./src/components/store/HomePage.tsx:8:1
Module not found: Can't resolve '@/components/home/PromoBanners'
   6 | import { HeroSection } from "@/components/home/HeroSection";
   7 | import { NewsletterSection } from "@/components/home/NewsletterSection";
>  8 | import { PromoBanners } from "@/components/home/PromoBanners";
     | ^^^^^^^^^^^^^^^^^^^^^^^^^^^^^^^^^^^^^^^^^^^^^^^^^^^^^^^^^^^^^^
   9 | import { ReviewsSection } from "@/components/home/ReviewsSection";
  10 | import { Navbar } from "@/components/layout/Navbar";
  11 |

Import map: aliased to relative './src/components/home/PromoBanners' inside of [project]/

Import trace:
  Server Component:
    ./src/components/store/HomePage.tsx
    ./src/app/[locale]/page.tsx

https://nextjs.org/docs/messages/module-not-found @ http://localhost:3000/_next/static/chunks/node_modules_next_dist_0u_w_5s._.js:1945
[44894555ms] [ERROR] ./src/components/store/HomePage.tsx:8:1
Module not found: Can't resolve '@/components/home/PromoBanners'
   6 | import { HeroSection } from "@/components/home/HeroSection";
   7 | import { NewsletterSection } from "@/components/home/NewsletterSection";
>  8 | import { PromoBanners } from "@/components/home/PromoBanners";
     | ^^^^^^^^^^^^^^^^^^^^^^^^^^^^^^^^^^^^^^^^^^^^^^^^^^^^^^^^^^^^^^
   9 | import { ReviewsSection } from "@/components/home/ReviewsSection";
  10 | import { Navbar } from "@/components/layout/Navbar";
  11 |

Import map: aliased to relative './src/components/home/PromoBanners' inside of [project]/

Import trace:
  Server Component:
    ./src/components/store/HomePage.tsx
    ./src/app/[locale]/page.tsx

https://nextjs.org/docs/messages/module-not-found @ http://localhost:3000/_next/static/chunks/node_modules_next_dist_0u_w_5s._.js:1945
[44894692ms] [ERROR] ./src/components/store/HomePage.tsx:8:1
Module not found: Can't resolve '@/components/home/PromoBanners'
   6 | import { HeroSection } from "@/components/home/HeroSection";
   7 | import { NewsletterSection } from "@/components/home/NewsletterSection";
>  8 | import { PromoBanners } from "@/components/home/PromoBanners";
     | ^^^^^^^^^^^^^^^^^^^^^^^^^^^^^^^^^^^^^^^^^^^^^^^^^^^^^^^^^^^^^^
   9 | import { ReviewsSection } from "@/components/home/ReviewsSection";
  10 | import { Navbar } from "@/components/layout/Navbar";
  11 |

Import map: aliased to relative './src/components/home/PromoBanners' inside of [project]/

Import trace:
  Server Component:
    ./src/components/store/HomePage.tsx
    ./src/app/[locale]/page.tsx

https://nextjs.org/docs/messages/module-not-found @ http://localhost:3000/_next/static/chunks/node_modules_next_dist_0u_w_5s._.js:1945
[44894780ms] [ERROR] ./src/components/store/HomePage.tsx:8:1
Module not found: Can't resolve '@/components/home/PromoBanners'
   6 | import { HeroSection } from "@/components/home/HeroSection";
   7 | import { NewsletterSection } from "@/components/home/NewsletterSection";
>  8 | import { PromoBanners } from "@/components/home/PromoBanners";
     | ^^^^^^^^^^^^^^^^^^^^^^^^^^^^^^^^^^^^^^^^^^^^^^^^^^^^^^^^^^^^^^
   9 | import { ReviewsSection } from "@/components/home/ReviewsSection";
  10 | import { Navbar } from "@/components/layout/Navbar";
  11 |

Import map: aliased to relative './src/components/home/PromoBanners' inside of [project]/

Import trace:
  Server Component:
    ./src/components/store/HomePage.tsx
    ./src/app/[locale]/page.tsx

https://nextjs.org/docs/messages/module-not-found @ http://localhost:3000/_next/static/chunks/node_modules_next_dist_0u_w_5s._.js:1945
[44894796ms] [LOG] [Fast Refresh] rebuilding @ http://localhost:3000/_next/static/chunks/node_modules_next_dist_0u_w_5s._.js:1226
[44894933ms] [ERROR] ./src/components/store/HomePage.tsx:8:1
Module not found: Can't resolve '@/components/home/PromoBanners'
   6 | import { HeroSection } from "@/components/home/HeroSection";
   7 | import { NewsletterSection } from "@/components/home/NewsletterSection";
>  8 | import { PromoBanners } from "@/components/home/PromoBanners";
     | ^^^^^^^^^^^^^^^^^^^^^^^^^^^^^^^^^^^^^^^^^^^^^^^^^^^^^^^^^^^^^^
   9 | import { ReviewsSection } from "@/components/home/ReviewsSection";
  10 | import { Navbar } from "@/components/layout/Navbar";
  11 |

Import map: aliased to relative './src/components/home/PromoBanners' inside of [project]/

Import trace:
  Server Component:
    ./src/components/store/HomePage.tsx
    ./src/app/[locale]/page.tsx

https://nextjs.org/docs/messages/module-not-found @ http://localhost:3000/_next/static/chunks/node_modules_next_dist_0u_w_5s._.js:1945
[44894950ms] [LOG] [Fast Refresh] rebuilding @ http://localhost:3000/_next/static/chunks/node_modules_next_dist_0u_w_5s._.js:1226
[44895358ms] [LOG] [Fast Refresh] rebuilding @ http://localhost:3000/_next/static/chunks/node_modules_next_dist_0u_w_5s._.js:1226
[44895362ms] [ERROR] ./src/components/store/HomePage.tsx:8:1
Module not found: Can't resolve '@/components/home/PromoBanners'
   6 | import { HeroSection } from "@/components/home/HeroSection";
   7 | import { NewsletterSection } from "@/components/home/NewsletterSection";
>  8 | import { PromoBanners } from "@/components/home/PromoBanners";
     | ^^^^^^^^^^^^^^^^^^^^^^^^^^^^^^^^^^^^^^^^^^^^^^^^^^^^^^^^^^^^^^
   9 | import { ReviewsSection } from "@/components/home/ReviewsSection";
  10 | import { Navbar } from "@/components/layout/Navbar";
  11 |

Import map: aliased to relative './src/components/home/PromoBanners' inside of [project]/

Import trace:
  Server Component:
    ./src/components/store/HomePage.tsx
    ./src/app/[locale]/page.tsx

https://nextjs.org/docs/messages/module-not-found @ http://localhost:3000/_next/static/chunks/node_modules_next_dist_0u_w_5s._.js:1945
[44895930ms] [ERROR] ./src/components/store/HomePage.tsx:8:1
Module not found: Can't resolve '@/components/home/PromoBanners'
   6 | import { HeroSection } from "@/components/home/HeroSection";
   7 | import { NewsletterSection } from "@/components/home/NewsletterSection";
>  8 | import { PromoBanners } from "@/components/home/PromoBanners";
     | ^^^^^^^^^^^^^^^^^^^^^^^^^^^^^^^^^^^^^^^^^^^^^^^^^^^^^^^^^^^^^^
   9 | import { ReviewsSection } from "@/components/home/ReviewsSection";
  10 | import { Navbar } from "@/components/layout/Navbar";
  11 |

Import map: aliased to relative './src/components/home/PromoBanners' inside of [project]/

Import trace:
  Server Component:
    ./src/components/store/HomePage.tsx
    ./src/app/[locale]/page.tsx

https://nextjs.org/docs/messages/module-not-found @ http://localhost:3000/_next/static/chunks/node_modules_next_dist_0u_w_5s._.js:1945
[44895974ms] [LOG] [Fast Refresh] rebuilding @ http://localhost:3000/_next/static/chunks/node_modules_next_dist_0u_w_5s._.js:1226
[44896017ms] [ERROR] ./src/components/store/HomePage.tsx:8:1
Module not found: Can't resolve '@/components/home/PromoBanners'
   6 | import { HeroSection } from "@/components/home/HeroSection";
   7 | import { NewsletterSection } from "@/components/home/NewsletterSection";
>  8 | import { PromoBanners } from "@/components/home/PromoBanners";
     | ^^^^^^^^^^^^^^^^^^^^^^^^^^^^^^^^^^^^^^^^^^^^^^^^^^^^^^^^^^^^^^
   9 | import { ReviewsSection } from "@/components/home/ReviewsSection";
  10 | import { Navbar } from "@/components/layout/Navbar";
  11 |

Import map: aliased to relative './src/components/home/PromoBanners' inside of [project]/

Import trace:
  Server Component:
    ./src/components/store/HomePage.tsx
    ./src/app/[locale]/page.tsx

https://nextjs.org/docs/messages/module-not-found @ http://localhost:3000/_next/static/chunks/node_modules_next_dist_0u_w_5s._.js:1945
[44896092ms] [LOG] [Fast Refresh] rebuilding @ http://localhost:3000/_next/static/chunks/node_modules_next_dist_0u_w_5s._.js:1226
[44921542ms] [LOG] [Fast Refresh] rebuilding @ http://localhost:3000/_next/static/chunks/node_modules_next_dist_0u_w_5s._.js:1226
[44921691ms] [LOG] [Fast Refresh] done in 243ms @ http://localhost:3000/_next/static/chunks/node_modules_next_dist_0u_w_5s._.js:1226
[44921960ms] [LOG] [Fast Refresh] rebuilding @ http://localhost:3000/_next/static/chunks/node_modules_next_dist_0u_w_5s._.js:1226
[44925269ms] [LOG] [Fast Refresh] done in 3412ms @ http://localhost:3000/_next/static/chunks/node_modules_next_dist_0u_w_5s._.js:1226
[44926985ms] [ERROR] Failed to load resource: the server responded with a status of 404 (Not Found) @ http://localhost:3000/admin/verski-turizam:0
[44927261ms] [INFO] %cDownload the React DevTools for a better development experience: https://react.dev/link/react-devtools font-weight:bold @ http://localhost:3000/_next/static/chunks/node_modules_next_dist_115brz8._.js:2431
[44927345ms] [LOG] [HMR] connected @ http://localhost:3000/_next/static/chunks/node_modules_next_dist_115brz8._.js:2431
[44929937ms] [LOG] [Fast Refresh] rebuilding @ http://localhost:3000/_next/static/chunks/node_modules_next_dist_115brz8._.js:2431
[44930888ms] [ERROR] ./src/components/store/HomePage.tsx:2:1
Module not found: Can't resolve '@/components/home/BestsellersSection'
  1 | import { BenefitStrip } from "@/components/home/BenefitStrip";
> 2 | import { BestsellersSection } from "@/components/home/BestsellersSection";
    | ^^^^^^^^^^^^^^^^^^^^^^^^^^^^^^^^^^^^^^^^^^^^^^^^^^^^^^^^^^^^^^^^^^^^^^^^^^
  3 | import { BrandStorySection } from "@/components/home/BrandStorySection";
  4 | import { FeaturedProductsSection } from "@/components/home/FeaturedProductsSection";
  5 | import { Footer } from "@/components/home/Footer";

Import map: aliased to relative './src/components/home/BestsellersSection' inside of [project]/

Import trace:
  Server Component:
    ./src/components/store/HomePage.tsx
    ./src/app/[locale]/page.tsx

https://nextjs.org/docs/messages/module-not-found @ http://localhost:3000/_next/static/chunks/node_modules_next_dist_115brz8._.js:3272
[44931207ms] [LOG] [Fast Refresh] rebuilding @ http://localhost:3000/_next/static/chunks/node_modules_next_dist_115brz8._.js:2431
[44931216ms] [ERROR] ./src/components/store/HomePage.tsx:2:1
Module not found: Can't resolve '@/components/home/BestsellersSection'
  1 | import { BenefitStrip } from "@/components/home/BenefitStrip";
> 2 | import { BestsellersSection } from "@/components/home/BestsellersSection";
    | ^^^^^^^^^^^^^^^^^^^^^^^^^^^^^^^^^^^^^^^^^^^^^^^^^^^^^^^^^^^^^^^^^^^^^^^^^^
  3 | import { BrandStorySection } from "@/components/home/BrandStorySection";
  4 | import { FeaturedProductsSection } from "@/components/home/FeaturedProductsSection";
  5 | import { Footer } from "@/components/home/Footer";

Import map: aliased to relative './src/components/home/BestsellersSection' inside of [project]/

Import trace:
  Server Component:
    ./src/components/store/HomePage.tsx
    ./src/app/[locale]/page.tsx

https://nextjs.org/docs/messages/module-not-found @ http://localhost:3000/_next/static/chunks/node_modules_next_dist_115brz8._.js:3272
[44931222ms] [ERROR] Failed to load resource: the server responded with a status of 500 (Internal Server Error) @ http://localhost:3000/admin/verski-turizam?_rsc=1nkcf:0
[44931377ms] [LOG] [Fast Refresh] rebuilding @ http://localhost:3000/_next/static/chunks/node_modules_next_dist_115brz8._.js:2431
[44931385ms] [ERROR] ./src/components/store/HomePage.tsx:2:1
Module not found: Can't resolve '@/components/home/BestsellersSection'
  1 | import { BenefitStrip } from "@/components/home/BenefitStrip";
> 2 | import { BestsellersSection } from "@/components/home/BestsellersSection";
    | ^^^^^^^^^^^^^^^^^^^^^^^^^^^^^^^^^^^^^^^^^^^^^^^^^^^^^^^^^^^^^^^^^^^^^^^^^^
  3 | import { BrandStorySection } from "@/components/home/BrandStorySection";
  4 | import { FeaturedProductsSection } from "@/components/home/FeaturedProductsSection";
  5 | import { Footer } from "@/components/home/Footer";

Import map: aliased to relative './src/components/home/BestsellersSection' inside of [project]/

Import trace:
  Server Component:
    ./src/components/store/HomePage.tsx
    ./src/app/[locale]/page.tsx

https://nextjs.org/docs/messages/module-not-found @ http://localhost:3000/_next/static/chunks/node_modules_next_dist_115brz8._.js:3272
[44931456ms] [ERROR] ./src/components/store/HomePage.tsx:2:1
Module not found: Can't resolve '@/components/home/BestsellersSection'
  1 | import { BenefitStrip } from "@/components/home/BenefitStrip";
> 2 | import { BestsellersSection } from "@/components/home/BestsellersSection";
    | ^^^^^^^^^^^^^^^^^^^^^^^^^^^^^^^^^^^^^^^^^^^^^^^^^^^^^^^^^^^^^^^^^^^^^^^^^^
  3 | import { BrandStorySection } from "@/components/home/BrandStorySection";
  4 | import { FeaturedProductsSection } from "@/components/home/FeaturedProductsSection";
  5 | import { Footer } from "@/components/home/Footer";

Import map: aliased to relative './src/components/home/BestsellersSection' inside of [project]/

Import trace:
  Server Component:
    ./src/components/store/HomePage.tsx
    ./src/app/[locale]/page.tsx

https://nextjs.org/docs/messages/module-not-found @ http://localhost:3000/_next/static/chunks/node_modules_next_dist_115brz8._.js:3272
[44931561ms] [LOG] [Fast Refresh] rebuilding @ http://localhost:3000/_next/static/chunks/node_modules_next_dist_115brz8._.js:2431
[44931567ms] [ERROR] ./src/components/store/HomePage.tsx:2:1
Module not found: Can't resolve '@/components/home/BestsellersSection'
  1 | import { BenefitStrip } from "@/components/home/BenefitStrip";
> 2 | import { BestsellersSection } from "@/components/home/BestsellersSection";
    | ^^^^^^^^^^^^^^^^^^^^^^^^^^^^^^^^^^^^^^^^^^^^^^^^^^^^^^^^^^^^^^^^^^^^^^^^^^
  3 | import { BrandStorySection } from "@/components/home/BrandStorySection";
  4 | import { FeaturedProductsSection } from "@/components/home/FeaturedProductsSection";
  5 | import { Footer } from "@/components/home/Footer";

Import map: aliased to relative './src/components/home/BestsellersSection' inside of [project]/

Import trace:
  Server Component:
    ./src/components/store/HomePage.tsx
    ./src/app/[locale]/page.tsx

https://nextjs.org/docs/messages/module-not-found @ http://localhost:3000/_next/static/chunks/node_modules_next_dist_115brz8._.js:3272
[44931659ms] [ERROR] ./src/components/store/HomePage.tsx:2:1
Module not found: Can't resolve '@/components/home/BestsellersSection'
  1 | import { BenefitStrip } from "@/components/home/BenefitStrip";
> 2 | import { BestsellersSection } from "@/components/home/BestsellersSection";
    | ^^^^^^^^^^^^^^^^^^^^^^^^^^^^^^^^^^^^^^^^^^^^^^^^^^^^^^^^^^^^^^^^^^^^^^^^^^
  3 | import { BrandStorySection } from "@/components/home/BrandStorySection";
  4 | import { FeaturedProductsSection } from "@/components/home/FeaturedProductsSection";
  5 | import { Footer } from "@/components/home/Footer";

Import map: aliased to relative './src/components/home/BestsellersSection' inside of [project]/

Import trace:
  Server Component:
    ./src/components/store/HomePage.tsx
    ./src/app/[locale]/page.tsx

https://nextjs.org/docs/messages/module-not-found @ http://localhost:3000/_next/static/chunks/node_modules_next_dist_115brz8._.js:3272
[44931770ms] [LOG] [Fast Refresh] rebuilding @ http://localhost:3000/_next/static/chunks/node_modules_next_dist_115brz8._.js:2431
[44931850ms] [ERROR] Failed to load resource: the server responded with a status of 500 (Internal Server Error) @ http://localhost:3000/admin/verski-turizam?_rsc=1nkcf:0
[44931915ms] [ERROR] ./src/components/store/HomePage.tsx:2:1
Module not found: Can't resolve '@/components/home/BestsellersSection'
  1 | import { BenefitStrip } from "@/components/home/BenefitStrip";
> 2 | import { BestsellersSection } from "@/components/home/BestsellersSection";
    | ^^^^^^^^^^^^^^^^^^^^^^^^^^^^^^^^^^^^^^^^^^^^^^^^^^^^^^^^^^^^^^^^^^^^^^^^^^
  3 | import { BrandStorySection } from "@/components/home/BrandStorySection";
  4 | import { FeaturedProductsSection } from "@/components/home/FeaturedProductsSection";
  5 | import { Footer } from "@/components/home/Footer";

Import map: aliased to relative './src/components/home/BestsellersSection' inside of [project]/

Import trace:
  Server Component:
    ./src/components/store/HomePage.tsx
    ./src/app/[locale]/page.tsx

https://nextjs.org/docs/messages/module-not-found @ http://localhost:3000/_next/static/chunks/node_modules_next_dist_115brz8._.js:3272
[44931937ms] [ERROR] Failed to load resource: the server responded with a status of 500 (Internal Server Error) @ http://localhost:3000/admin/verski-turizam:0
[44932082ms] [INFO] %cDownload the React DevTools for a better development experience: https://react.dev/link/react-devtools font-weight:bold @ http://localhost:3000/_next/static/chunks/node_modules_react-dom_0bruynb._.js:15305
[44932109ms] Error: ./src/components/store/HomePage.tsx:2:1
Module not found: Can't resolve '@/components/home/BestsellersSection'
  1 | import { BenefitStrip } from "@/components/home/BenefitStrip";
> 2 | import { BestsellersSection } from "@/components/home/BestsellersSection";
    | ^^^^^^^^^^^^^^^^^^^^^^^^^^^^^^^^^^^^^^^^^^^^^^^^^^^^^^^^^^^^^^^^^^^^^^^^^^
  3 | import { BrandStorySection } from "@/components/home/BrandStorySection";
  4 | import { FeaturedProductsSection } from "@/components/home/FeaturedProductsSection";
  5 | import { Footer } from "@/components/home/Footer";

Import map: aliased to relative './src/components/home/BestsellersSection' inside of [project]/


Import trace:
  Server Component:
    ./src/components/store/HomePage.tsx
    ./src/app/[locale]/page.tsx

https://nextjs.org/docs/messages/module-not-found


    at <unknown> (Error: ./src/components/store/HomePage.tsx:2:1)
    at <unknown> (https://nextjs.org/docs/messages/module-not-found)
    at Object.getCompilationErrors (file://C:\Users\admin\Desktop\monte-z\node_modules\next\dist\server\dev\hot-reloader-turbopack.js:1186:59)
    at DevBundlerService.getCompilationError (file://C:\Users\admin\Desktop\monte-z\node_modules\next\dist\server\lib\dev-bundler-service.js:44:55)
    at DevServer.getCompilationError (file://C:\Users\admin\Desktop\monte-z\node_modules\next\dist\server\dev\next-dev-server.js:719:42)
    at DevServer.findPageComponents (file://C:\Users\admin\Desktop\monte-z\node_modules\next\dist\server\dev\next-dev-server.js:689:43)
    at async DevServer.renderErrorToResponseImpl (file://C:\Users\admin\Desktop\monte-z\node_modules\next\dist\server\base-server.js:1686:30)
[44932143ms] [LOG] [HMR] connected @ http://localhost:3000/_next/static/chunks/node_modules_next_dist_0u_w_5s._.js:1226
[44932221ms] [ERROR] ./src/components/store/HomePage.tsx:2:1
Module not found: Can't resolve '@/components/home/BestsellersSection'
  1 | import { BenefitStrip } from "@/components/home/BenefitStrip";
> 2 | import { BestsellersSection } from "@/components/home/BestsellersSection";
    | ^^^^^^^^^^^^^^^^^^^^^^^^^^^^^^^^^^^^^^^^^^^^^^^^^^^^^^^^^^^^^^^^^^^^^^^^^^
  3 | import { BrandStorySection } from "@/components/home/BrandStorySection";
  4 | import { FeaturedProductsSection } from "@/components/home/FeaturedProductsSection";
  5 | import { Footer } from "@/components/home/Footer";

Import map: aliased to relative './src/components/home/BestsellersSection' inside of [project]/

Import trace:
  Server Component:
    ./src/components/store/HomePage.tsx
    ./src/app/[locale]/page.tsx

https://nextjs.org/docs/messages/module-not-found @ http://localhost:3000/_next/static/chunks/node_modules_next_dist_0u_w_5s._.js:1945
[44932232ms] [ERROR] ./src/components/store/HomePage.tsx:2:1
Module not found: Can't resolve '@/components/home/BestsellersSection'
  1 | import { BenefitStrip } from "@/components/home/BenefitStrip";
> 2 | import { BestsellersSection } from "@/components/home/BestsellersSection";
    | ^^^^^^^^^^^^^^^^^^^^^^^^^^^^^^^^^^^^^^^^^^^^^^^^^^^^^^^^^^^^^^^^^^^^^^^^^^
  3 | import { BrandStorySection } from "@/components/home/BrandStorySection";
  4 | import { FeaturedProductsSection } from "@/components/home/FeaturedProductsSection";
  5 | import { Footer } from "@/components/home/Footer";

Import map: aliased to relative './src/components/home/BestsellersSection' inside of [project]/

Import trace:
  Server Component:
    ./src/components/store/HomePage.tsx
    ./src/app/[locale]/page.tsx

https://nextjs.org/docs/messages/module-not-found @ http://localhost:3000/_next/static/chunks/node_modules_next_dist_0u_w_5s._.js:1945
[44932275ms] [ERROR] ./src/components/store/HomePage.tsx:2:1
Module not found: Can't resolve '@/components/home/BestsellersSection'
  1 | import { BenefitStrip } from "@/components/home/BenefitStrip";
> 2 | import { BestsellersSection } from "@/components/home/BestsellersSection";
    | ^^^^^^^^^^^^^^^^^^^^^^^^^^^^^^^^^^^^^^^^^^^^^^^^^^^^^^^^^^^^^^^^^^^^^^^^^^
  3 | import { BrandStorySection } from "@/components/home/BrandStorySection";
  4 | import { FeaturedProductsSection } from "@/components/home/FeaturedProductsSection";
  5 | import { Footer } from "@/components/home/Footer";

Import map: aliased to relative './src/components/home/BestsellersSection' inside of [project]/

Import trace:
  Server Component:
    ./src/components/store/HomePage.tsx
    ./src/app/[locale]/page.tsx

https://nextjs.org/docs/messages/module-not-found @ http://localhost:3000/_next/static/chunks/node_modules_next_dist_0u_w_5s._.js:1945
[44932368ms] [ERROR] ./src/components/store/HomePage.tsx:2:1
Module not found: Can't resolve '@/components/home/BestsellersSection'
  1 | import { BenefitStrip } from "@/components/home/BenefitStrip";
> 2 | import { BestsellersSection } from "@/components/home/BestsellersSection";
    | ^^^^^^^^^^^^^^^^^^^^^^^^^^^^^^^^^^^^^^^^^^^^^^^^^^^^^^^^^^^^^^^^^^^^^^^^^^
  3 | import { BrandStorySection } from "@/components/home/BrandStorySection";
  4 | import { FeaturedProductsSection } from "@/components/home/FeaturedProductsSection";
  5 | import { Footer } from "@/components/home/Footer";

Import map: aliased to relative './src/components/home/BestsellersSection' inside of [project]/

Import trace:
  Server Component:
    ./src/components/store/HomePage.tsx
    ./src/app/[locale]/page.tsx

https://nextjs.org/docs/messages/module-not-found @ http://localhost:3000/_next/static/chunks/node_modules_next_dist_0u_w_5s._.js:1945
[44932376ms] [LOG] [Fast Refresh] rebuilding @ http://localhost:3000/_next/static/chunks/node_modules_next_dist_0u_w_5s._.js:1226
[44932637ms] [ERROR] ./src/components/store/HomePage.tsx:2:1
Module not found: Can't resolve '@/components/home/BestsellersSection'
  1 | import { BenefitStrip } from "@/components/home/BenefitStrip";
> 2 | import { BestsellersSection } from "@/components/home/BestsellersSection";
    | ^^^^^^^^^^^^^^^^^^^^^^^^^^^^^^^^^^^^^^^^^^^^^^^^^^^^^^^^^^^^^^^^^^^^^^^^^^
  3 | import { BrandStorySection } from "@/components/home/BrandStorySection";
  4 | import { FeaturedProductsSection } from "@/components/home/FeaturedProductsSection";
  5 | import { Footer } from "@/components/home/Footer";

Import map: aliased to relative './src/components/home/BestsellersSection' inside of [project]/

Import trace:
  Server Component:
    ./src/components/store/HomePage.tsx
    ./src/app/[locale]/page.tsx

https://nextjs.org/docs/messages/module-not-found @ http://localhost:3000/_next/static/chunks/node_modules_next_dist_0u_w_5s._.js:1945
[44932669ms] [LOG] [Fast Refresh] rebuilding @ http://localhost:3000/_next/static/chunks/node_modules_next_dist_0u_w_5s._.js:1226
[44933083ms] [ERROR] ./src/components/store/HomePage.tsx:2:1
Module not found: Can't resolve '@/components/home/BestsellersSection'
  1 | import { BenefitStrip } from "@/components/home/BenefitStrip";
> 2 | import { BestsellersSection } from "@/components/home/BestsellersSection";
    | ^^^^^^^^^^^^^^^^^^^^^^^^^^^^^^^^^^^^^^^^^^^^^^^^^^^^^^^^^^^^^^^^^^^^^^^^^^
  3 | import { BrandStorySection } from "@/components/home/BrandStorySection";
  4 | import { FeaturedProductsSection } from "@/components/home/FeaturedProductsSection";
  5 | import { Footer } from "@/components/home/Footer";

Import map: aliased to relative './src/components/home/BestsellersSection' inside of [project]/

Import trace:
  Server Component:
    ./src/components/store/HomePage.tsx
    ./src/app/[locale]/page.tsx

https://nextjs.org/docs/messages/module-not-found @ http://localhost:3000/_next/static/chunks/node_modules_next_dist_0u_w_5s._.js:1945
[44933151ms] [ERROR] ./src/components/store/HomePage.tsx:2:1
Module not found: Can't resolve '@/components/home/BestsellersSection'
  1 | import { BenefitStrip } from "@/components/home/BenefitStrip";
> 2 | import { BestsellersSection } from "@/components/home/BestsellersSection";
    | ^^^^^^^^^^^^^^^^^^^^^^^^^^^^^^^^^^^^^^^^^^^^^^^^^^^^^^^^^^^^^^^^^^^^^^^^^^
  3 | import { BrandStorySection } from "@/components/home/BrandStorySection";
  4 | import { FeaturedProductsSection } from "@/components/home/FeaturedProductsSection";
  5 | import { Footer } from "@/components/home/Footer";

Import map: aliased to relative './src/components/home/BestsellersSection' inside of [project]/

Import trace:
  Server Component:
    ./src/components/store/HomePage.tsx
    ./src/app/[locale]/page.tsx

https://nextjs.org/docs/messages/module-not-found @ http://localhost:3000/_next/static/chunks/node_modules_next_dist_0u_w_5s._.js:1945
[44933223ms] [LOG] [Fast Refresh] rebuilding @ http://localhost:3000/_next/static/chunks/node_modules_next_dist_0u_w_5s._.js:1226
[44947186ms] [LOG] [Fast Refresh] rebuilding @ http://localhost:3000/_next/static/chunks/node_modules_next_dist_0u_w_5s._.js:1226
[44947350ms] [LOG] [Fast Refresh] done in 264ms @ http://localhost:3000/_next/static/chunks/node_modules_next_dist_0u_w_5s._.js:1226
[44947623ms] [LOG] [Fast Refresh] rebuilding @ http://localhost:3000/_next/static/chunks/node_modules_next_dist_0u_w_5s._.js:1226
[44948209ms] [LOG] [Fast Refresh] done in 687ms @ http://localhost:3000/_next/static/chunks/node_modules_next_dist_0u_w_5s._.js:1226
[44948357ms] [LOG] [Fast Refresh] rebuilding @ http://localhost:3000/_next/static/chunks/node_modules_next_dist_0u_w_5s._.js:1226
[44951841ms] [LOG] [Fast Refresh] done in 3594ms @ http://localhost:3000/_next/static/chunks/node_modules_next_dist_0u_w_5s._.js:1226
[44951854ms] [ERROR] Failed to load resource: the server responded with a status of 404 (Not Found) @ http://localhost:3000/admin/verski-turizam:0
[44952609ms] [INFO] %cDownload the React DevTools for a better development experience: https://react.dev/link/react-devtools font-weight:bold @ http://localhost:3000/_next/static/chunks/node_modules_next_dist_115brz8._.js:2431
[44952689ms] [LOG] [HMR] connected @ http://localhost:3000/_next/static/chunks/node_modules_next_dist_115brz8._.js:2431
[44957495ms] [LOG] [Fast Refresh] rebuilding @ http://localhost:3000/_next/static/chunks/node_modules_next_dist_115brz8._.js:2431
[44957782ms] [ERROR] ./src/components/store/HomePage.tsx:3:1
Module not found: Can't resolve '@/components/home/BrandStorySection'
  1 | import { BenefitStrip } from "@/components/home/BenefitStrip";
  2 | import { BestsellersSection } from "@/components/home/BestsellersSection";
> 3 | import { BrandStorySection } from "@/components/home/BrandStorySection";
    | ^^^^^^^^^^^^^^^^^^^^^^^^^^^^^^^^^^^^^^^^^^^^^^^^^^^^^^^^^^^^^^^^^^^^^^^^
  4 | import { FeaturedProductsSection } from "@/components/home/FeaturedProductsSection";
  5 | import { Footer } from "@/components/home/Footer";
  6 | import { HeroSection } from "@/components/home/HeroSection";

Import map: aliased to relative './src/components/home/BrandStorySection' inside of [project]/

Import trace:
  Server Component:
    ./src/components/store/HomePage.tsx
    ./src/app/[locale]/page.tsx

https://nextjs.org/docs/messages/module-not-found @ http://localhost:3000/_next/static/chunks/node_modules_next_dist_115brz8._.js:3272
[44957922ms] [ERROR] ./src/components/store/HomePage.tsx:3:1
Module not found: Can't resolve '@/components/home/BrandStorySection'
  1 | import { BenefitStrip } from "@/components/home/BenefitStrip";
  2 | import { BestsellersSection } from "@/components/home/BestsellersSection";
> 3 | import { BrandStorySection } from "@/components/home/BrandStorySection";
    | ^^^^^^^^^^^^^^^^^^^^^^^^^^^^^^^^^^^^^^^^^^^^^^^^^^^^^^^^^^^^^^^^^^^^^^^^
  4 | import { FeaturedProductsSection } from "@/components/home/FeaturedProductsSection";
  5 | import { Footer } from "@/components/home/Footer";
  6 | import { HeroSection } from "@/components/home/HeroSection";

Import map: aliased to relative './src/components/home/BrandStorySection' inside of [project]/

Import trace:
  Server Component:
    ./src/components/store/HomePage.tsx
    ./src/app/[locale]/page.tsx

https://nextjs.org/docs/messages/module-not-found @ http://localhost:3000/_next/static/chunks/node_modules_next_dist_115brz8._.js:3272
[44957922ms] [ERROR] Failed to load resource: the server responded with a status of 500 (Internal Server Error) @ http://localhost:3000/admin/verski-turizam?_rsc=1nkcf:0
[44957977ms] [ERROR] ./src/components/store/HomePage.tsx:3:1
Module not found: Can't resolve '@/components/home/BrandStorySection'
  1 | import { BenefitStrip } from "@/components/home/BenefitStrip";
  2 | import { BestsellersSection } from "@/components/home/BestsellersSection";
> 3 | import { BrandStorySection } from "@/components/home/BrandStorySection";
    | ^^^^^^^^^^^^^^^^^^^^^^^^^^^^^^^^^^^^^^^^^^^^^^^^^^^^^^^^^^^^^^^^^^^^^^^^
  4 | import { FeaturedProductsSection } from "@/components/home/FeaturedProductsSection";
  5 | import { Footer } from "@/components/home/Footer";
  6 | import { HeroSection } from "@/components/home/HeroSection";

Import map: aliased to relative './src/components/home/BrandStorySection' inside of [project]/

Import trace:
  Server Component:
    ./src/components/store/HomePage.tsx
    ./src/app/[locale]/page.tsx

https://nextjs.org/docs/messages/module-not-found @ http://localhost:3000/_next/static/chunks/node_modules_next_dist_115brz8._.js:3272
[44958058ms] [ERROR] Failed to load resource: the server responded with a status of 500 (Internal Server Error) @ http://localhost:3000/admin/verski-turizam?_rsc=1nkcf:0
[44958101ms] [ERROR] Failed to load resource: the server responded with a status of 500 (Internal Server Error) @ http://localhost:3000/admin/verski-turizam:0
[44958743ms] [INFO] %cDownload the React DevTools for a better development experience: https://react.dev/link/react-devtools font-weight:bold @ http://localhost:3000/_next/static/chunks/node_modules_react-dom_0bruynb._.js:15305
[44958761ms] Error: ./src/components/store/HomePage.tsx:3:1
Module not found: Can't resolve '@/components/home/BrandStorySection'
  1 | import { BenefitStrip } from "@/components/home/BenefitStrip";
  2 | import { BestsellersSection } from "@/components/home/BestsellersSection";
> 3 | import { BrandStorySection } from "@/components/home/BrandStorySection";
    | ^^^^^^^^^^^^^^^^^^^^^^^^^^^^^^^^^^^^^^^^^^^^^^^^^^^^^^^^^^^^^^^^^^^^^^^^
  4 | import { FeaturedProductsSection } from "@/components/home/FeaturedProductsSection";
  5 | import { Footer } from "@/components/home/Footer";
  6 | import { HeroSection } from "@/components/home/HeroSection";

Import map: aliased to relative './src/components/home/BrandStorySection' inside of [project]/


Import trace:
  Server Component:
    ./src/components/store/HomePage.tsx
    ./src/app/[locale]/page.tsx

https://nextjs.org/docs/messages/module-not-found


    at <unknown> (Error: ./src/components/store/HomePage.tsx:3:1)
    at <unknown> (https://nextjs.org/docs/messages/module-not-found)
    at Object.getCompilationErrors (file://C:\Users\admin\Desktop\monte-z\node_modules\next\dist\server\dev\hot-reloader-turbopack.js:1186:59)
    at DevBundlerService.getCompilationError (file://C:\Users\admin\Desktop\monte-z\node_modules\next\dist\server\lib\dev-bundler-service.js:44:55)
    at DevServer.getCompilationError (file://C:\Users\admin\Desktop\monte-z\node_modules\next\dist\server\dev\next-dev-server.js:719:42)
    at DevServer.findPageComponents (file://C:\Users\admin\Desktop\monte-z\node_modules\next\dist\server\dev\next-dev-server.js:689:43)
    at async DevServer.renderErrorToResponseImpl (file://C:\Users\admin\Desktop\monte-z\node_modules\next\dist\server\base-server.js:1686:30)
[44958833ms] [LOG] [HMR] connected @ http://localhost:3000/_next/static/chunks/node_modules_next_dist_0u_w_5s._.js:1226
[44958968ms] [ERROR] ./src/components/store/HomePage.tsx:3:1
Module not found: Can't resolve '@/components/home/BrandStorySection'
  1 | import { BenefitStrip } from "@/components/home/BenefitStrip";
  2 | import { BestsellersSection } from "@/components/home/BestsellersSection";
> 3 | import { BrandStorySection } from "@/components/home/BrandStorySection";
    | ^^^^^^^^^^^^^^^^^^^^^^^^^^^^^^^^^^^^^^^^^^^^^^^^^^^^^^^^^^^^^^^^^^^^^^^^
  4 | import { FeaturedProductsSection } from "@/components/home/FeaturedProductsSection";
  5 | import { Footer } from "@/components/home/Footer";
  6 | import { HeroSection } from "@/components/home/HeroSection";

Import map: aliased to relative './src/components/home/BrandStorySection' inside of [project]/

Import trace:
  Server Component:
    ./src/components/store/HomePage.tsx
    ./src/app/[locale]/page.tsx

https://nextjs.org/docs/messages/module-not-found @ http://localhost:3000/_next/static/chunks/node_modules_next_dist_0u_w_5s._.js:1945
[44958989ms] [LOG] [Fast Refresh] rebuilding @ http://localhost:3000/_next/static/chunks/node_modules_next_dist_0u_w_5s._.js:1226
[44959032ms] [ERROR] ./src/components/store/HomePage.tsx:3:1
Module not found: Can't resolve '@/components/home/BrandStorySection'
  1 | import { BenefitStrip } from "@/components/home/BenefitStrip";
  2 | import { BestsellersSection } from "@/components/home/BestsellersSection";
> 3 | import { BrandStorySection } from "@/components/home/BrandStorySection";
    | ^^^^^^^^^^^^^^^^^^^^^^^^^^^^^^^^^^^^^^^^^^^^^^^^^^^^^^^^^^^^^^^^^^^^^^^^
  4 | import { FeaturedProductsSection } from "@/components/home/FeaturedProductsSection";
  5 | import { Footer } from "@/components/home/Footer";
  6 | import { HeroSection } from "@/components/home/HeroSection";

Import map: aliased to relative './src/components/home/BrandStorySection' inside of [project]/

Import trace:
  Server Component:
    ./src/components/store/HomePage.tsx
    ./src/app/[locale]/page.tsx

https://nextjs.org/docs/messages/module-not-found @ http://localhost:3000/_next/static/chunks/node_modules_next_dist_0u_w_5s._.js:1945
[44959052ms] [ERROR] ./src/components/store/HomePage.tsx:3:1
Module not found: Can't resolve '@/components/home/BrandStorySection'
  1 | import { BenefitStrip } from "@/components/home/BenefitStrip";
  2 | import { BestsellersSection } from "@/components/home/BestsellersSection";
> 3 | import { BrandStorySection } from "@/components/home/BrandStorySection";
    | ^^^^^^^^^^^^^^^^^^^^^^^^^^^^^^^^^^^^^^^^^^^^^^^^^^^^^^^^^^^^^^^^^^^^^^^^
  4 | import { FeaturedProductsSection } from "@/components/home/FeaturedProductsSection";
  5 | import { Footer } from "@/components/home/Footer";
  6 | import { HeroSection } from "@/components/home/HeroSection";

Import map: aliased to relative './src/components/home/BrandStorySection' inside of [project]/

Import trace:
  Server Component:
    ./src/components/store/HomePage.tsx
    ./src/app/[locale]/page.tsx

https://nextjs.org/docs/messages/module-not-found @ http://localhost:3000/_next/static/chunks/node_modules_next_dist_0u_w_5s._.js:1945
[44959130ms] [LOG] [Fast Refresh] rebuilding @ http://localhost:3000/_next/static/chunks/node_modules_next_dist_0u_w_5s._.js:1226
[44959549ms] [ERROR] ./src/components/store/HomePage.tsx:3:1
Module not found: Can't resolve '@/components/home/BrandStorySection'
  1 | import { BenefitStrip } from "@/components/home/BenefitStrip";
  2 | import { BestsellersSection } from "@/components/home/BestsellersSection";
> 3 | import { BrandStorySection } from "@/components/home/BrandStorySection";
    | ^^^^^^^^^^^^^^^^^^^^^^^^^^^^^^^^^^^^^^^^^^^^^^^^^^^^^^^^^^^^^^^^^^^^^^^^
  4 | import { FeaturedProductsSection } from "@/components/home/FeaturedProductsSection";
  5 | import { Footer } from "@/components/home/Footer";
  6 | import { HeroSection } from "@/components/home/HeroSection";

Import map: aliased to relative './src/components/home/BrandStorySection' inside of [project]/

Import trace:
  Server Component:
    ./src/components/store/HomePage.tsx
    ./src/app/[locale]/page.tsx

https://nextjs.org/docs/messages/module-not-found @ http://localhost:3000/_next/static/chunks/node_modules_next_dist_0u_w_5s._.js:1945
[44959637ms] [ERROR] ./src/components/store/HomePage.tsx:3:1
Module not found: Can't resolve '@/components/home/BrandStorySection'
  1 | import { BenefitStrip } from "@/components/home/BenefitStrip";
  2 | import { BestsellersSection } from "@/components/home/BestsellersSection";
> 3 | import { BrandStorySection } from "@/components/home/BrandStorySection";
    | ^^^^^^^^^^^^^^^^^^^^^^^^^^^^^^^^^^^^^^^^^^^^^^^^^^^^^^^^^^^^^^^^^^^^^^^^
  4 | import { FeaturedProductsSection } from "@/components/home/FeaturedProductsSection";
  5 | import { Footer } from "@/components/home/Footer";
  6 | import { HeroSection } from "@/components/home/HeroSection";

Import map: aliased to relative './src/components/home/BrandStorySection' inside of [project]/

Import trace:
  Server Component:
    ./src/components/store/HomePage.tsx
    ./src/app/[locale]/page.tsx

https://nextjs.org/docs/messages/module-not-found @ http://localhost:3000/_next/static/chunks/node_modules_next_dist_0u_w_5s._.js:1945
[44959706ms] [LOG] [Fast Refresh] rebuilding @ http://localhost:3000/_next/static/chunks/node_modules_next_dist_0u_w_5s._.js:1226
[44991280ms] [LOG] [Fast Refresh] rebuilding @ http://localhost:3000/_next/static/chunks/node_modules_next_dist_0u_w_5s._.js:1226
[44991509ms] [LOG] [Fast Refresh] done in 318ms @ http://localhost:3000/_next/static/chunks/node_modules_next_dist_0u_w_5s._.js:1226
[44991683ms] [LOG] [Fast Refresh] rebuilding @ http://localhost:3000/_next/static/chunks/node_modules_next_dist_0u_w_5s._.js:1226
[44991700ms] [LOG] [Fast Refresh] done in 117ms @ http://localhost:3000/_next/static/chunks/node_modules_next_dist_0u_w_5s._.js:1226
[44991842ms] [LOG] [Fast Refresh] rebuilding @ http://localhost:3000/_next/static/chunks/node_modules_next_dist_0u_w_5s._.js:1226
[44993015ms] [LOG] [Fast Refresh] done in 1280ms @ http://localhost:3000/_next/static/chunks/node_modules_next_dist_0u_w_5s._.js:1226
[44993123ms] [LOG] [Fast Refresh] rebuilding @ http://localhost:3000/_next/static/chunks/node_modules_next_dist_0u_w_5s._.js:1226
[44996649ms] [LOG] [Fast Refresh] done in 3633ms @ http://localhost:3000/_next/static/chunks/node_modules_next_dist_0u_w_5s._.js:1226
[44996710ms] [ERROR] Failed to load resource: the server responded with a status of 404 (Not Found) @ http://localhost:3000/admin/verski-turizam:0
[44996935ms] [INFO] %cDownload the React DevTools for a better development experience: https://react.dev/link/react-devtools font-weight:bold @ http://localhost:3000/_next/static/chunks/node_modules_next_dist_115brz8._.js:2431
[44996994ms] [LOG] [HMR] connected @ http://localhost:3000/_next/static/chunks/node_modules_next_dist_115brz8._.js:2431
[45006078ms] [LOG] [Fast Refresh] rebuilding @ http://localhost:3000/_next/static/chunks/node_modules_next_dist_115brz8._.js:2431
[45006281ms] [ERROR] ./src/components/store/HomePage.tsx:9:1
Module not found: Can't resolve '@/components/home/ReviewsSection'
   7 | import { NewsletterSection } from "@/components/home/NewsletterSection";
   8 | import { PromoBanners } from "@/components/home/PromoBanners";
>  9 | import { ReviewsSection } from "@/components/home/ReviewsSection";
     | ^^^^^^^^^^^^^^^^^^^^^^^^^^^^^^^^^^^^^^^^^^^^^^^^^^^^^^^^^^^^^^^^^^
  10 | import { Navbar } from "@/components/layout/Navbar";
  11 |
  12 | export function HomePage() {

Import map: aliased to relative './src/components/home/ReviewsSection' inside of [project]/

Import trace:
  Server Component:
    ./src/components/store/HomePage.tsx
    ./src/app/[locale]/page.tsx

https://nextjs.org/docs/messages/module-not-found @ http://localhost:3000/_next/static/chunks/node_modules_next_dist_115brz8._.js:3272
[45006433ms] [ERROR] ./src/components/store/HomePage.tsx:9:1
Module not found: Can't resolve '@/components/home/ReviewsSection'
   7 | import { NewsletterSection } from "@/components/home/NewsletterSection";
   8 | import { PromoBanners } from "@/components/home/PromoBanners";
>  9 | import { ReviewsSection } from "@/components/home/ReviewsSection";
     | ^^^^^^^^^^^^^^^^^^^^^^^^^^^^^^^^^^^^^^^^^^^^^^^^^^^^^^^^^^^^^^^^^^
  10 | import { Navbar } from "@/components/layout/Navbar";
  11 |
  12 | export function HomePage() {

Import map: aliased to relative './src/components/home/ReviewsSection' inside of [project]/

Import trace:
  Server Component:
    ./src/components/store/HomePage.tsx
    ./src/app/[locale]/page.tsx

https://nextjs.org/docs/messages/module-not-found @ http://localhost:3000/_next/static/chunks/node_modules_next_dist_115brz8._.js:3272
[45006434ms] [ERROR] Failed to load resource: the server responded with a status of 500 (Internal Server Error) @ http://localhost:3000/admin/verski-turizam?_rsc=1nkcf:0
[45006496ms] [ERROR] ./src/components/store/HomePage.tsx:9:1
Module not found: Can't resolve '@/components/home/ReviewsSection'
   7 | import { NewsletterSection } from "@/components/home/NewsletterSection";
   8 | import { PromoBanners } from "@/components/home/PromoBanners";
>  9 | import { ReviewsSection } from "@/components/home/ReviewsSection";
     | ^^^^^^^^^^^^^^^^^^^^^^^^^^^^^^^^^^^^^^^^^^^^^^^^^^^^^^^^^^^^^^^^^^
  10 | import { Navbar } from "@/components/layout/Navbar";
  11 |
  12 | export function HomePage() {

Import map: aliased to relative './src/components/home/ReviewsSection' inside of [project]/

Import trace:
  Server Component:
    ./src/components/store/HomePage.tsx
    ./src/app/[locale]/page.tsx

https://nextjs.org/docs/messages/module-not-found @ http://localhost:3000/_next/static/chunks/node_modules_next_dist_115brz8._.js:3272
[45006580ms] [ERROR] Failed to load resource: the server responded with a status of 500 (Internal Server Error) @ http://localhost:3000/admin/verski-turizam?_rsc=1nkcf:0
[45006585ms] [ERROR] ./src/components/store/HomePage.tsx:9:1
Module not found: Can't resolve '@/components/home/ReviewsSection'
   7 | import { NewsletterSection } from "@/components/home/NewsletterSection";
   8 | import { PromoBanners } from "@/components/home/PromoBanners";
>  9 | import { ReviewsSection } from "@/components/home/ReviewsSection";
     | ^^^^^^^^^^^^^^^^^^^^^^^^^^^^^^^^^^^^^^^^^^^^^^^^^^^^^^^^^^^^^^^^^^
  10 | import { Navbar } from "@/components/layout/Navbar";
  11 |
  12 | export function HomePage() {

Import map: aliased to relative './src/components/home/ReviewsSection' inside of [project]/

Import trace:
  Server Component:
    ./src/components/store/HomePage.tsx
    ./src/app/[locale]/page.tsx

https://nextjs.org/docs/messages/module-not-found @ http://localhost:3000/_next/static/chunks/node_modules_next_dist_115brz8._.js:3272
[45006649ms] [ERROR] ./src/components/store/HomePage.tsx:9:1
Module not found: Can't resolve '@/components/home/ReviewsSection'
   7 | import { NewsletterSection } from "@/components/home/NewsletterSection";
   8 | import { PromoBanners } from "@/components/home/PromoBanners";
>  9 | import { ReviewsSection } from "@/components/home/ReviewsSection";
     | ^^^^^^^^^^^^^^^^^^^^^^^^^^^^^^^^^^^^^^^^^^^^^^^^^^^^^^^^^^^^^^^^^^
  10 | import { Navbar } from "@/components/layout/Navbar";
  11 |
  12 | export function HomePage() {

Import map: aliased to relative './src/components/home/ReviewsSection' inside of [project]/

Import trace:
  Server Component:
    ./src/components/store/HomePage.tsx
    ./src/app/[locale]/page.tsx

https://nextjs.org/docs/messages/module-not-found @ http://localhost:3000/_next/static/chunks/node_modules_next_dist_115brz8._.js:3272
[45006654ms] [ERROR] Failed to load resource: the server responded with a status of 500 (Internal Server Error) @ http://localhost:3000/admin/verski-turizam:0
[45006980ms] [INFO] %cDownload the React DevTools for a better development experience: https://react.dev/link/react-devtools font-weight:bold @ http://localhost:3000/_next/static/chunks/node_modules_react-dom_0bruynb._.js:15305
[45007005ms] Error: ./src/components/store/HomePage.tsx:9:1
Module not found: Can't resolve '@/components/home/ReviewsSection'
   7 | import { NewsletterSection } from "@/components/home/NewsletterSection";
   8 | import { PromoBanners } from "@/components/home/PromoBanners";
>  9 | import { ReviewsSection } from "@/components/home/ReviewsSection";
     | ^^^^^^^^^^^^^^^^^^^^^^^^^^^^^^^^^^^^^^^^^^^^^^^^^^^^^^^^^^^^^^^^^^
  10 | import { Navbar } from "@/components/layout/Navbar";
  11 |
  12 | export function HomePage() {

Import map: aliased to relative './src/components/home/ReviewsSection' inside of [project]/


Import trace:
  Server Component:
    ./src/components/store/HomePage.tsx
    ./src/app/[locale]/page.tsx

https://nextjs.org/docs/messages/module-not-found


    at <unknown> (Error: ./src/components/store/HomePage.tsx:9:1)
    at <unknown> (https://nextjs.org/docs/messages/module-not-found)
    at Object.getCompilationErrors (file://C:\Users\admin\Desktop\monte-z\node_modules\next\dist\server\dev\hot-reloader-turbopack.js:1186:59)
    at DevBundlerService.getCompilationError (file://C:\Users\admin\Desktop\monte-z\node_modules\next\dist\server\lib\dev-bundler-service.js:44:55)
    at DevServer.getCompilationError (file://C:\Users\admin\Desktop\monte-z\node_modules\next\dist\server\dev\next-dev-server.js:719:42)
    at DevServer.findPageComponents (file://C:\Users\admin\Desktop\monte-z\node_modules\next\dist\server\dev\next-dev-server.js:689:43)
    at async DevServer.renderErrorToResponseImpl (file://C:\Users\admin\Desktop\monte-z\node_modules\next\dist\server\base-server.js:1686:30)
[45007088ms] [LOG] [HMR] connected @ http://localhost:3000/_next/static/chunks/node_modules_next_dist_0u_w_5s._.js:1226
[45007234ms] [ERROR] ./src/components/store/HomePage.tsx:9:1
Module not found: Can't resolve '@/components/home/ReviewsSection'
   7 | import { NewsletterSection } from "@/components/home/NewsletterSection";
   8 | import { PromoBanners } from "@/components/home/PromoBanners";
>  9 | import { ReviewsSection } from "@/components/home/ReviewsSection";
     | ^^^^^^^^^^^^^^^^^^^^^^^^^^^^^^^^^^^^^^^^^^^^^^^^^^^^^^^^^^^^^^^^^^
  10 | import { Navbar } from "@/components/layout/Navbar";
  11 |
  12 | export function HomePage() {

Import map: aliased to relative './src/components/home/ReviewsSection' inside of [project]/

Import trace:
  Server Component:
    ./src/components/store/HomePage.tsx
    ./src/app/[locale]/page.tsx

https://nextjs.org/docs/messages/module-not-found @ http://localhost:3000/_next/static/chunks/node_modules_next_dist_0u_w_5s._.js:1945
[45007247ms] [ERROR] ./src/components/store/HomePage.tsx:9:1
Module not found: Can't resolve '@/components/home/ReviewsSection'
   7 | import { NewsletterSection } from "@/components/home/NewsletterSection";
   8 | import { PromoBanners } from "@/components/home/PromoBanners";
>  9 | import { ReviewsSection } from "@/components/home/ReviewsSection";
     | ^^^^^^^^^^^^^^^^^^^^^^^^^^^^^^^^^^^^^^^^^^^^^^^^^^^^^^^^^^^^^^^^^^
  10 | import { Navbar } from "@/components/layout/Navbar";
  11 |
  12 | export function HomePage() {

Import map: aliased to relative './src/components/home/ReviewsSection' inside of [project]/

Import trace:
  Server Component:
    ./src/components/store/HomePage.tsx
    ./src/app/[locale]/page.tsx

https://nextjs.org/docs/messages/module-not-found @ http://localhost:3000/_next/static/chunks/node_modules_next_dist_0u_w_5s._.js:1945
[45007346ms] [LOG] [Fast Refresh] rebuilding @ http://localhost:3000/_next/static/chunks/node_modules_next_dist_0u_w_5s._.js:1226
[45007361ms] [ERROR] ./src/components/store/HomePage.tsx:9:1
Module not found: Can't resolve '@/components/home/ReviewsSection'
   7 | import { NewsletterSection } from "@/components/home/NewsletterSection";
   8 | import { PromoBanners } from "@/components/home/PromoBanners";
>  9 | import { ReviewsSection } from "@/components/home/ReviewsSection";
     | ^^^^^^^^^^^^^^^^^^^^^^^^^^^^^^^^^^^^^^^^^^^^^^^^^^^^^^^^^^^^^^^^^^
  10 | import { Navbar } from "@/components/layout/Navbar";
  11 |
  12 | export function HomePage() {

Import map: aliased to relative './src/components/home/ReviewsSection' inside of [project]/

Import trace:
  Server Component:
    ./src/components/store/HomePage.tsx
    ./src/app/[locale]/page.tsx

https://nextjs.org/docs/messages/module-not-found @ http://localhost:3000/_next/static/chunks/node_modules_next_dist_0u_w_5s._.js:1945
[45007677ms] [ERROR] ./src/components/store/HomePage.tsx:9:1
Module not found: Can't resolve '@/components/home/ReviewsSection'
   7 | import { NewsletterSection } from "@/components/home/NewsletterSection";
   8 | import { PromoBanners } from "@/components/home/PromoBanners";
>  9 | import { ReviewsSection } from "@/components/home/ReviewsSection";
     | ^^^^^^^^^^^^^^^^^^^^^^^^^^^^^^^^^^^^^^^^^^^^^^^^^^^^^^^^^^^^^^^^^^
  10 | import { Navbar } from "@/components/layout/Navbar";
  11 |
  12 | export function HomePage() {

Import map: aliased to relative './src/components/home/ReviewsSection' inside of [project]/

Import trace:
  Server Component:
    ./src/components/store/HomePage.tsx
    ./src/app/[locale]/page.tsx

https://nextjs.org/docs/messages/module-not-found @ http://localhost:3000/_next/static/chunks/node_modules_next_dist_0u_w_5s._.js:1945
[45007707ms] [LOG] [Fast Refresh] rebuilding @ http://localhost:3000/_next/static/chunks/node_modules_next_dist_0u_w_5s._.js:1226
[45007771ms] [ERROR] ./src/components/store/HomePage.tsx:9:1
Module not found: Can't resolve '@/components/home/ReviewsSection'
   7 | import { NewsletterSection } from "@/components/home/NewsletterSection";
   8 | import { PromoBanners } from "@/components/home/PromoBanners";
>  9 | import { ReviewsSection } from "@/components/home/ReviewsSection";
     | ^^^^^^^^^^^^^^^^^^^^^^^^^^^^^^^^^^^^^^^^^^^^^^^^^^^^^^^^^^^^^^^^^^
  10 | import { Navbar } from "@/components/layout/Navbar";
  11 |
  12 | export function HomePage() {

Import map: aliased to relative './src/components/home/ReviewsSection' inside of [project]/

Import trace:
  Server Component:
    ./src/components/store/HomePage.tsx
    ./src/app/[locale]/page.tsx

https://nextjs.org/docs/messages/module-not-found @ http://localhost:3000/_next/static/chunks/node_modules_next_dist_0u_w_5s._.js:1945
[45007840ms] [LOG] [Fast Refresh] rebuilding @ http://localhost:3000/_next/static/chunks/node_modules_next_dist_0u_w_5s._.js:1226
[45033475ms] [LOG] [Fast Refresh] rebuilding @ http://localhost:3000/_next/static/chunks/node_modules_next_dist_0u_w_5s._.js:1226
[45033648ms] [LOG] [Fast Refresh] done in 261ms @ http://localhost:3000/_next/static/chunks/node_modules_next_dist_0u_w_5s._.js:1226
[45033793ms] [LOG] [Fast Refresh] rebuilding @ http://localhost:3000/_next/static/chunks/node_modules_next_dist_0u_w_5s._.js:1226
[45033794ms] [LOG] [Fast Refresh] done in 104ms @ http://localhost:3000/_next/static/chunks/node_modules_next_dist_0u_w_5s._.js:1226
[45033909ms] [LOG] [Fast Refresh] rebuilding @ http://localhost:3000/_next/static/chunks/node_modules_next_dist_0u_w_5s._.js:1226
[45034378ms] [LOG] [Fast Refresh] done in 570ms @ http://localhost:3000/_next/static/chunks/node_modules_next_dist_0u_w_5s._.js:1226
[45034483ms] [LOG] [Fast Refresh] rebuilding @ http://localhost:3000/_next/static/chunks/node_modules_next_dist_0u_w_5s._.js:1226
[45037987ms] [LOG] [Fast Refresh] done in 3608ms @ http://localhost:3000/_next/static/chunks/node_modules_next_dist_0u_w_5s._.js:1226
[45038088ms] [ERROR] Failed to load resource: the server responded with a status of 404 (Not Found) @ http://localhost:3000/admin/verski-turizam:0
[45038945ms] [INFO] %cDownload the React DevTools for a better development experience: https://react.dev/link/react-devtools font-weight:bold @ http://localhost:3000/_next/static/chunks/node_modules_next_dist_115brz8._.js:2431
[45039023ms] [LOG] [HMR] connected @ http://localhost:3000/_next/static/chunks/node_modules_next_dist_115brz8._.js:2431
[45042067ms] [LOG] [Fast Refresh] rebuilding @ http://localhost:3000/_next/static/chunks/node_modules_next_dist_115brz8._.js:2431
[45043386ms] [ERROR] ./src/components/store/HomePage.tsx:7:1
Module not found: Can't resolve '@/components/home/NewsletterSection'
   5 | import { Footer } from "@/components/home/Footer";
   6 | import { HeroSection } from "@/components/home/HeroSection";
>  7 | import { NewsletterSection } from "@/components/home/NewsletterSection";
     | ^^^^^^^^^^^^^^^^^^^^^^^^^^^^^^^^^^^^^^^^^^^^^^^^^^^^^^^^^^^^^^^^^^^^^^^^
   8 | import { PromoBanners } from "@/components/home/PromoBanners";
   9 | import { ReviewsSection } from "@/components/home/ReviewsSection";
  10 | import { Navbar } from "@/components/layout/Navbar";

Import map: aliased to relative './src/components/home/NewsletterSection' inside of [project]/

Import trace:
  Server Component:
    ./src/components/store/HomePage.tsx
    ./src/app/[locale]/page.tsx

https://nextjs.org/docs/messages/module-not-found @ http://localhost:3000/_next/static/chunks/node_modules_next_dist_115brz8._.js:3272
[45044123ms] [ERROR] ./src/components/store/HomePage.tsx:7:1
Module not found: Can't resolve '@/components/home/NewsletterSection'
   5 | import { Footer } from "@/components/home/Footer";
   6 | import { HeroSection } from "@/components/home/HeroSection";
>  7 | import { NewsletterSection } from "@/components/home/NewsletterSection";
     | ^^^^^^^^^^^^^^^^^^^^^^^^^^^^^^^^^^^^^^^^^^^^^^^^^^^^^^^^^^^^^^^^^^^^^^^^
   8 | import { PromoBanners } from "@/components/home/PromoBanners";
   9 | import { ReviewsSection } from "@/components/home/ReviewsSection";
  10 | import { Navbar } from "@/components/layout/Navbar";

Import map: aliased to relative './src/components/home/NewsletterSection' inside of [project]/

Import trace:
  Server Component:
    ./src/components/store/HomePage.tsx
    ./src/app/[locale]/page.tsx

https://nextjs.org/docs/messages/module-not-found @ http://localhost:3000/_next/static/chunks/node_modules_next_dist_115brz8._.js:3272
[45044126ms] [ERROR] Failed to load resource: the server responded with a status of 500 (Internal Server Error) @ http://localhost:3000/admin/verski-turizam?_rsc=1nkcf:0
[45044130ms] [LOG] [Fast Refresh] rebuilding @ http://localhost:3000/_next/static/chunks/node_modules_next_dist_115brz8._.js:2431
[45044385ms] [LOG] [Fast Refresh] rebuilding @ http://localhost:3000/_next/static/chunks/node_modules_next_dist_115brz8._.js:2431
[45044419ms] [ERROR] ./src/components/store/HomePage.tsx:7:1
Module not found: Can't resolve '@/components/home/NewsletterSection'
   5 | import { Footer } from "@/components/home/Footer";
   6 | import { HeroSection } from "@/components/home/HeroSection";
>  7 | import { NewsletterSection } from "@/components/home/NewsletterSection";
     | ^^^^^^^^^^^^^^^^^^^^^^^^^^^^^^^^^^^^^^^^^^^^^^^^^^^^^^^^^^^^^^^^^^^^^^^^
   8 | import { PromoBanners } from "@/components/home/PromoBanners";
   9 | import { ReviewsSection } from "@/components/home/ReviewsSection";
  10 | import { Navbar } from "@/components/layout/Navbar";

Import map: aliased to relative './src/components/home/NewsletterSection' inside of [project]/

Import trace:
  Server Component:
    ./src/components/store/HomePage.tsx
    ./src/app/[locale]/page.tsx

https://nextjs.org/docs/messages/module-not-found @ http://localhost:3000/_next/static/chunks/node_modules_next_dist_115brz8._.js:3272
[45044421ms] [ERROR] Failed to load resource: the server responded with a status of 500 (Internal Server Error) @ http://localhost:3000/admin/verski-turizam?_rsc=1nkcf:0
[45044428ms] [ERROR] Failed to load resource: the server responded with a status of 500 (Internal Server Error) @ http://localhost:3000/admin/verski-turizam:0
[45044515ms] [INFO] %cDownload the React DevTools for a better development experience: https://react.dev/link/react-devtools font-weight:bold @ http://localhost:3000/_next/static/chunks/node_modules_react-dom_0bruynb._.js:15305
[45044532ms] Error: ./src/components/store/HomePage.tsx:7:1
Module not found: Can't resolve '@/components/home/NewsletterSection'
   5 | import { Footer } from "@/components/home/Footer";
   6 | import { HeroSection } from "@/components/home/HeroSection";
>  7 | import { NewsletterSection } from "@/components/home/NewsletterSection";
     | ^^^^^^^^^^^^^^^^^^^^^^^^^^^^^^^^^^^^^^^^^^^^^^^^^^^^^^^^^^^^^^^^^^^^^^^^
   8 | import { PromoBanners } from "@/components/home/PromoBanners";
   9 | import { ReviewsSection } from "@/components/home/ReviewsSection";
  10 | import { Navbar } from "@/components/layout/Navbar";

Import map: aliased to relative './src/components/home/NewsletterSection' inside of [project]/


Import trace:
  Server Component:
    ./src/components/store/HomePage.tsx
    ./src/app/[locale]/page.tsx

https://nextjs.org/docs/messages/module-not-found


    at <unknown> (Error: ./src/components/store/HomePage.tsx:7:1)
    at <unknown> (https://nextjs.org/docs/messages/module-not-found)
    at Object.getCompilationErrors (file://C:\Users\admin\Desktop\monte-z\node_modules\next\dist\server\dev\hot-reloader-turbopack.js:1186:59)
    at DevBundlerService.getCompilationError (file://C:\Users\admin\Desktop\monte-z\node_modules\next\dist\server\lib\dev-bundler-service.js:44:55)
    at DevServer.getCompilationError (file://C:\Users\admin\Desktop\monte-z\node_modules\next\dist\server\dev\next-dev-server.js:719:42)
    at DevServer.findPageComponents (file://C:\Users\admin\Desktop\monte-z\node_modules\next\dist\server\dev\next-dev-server.js:689:43)
    at async DevServer.renderErrorToResponseImpl (file://C:\Users\admin\Desktop\monte-z\node_modules\next\dist\server\base-server.js:1686:30)
[45044547ms] [LOG] [HMR] connected @ http://localhost:3000/_next/static/chunks/node_modules_next_dist_0u_w_5s._.js:1226
[45044589ms] [ERROR] ./src/components/store/HomePage.tsx:7:1
Module not found: Can't resolve '@/components/home/NewsletterSection'
   5 | import { Footer } from "@/components/home/Footer";
   6 | import { HeroSection } from "@/components/home/HeroSection";
>  7 | import { NewsletterSection } from "@/components/home/NewsletterSection";
     | ^^^^^^^^^^^^^^^^^^^^^^^^^^^^^^^^^^^^^^^^^^^^^^^^^^^^^^^^^^^^^^^^^^^^^^^^
   8 | import { PromoBanners } from "@/components/home/PromoBanners";
   9 | import { ReviewsSection } from "@/components/home/ReviewsSection";
  10 | import { Navbar } from "@/components/layout/Navbar";

Import map: aliased to relative './src/components/home/NewsletterSection' inside of [project]/

Import trace:
  Server Component:
    ./src/components/store/HomePage.tsx
    ./src/app/[locale]/page.tsx

https://nextjs.org/docs/messages/module-not-found @ http://localhost:3000/_next/static/chunks/node_modules_next_dist_0u_w_5s._.js:1945
[45044625ms] [ERROR] ./src/components/store/HomePage.tsx:7:1
Module not found: Can't resolve '@/components/home/NewsletterSection'
   5 | import { Footer } from "@/components/home/Footer";
   6 | import { HeroSection } from "@/components/home/HeroSection";
>  7 | import { NewsletterSection } from "@/components/home/NewsletterSection";
     | ^^^^^^^^^^^^^^^^^^^^^^^^^^^^^^^^^^^^^^^^^^^^^^^^^^^^^^^^^^^^^^^^^^^^^^^^
   8 | import { PromoBanners } from "@/components/home/PromoBanners";
   9 | import { ReviewsSection } from "@/components/home/ReviewsSection";
  10 | import { Navbar } from "@/components/layout/Navbar";

Import map: aliased to relative './src/components/home/NewsletterSection' inside of [project]/

Import trace:
  Server Component:
    ./src/components/store/HomePage.tsx
    ./src/app/[locale]/page.tsx

https://nextjs.org/docs/messages/module-not-found @ http://localhost:3000/_next/static/chunks/node_modules_next_dist_0u_w_5s._.js:1945
[45044679ms] [LOG] [Fast Refresh] rebuilding @ http://localhost:3000/_next/static/chunks/node_modules_next_dist_0u_w_5s._.js:1226
[45044912ms] [ERROR] ./src/components/store/HomePage.tsx:7:1
Module not found: Can't resolve '@/components/home/NewsletterSection'
   5 | import { Footer } from "@/components/home/Footer";
   6 | import { HeroSection } from "@/components/home/HeroSection";
>  7 | import { NewsletterSection } from "@/components/home/NewsletterSection";
     | ^^^^^^^^^^^^^^^^^^^^^^^^^^^^^^^^^^^^^^^^^^^^^^^^^^^^^^^^^^^^^^^^^^^^^^^^
   8 | import { PromoBanners } from "@/components/home/PromoBanners";
   9 | import { ReviewsSection } from "@/components/home/ReviewsSection";
  10 | import { Navbar } from "@/components/layout/Navbar";

Import map: aliased to relative './src/components/home/NewsletterSection' inside of [project]/

Import trace:
  Server Component:
    ./src/components/store/HomePage.tsx
    ./src/app/[locale]/page.tsx

https://nextjs.org/docs/messages/module-not-found @ http://localhost:3000/_next/static/chunks/node_modules_next_dist_0u_w_5s._.js:1945
[45044986ms] [ERROR] ./src/components/store/HomePage.tsx:7:1
Module not found: Can't resolve '@/components/home/NewsletterSection'
   5 | import { Footer } from "@/components/home/Footer";
   6 | import { HeroSection } from "@/components/home/HeroSection";
>  7 | import { NewsletterSection } from "@/components/home/NewsletterSection";
     | ^^^^^^^^^^^^^^^^^^^^^^^^^^^^^^^^^^^^^^^^^^^^^^^^^^^^^^^^^^^^^^^^^^^^^^^^
   8 | import { PromoBanners } from "@/components/home/PromoBanners";
   9 | import { ReviewsSection } from "@/components/home/ReviewsSection";
  10 | import { Navbar } from "@/components/layout/Navbar";

Import map: aliased to relative './src/components/home/NewsletterSection' inside of [project]/

Import trace:
  Server Component:
    ./src/components/store/HomePage.tsx
    ./src/app/[locale]/page.tsx

https://nextjs.org/docs/messages/module-not-found @ http://localhost:3000/_next/static/chunks/node_modules_next_dist_0u_w_5s._.js:1945
[45045021ms] [LOG] [Fast Refresh] rebuilding @ http://localhost:3000/_next/static/chunks/node_modules_next_dist_0u_w_5s._.js:1226
[45045142ms] [ERROR] ./src/components/store/HomePage.tsx:7:1
Module not found: Can't resolve '@/components/home/NewsletterSection'
   5 | import { Footer } from "@/components/home/Footer";
   6 | import { HeroSection } from "@/components/home/HeroSection";
>  7 | import { NewsletterSection } from "@/components/home/NewsletterSection";
     | ^^^^^^^^^^^^^^^^^^^^^^^^^^^^^^^^^^^^^^^^^^^^^^^^^^^^^^^^^^^^^^^^^^^^^^^^
   8 | import { PromoBanners } from "@/components/home/PromoBanners";
   9 | import { ReviewsSection } from "@/components/home/ReviewsSection";
  10 | import { Navbar } from "@/components/layout/Navbar";

Import map: aliased to relative './src/components/home/NewsletterSection' inside of [project]/

Import trace:
  Server Component:
    ./src/components/store/HomePage.tsx
    ./src/app/[locale]/page.tsx

https://nextjs.org/docs/messages/module-not-found @ http://localhost:3000/_next/static/chunks/node_modules_next_dist_0u_w_5s._.js:1945
[45045172ms] [LOG] [Fast Refresh] rebuilding @ http://localhost:3000/_next/static/chunks/node_modules_next_dist_0u_w_5s._.js:1226
[45045509ms] [ERROR] ./src/components/store/HomePage.tsx:7:1
Module not found: Can't resolve '@/components/home/NewsletterSection'
   5 | import { Footer } from "@/components/home/Footer";
   6 | import { HeroSection } from "@/components/home/HeroSection";
>  7 | import { NewsletterSection } from "@/components/home/NewsletterSection";
     | ^^^^^^^^^^^^^^^^^^^^^^^^^^^^^^^^^^^^^^^^^^^^^^^^^^^^^^^^^^^^^^^^^^^^^^^^
   8 | import { PromoBanners } from "@/components/home/PromoBanners";
   9 | import { ReviewsSection } from "@/components/home/ReviewsSection";
  10 | import { Navbar } from "@/components/layout/Navbar";

Import map: aliased to relative './src/components/home/NewsletterSection' inside of [project]/

Import trace:
  Server Component:
    ./src/components/store/HomePage.tsx
    ./src/app/[locale]/page.tsx

https://nextjs.org/docs/messages/module-not-found @ http://localhost:3000/_next/static/chunks/node_modules_next_dist_0u_w_5s._.js:1945
[45045511ms] [LOG] [Fast Refresh] rebuilding @ http://localhost:3000/_next/static/chunks/node_modules_next_dist_0u_w_5s._.js:1226
[45045951ms] [ERROR] ./src/components/store/HomePage.tsx:7:1
Module not found: Can't resolve '@/components/home/NewsletterSection'
   5 | import { Footer } from "@/components/home/Footer";
   6 | import { HeroSection } from "@/components/home/HeroSection";
>  7 | import { NewsletterSection } from "@/components/home/NewsletterSection";
     | ^^^^^^^^^^^^^^^^^^^^^^^^^^^^^^^^^^^^^^^^^^^^^^^^^^^^^^^^^^^^^^^^^^^^^^^^
   8 | import { PromoBanners } from "@/components/home/PromoBanners";
   9 | import { ReviewsSection } from "@/components/home/ReviewsSection";
  10 | import { Navbar } from "@/components/layout/Navbar";

Import map: aliased to relative './src/components/home/NewsletterSection' inside of [project]/

Import trace:
  Server Component:
    ./src/components/store/HomePage.tsx
    ./src/app/[locale]/page.tsx

https://nextjs.org/docs/messages/module-not-found @ http://localhost:3000/_next/static/chunks/node_modules_next_dist_0u_w_5s._.js:1945
[45046047ms] [ERROR] ./src/components/store/HomePage.tsx:7:1
Module not found: Can't resolve '@/components/home/NewsletterSection'
   5 | import { Footer } from "@/components/home/Footer";
   6 | import { HeroSection } from "@/components/home/HeroSection";
>  7 | import { NewsletterSection } from "@/components/home/NewsletterSection";
     | ^^^^^^^^^^^^^^^^^^^^^^^^^^^^^^^^^^^^^^^^^^^^^^^^^^^^^^^^^^^^^^^^^^^^^^^^
   8 | import { PromoBanners } from "@/components/home/PromoBanners";
   9 | import { ReviewsSection } from "@/components/home/ReviewsSection";
  10 | import { Navbar } from "@/components/layout/Navbar";

Import map: aliased to relative './src/components/home/NewsletterSection' inside of [project]/

Import trace:
  Server Component:
    ./src/components/store/HomePage.tsx
    ./src/app/[locale]/page.tsx

https://nextjs.org/docs/messages/module-not-found @ http://localhost:3000/_next/static/chunks/node_modules_next_dist_0u_w_5s._.js:1945
[45046096ms] [LOG] [Fast Refresh] rebuilding @ http://localhost:3000/_next/static/chunks/node_modules_next_dist_0u_w_5s._.js:1226
[45065067ms] [LOG] [Fast Refresh] rebuilding @ http://localhost:3000/_next/static/chunks/node_modules_next_dist_0u_w_5s._.js:1226
[45065212ms] [LOG] [Fast Refresh] done in 250ms @ http://localhost:3000/_next/static/chunks/node_modules_next_dist_0u_w_5s._.js:1226
[45065488ms] [LOG] [Fast Refresh] rebuilding @ http://localhost:3000/_next/static/chunks/node_modules_next_dist_0u_w_5s._.js:1226
[45066051ms] [LOG] [Fast Refresh] done in 669ms @ http://localhost:3000/_next/static/chunks/node_modules_next_dist_0u_w_5s._.js:1226
[45066165ms] [LOG] [Fast Refresh] rebuilding @ http://localhost:3000/_next/static/chunks/node_modules_next_dist_0u_w_5s._.js:1226
[45069659ms] [LOG] [Fast Refresh] done in 3599ms @ http://localhost:3000/_next/static/chunks/node_modules_next_dist_0u_w_5s._.js:1226
[45069787ms] [ERROR] Failed to load resource: the server responded with a status of 404 (Not Found) @ http://localhost:3000/admin/verski-turizam:0
[45070417ms] [INFO] %cDownload the React DevTools for a better development experience: https://react.dev/link/react-devtools font-weight:bold @ http://localhost:3000/_next/static/chunks/node_modules_next_dist_115brz8._.js:2431
[45070498ms] [LOG] [HMR] connected @ http://localhost:3000/_next/static/chunks/node_modules_next_dist_115brz8._.js:2431
[45074218ms] [LOG] [Fast Refresh] rebuilding @ http://localhost:3000/_next/static/chunks/node_modules_next_dist_115brz8._.js:2431
[45075157ms] [ERROR] ./src/components/store/HomePage.tsx:1:1
Module not found: Can't resolve '@/components/home/BenefitStrip'
> 1 | import { BenefitStrip } from "@/components/home/BenefitStrip";
    | ^^^^^^^^^^^^^^^^^^^^^^^^^^^^^^^^^^^^^^^^^^^^^^^^^^^^^^^^^^^^^^
  2 | import { BestsellersSection } from "@/components/home/BestsellersSection";
  3 | import { BrandStorySection } from "@/components/home/BrandStorySection";
  4 | import { FeaturedProductsSection } from "@/components/home/FeaturedProductsSection";

Import map: aliased to relative './src/components/home/BenefitStrip' inside of [project]/

Import trace:
  Server Component:
    ./src/components/store/HomePage.tsx
    ./src/app/[locale]/page.tsx

https://nextjs.org/docs/messages/module-not-found @ http://localhost:3000/_next/static/chunks/node_modules_next_dist_115brz8._.js:3272
[45075491ms] [LOG] [Fast Refresh] rebuilding @ http://localhost:3000/_next/static/chunks/node_modules_next_dist_115brz8._.js:2431
[45075540ms] [ERROR] ./src/components/store/HomePage.tsx:1:1
Module not found: Can't resolve '@/components/home/BenefitStrip'
> 1 | import { BenefitStrip } from "@/components/home/BenefitStrip";
    | ^^^^^^^^^^^^^^^^^^^^^^^^^^^^^^^^^^^^^^^^^^^^^^^^^^^^^^^^^^^^^^
  2 | import { BestsellersSection } from "@/components/home/BestsellersSection";
  3 | import { BrandStorySection } from "@/components/home/BrandStorySection";
  4 | import { FeaturedProductsSection } from "@/components/home/FeaturedProductsSection";

Import map: aliased to relative './src/components/home/BenefitStrip' inside of [project]/

Import trace:
  Server Component:
    ./src/components/store/HomePage.tsx
    ./src/app/[locale]/page.tsx

https://nextjs.org/docs/messages/module-not-found @ http://localhost:3000/_next/static/chunks/node_modules_next_dist_115brz8._.js:3272
[45075550ms] [ERROR] Failed to load resource: the server responded with a status of 500 (Internal Server Error) @ http://localhost:3000/admin/verski-turizam?_rsc=1nkcf:0
[45075647ms] [LOG] [Fast Refresh] rebuilding @ http://localhost:3000/_next/static/chunks/node_modules_next_dist_115brz8._.js:2431
[45075655ms] [ERROR] ./src/components/store/HomePage.tsx:1:1
Module not found: Can't resolve '@/components/home/BenefitStrip'
> 1 | import { BenefitStrip } from "@/components/home/BenefitStrip";
    | ^^^^^^^^^^^^^^^^^^^^^^^^^^^^^^^^^^^^^^^^^^^^^^^^^^^^^^^^^^^^^^
  2 | import { BestsellersSection } from "@/components/home/BestsellersSection";
  3 | import { BrandStorySection } from "@/components/home/BrandStorySection";
  4 | import { FeaturedProductsSection } from "@/components/home/FeaturedProductsSection";

Import map: aliased to relative './src/components/home/BenefitStrip' inside of [project]/

Import trace:
  Server Component:
    ./src/components/store/HomePage.tsx
    ./src/app/[locale]/page.tsx

https://nextjs.org/docs/messages/module-not-found @ http://localhost:3000/_next/static/chunks/node_modules_next_dist_115brz8._.js:3272
[45075840ms] [ERROR] ./src/components/store/HomePage.tsx:1:1
Module not found: Can't resolve '@/components/home/BenefitStrip'
> 1 | import { BenefitStrip } from "@/components/home/BenefitStrip";
    | ^^^^^^^^^^^^^^^^^^^^^^^^^^^^^^^^^^^^^^^^^^^^^^^^^^^^^^^^^^^^^^
  2 | import { BestsellersSection } from "@/components/home/BestsellersSection";
  3 | import { BrandStorySection } from "@/components/home/BrandStorySection";
  4 | import { FeaturedProductsSection } from "@/components/home/FeaturedProductsSection";

Import map: aliased to relative './src/components/home/BenefitStrip' inside of [project]/

Import trace:
  Server Component:
    ./src/components/store/HomePage.tsx
    ./src/app/[locale]/page.tsx

https://nextjs.org/docs/messages/module-not-found @ http://localhost:3000/_next/static/chunks/node_modules_next_dist_115brz8._.js:3272
[45075953ms] [LOG] [Fast Refresh] rebuilding @ http://localhost:3000/_next/static/chunks/node_modules_next_dist_115brz8._.js:2431
[45076007ms] [ERROR] Failed to load resource: the server responded with a status of 500 (Internal Server Error) @ http://localhost:3000/admin/verski-turizam?_rsc=1nkcf:0
[45076011ms] [ERROR] ./src/components/store/HomePage.tsx:1:1
Module not found: Can't resolve '@/components/home/BenefitStrip'
> 1 | import { BenefitStrip } from "@/components/home/BenefitStrip";
    | ^^^^^^^^^^^^^^^^^^^^^^^^^^^^^^^^^^^^^^^^^^^^^^^^^^^^^^^^^^^^^^
  2 | import { BestsellersSection } from "@/components/home/BestsellersSection";
  3 | import { BrandStorySection } from "@/components/home/BrandStorySection";
  4 | import { FeaturedProductsSection } from "@/components/home/FeaturedProductsSection";

Import map: aliased to relative './src/components/home/BenefitStrip' inside of [project]/

Import trace:
  Server Component:
    ./src/components/store/HomePage.tsx
    ./src/app/[locale]/page.tsx

https://nextjs.org/docs/messages/module-not-found @ http://localhost:3000/_next/static/chunks/node_modules_next_dist_115brz8._.js:3272
[45076037ms] [ERROR] Failed to load resource: the server responded with a status of 500 (Internal Server Error) @ http://localhost:3000/admin/verski-turizam:0
[45076400ms] [INFO] %cDownload the React DevTools for a better development experience: https://react.dev/link/react-devtools font-weight:bold @ http://localhost:3000/_next/static/chunks/node_modules_react-dom_0bruynb._.js:15305
[45076426ms] Error: ./src/components/store/HomePage.tsx:1:1
Module not found: Can't resolve '@/components/home/BenefitStrip'
> 1 | import { BenefitStrip } from "@/components/home/BenefitStrip";
    | ^^^^^^^^^^^^^^^^^^^^^^^^^^^^^^^^^^^^^^^^^^^^^^^^^^^^^^^^^^^^^^
  2 | import { BestsellersSection } from "@/components/home/BestsellersSection";
  3 | import { BrandStorySection } from "@/components/home/BrandStorySection";
  4 | import { FeaturedProductsSection } from "@/components/home/FeaturedProductsSection";

Import map: aliased to relative './src/components/home/BenefitStrip' inside of [project]/


Import trace:
  Server Component:
    ./src/components/store/HomePage.tsx
    ./src/app/[locale]/page.tsx

https://nextjs.org/docs/messages/module-not-found


    at <unknown> (Error: ./src/components/store/HomePage.tsx:1:1)
    at <unknown> (https://nextjs.org/docs/messages/module-not-found)
    at Object.getCompilationErrors (file://C:\Users\admin\Desktop\monte-z\node_modules\next\dist\server\dev\hot-reloader-turbopack.js:1186:59)
    at DevBundlerService.getCompilationError (file://C:\Users\admin\Desktop\monte-z\node_modules\next\dist\server\lib\dev-bundler-service.js:44:55)
    at DevServer.getCompilationError (file://C:\Users\admin\Desktop\monte-z\node_modules\next\dist\server\dev\next-dev-server.js:719:42)
    at DevServer.findPageComponents (file://C:\Users\admin\Desktop\monte-z\node_modules\next\dist\server\dev\next-dev-server.js:689:43)
    at async DevServer.renderErrorToResponseImpl (file://C:\Users\admin\Desktop\monte-z\node_modules\next\dist\server\base-server.js:1686:30)
[45076487ms] [LOG] [HMR] connected @ http://localhost:3000/_next/static/chunks/node_modules_next_dist_0u_w_5s._.js:1226
[45076601ms] [ERROR] ./src/components/store/HomePage.tsx:1:1
Module not found: Can't resolve '@/components/home/BenefitStrip'
> 1 | import { BenefitStrip } from "@/components/home/BenefitStrip";
    | ^^^^^^^^^^^^^^^^^^^^^^^^^^^^^^^^^^^^^^^^^^^^^^^^^^^^^^^^^^^^^^
  2 | import { BestsellersSection } from "@/components/home/BestsellersSection";
  3 | import { BrandStorySection } from "@/components/home/BrandStorySection";
  4 | import { FeaturedProductsSection } from "@/components/home/FeaturedProductsSection";

Import map: aliased to relative './src/components/home/BenefitStrip' inside of [project]/

Import trace:
  Server Component:
    ./src/components/store/HomePage.tsx
    ./src/app/[locale]/page.tsx

https://nextjs.org/docs/messages/module-not-found @ http://localhost:3000/_next/static/chunks/node_modules_next_dist_0u_w_5s._.js:1945
[45076606ms] [LOG] [Fast Refresh] rebuilding @ http://localhost:3000/_next/static/chunks/node_modules_next_dist_0u_w_5s._.js:1226
[45076694ms] [ERROR] ./src/components/store/HomePage.tsx:1:1
Module not found: Can't resolve '@/components/home/BenefitStrip'
> 1 | import { BenefitStrip } from "@/components/home/BenefitStrip";
    | ^^^^^^^^^^^^^^^^^^^^^^^^^^^^^^^^^^^^^^^^^^^^^^^^^^^^^^^^^^^^^^
  2 | import { BestsellersSection } from "@/components/home/BestsellersSection";
  3 | import { BrandStorySection } from "@/components/home/BrandStorySection";
  4 | import { FeaturedProductsSection } from "@/components/home/FeaturedProductsSection";

Import map: aliased to relative './src/components/home/BenefitStrip' inside of [project]/

Import trace:
  Server Component:
    ./src/components/store/HomePage.tsx
    ./src/app/[locale]/page.tsx

https://nextjs.org/docs/messages/module-not-found @ http://localhost:3000/_next/static/chunks/node_modules_next_dist_0u_w_5s._.js:1945
[45076708ms] [ERROR] ./src/components/store/HomePage.tsx:1:1
Module not found: Can't resolve '@/components/home/BenefitStrip'
> 1 | import { BenefitStrip } from "@/components/home/BenefitStrip";
    | ^^^^^^^^^^^^^^^^^^^^^^^^^^^^^^^^^^^^^^^^^^^^^^^^^^^^^^^^^^^^^^
  2 | import { BestsellersSection } from "@/components/home/BestsellersSection";
  3 | import { BrandStorySection } from "@/components/home/BrandStorySection";
  4 | import { FeaturedProductsSection } from "@/components/home/FeaturedProductsSection";

Import map: aliased to relative './src/components/home/BenefitStrip' inside of [project]/

Import trace:
  Server Component:
    ./src/components/store/HomePage.tsx
    ./src/app/[locale]/page.tsx

https://nextjs.org/docs/messages/module-not-found @ http://localhost:3000/_next/static/chunks/node_modules_next_dist_0u_w_5s._.js:1945
[45076789ms] [LOG] [Fast Refresh] rebuilding @ http://localhost:3000/_next/static/chunks/node_modules_next_dist_0u_w_5s._.js:1226
[45077220ms] [ERROR] ./src/components/store/HomePage.tsx:1:1
Module not found: Can't resolve '@/components/home/BenefitStrip'
> 1 | import { BenefitStrip } from "@/components/home/BenefitStrip";
    | ^^^^^^^^^^^^^^^^^^^^^^^^^^^^^^^^^^^^^^^^^^^^^^^^^^^^^^^^^^^^^^
  2 | import { BestsellersSection } from "@/components/home/BestsellersSection";
  3 | import { BrandStorySection } from "@/components/home/BrandStorySection";
  4 | import { FeaturedProductsSection } from "@/components/home/FeaturedProductsSection";

Import map: aliased to relative './src/components/home/BenefitStrip' inside of [project]/

Import trace:
  Server Component:
    ./src/components/store/HomePage.tsx
    ./src/app/[locale]/page.tsx

https://nextjs.org/docs/messages/module-not-found @ http://localhost:3000/_next/static/chunks/node_modules_next_dist_0u_w_5s._.js:1945
[45077296ms] [ERROR] ./src/components/store/HomePage.tsx:1:1
Module not found: Can't resolve '@/components/home/BenefitStrip'
> 1 | import { BenefitStrip } from "@/components/home/BenefitStrip";
    | ^^^^^^^^^^^^^^^^^^^^^^^^^^^^^^^^^^^^^^^^^^^^^^^^^^^^^^^^^^^^^^
  2 | import { BestsellersSection } from "@/components/home/BestsellersSection";
  3 | import { BrandStorySection } from "@/components/home/BrandStorySection";
  4 | import { FeaturedProductsSection } from "@/components/home/FeaturedProductsSection";

Import map: aliased to relative './src/components/home/BenefitStrip' inside of [project]/

Import trace:
  Server Component:
    ./src/components/store/HomePage.tsx
    ./src/app/[locale]/page.tsx

https://nextjs.org/docs/messages/module-not-found @ http://localhost:3000/_next/static/chunks/node_modules_next_dist_0u_w_5s._.js:1945
[45077386ms] [LOG] [Fast Refresh] rebuilding @ http://localhost:3000/_next/static/chunks/node_modules_next_dist_0u_w_5s._.js:1226
[45092148ms] [LOG] [Fast Refresh] rebuilding @ http://localhost:3000/_next/static/chunks/node_modules_next_dist_0u_w_5s._.js:1226
[45092386ms] [LOG] [Fast Refresh] done in 317ms @ http://localhost:3000/_next/static/chunks/node_modules_next_dist_0u_w_5s._.js:1226
[45092635ms] [LOG] [Fast Refresh] rebuilding @ http://localhost:3000/_next/static/chunks/node_modules_next_dist_0u_w_5s._.js:1226
[45093333ms] [LOG] [Fast Refresh] done in 798ms @ http://localhost:3000/_next/static/chunks/node_modules_next_dist_0u_w_5s._.js:1226
[45093450ms] [LOG] [Fast Refresh] rebuilding @ http://localhost:3000/_next/static/chunks/node_modules_next_dist_0u_w_5s._.js:1226
[45095962ms] [LOG] [Fast Refresh] done in 2627ms @ http://localhost:3000/_next/static/chunks/node_modules_next_dist_0u_w_5s._.js:1226
[45096074ms] [ERROR] Failed to load resource: the server responded with a status of 404 (Not Found) @ http://localhost:3000/admin/verski-turizam:0
[45096711ms] [INFO] %cDownload the React DevTools for a better development experience: https://react.dev/link/react-devtools font-weight:bold @ http://localhost:3000/_next/static/chunks/node_modules_next_dist_115brz8._.js:2431
[45096796ms] [LOG] [HMR] connected @ http://localhost:3000/_next/static/chunks/node_modules_next_dist_115brz8._.js:2431
[45102976ms] [LOG] [Fast Refresh] rebuilding @ http://localhost:3000/_next/static/chunks/node_modules_next_dist_115brz8._.js:2431
[45103419ms] [ERROR] ./src/components/store/HomePage.tsx:5:1
Module not found: Can't resolve '@/components/home/Footer'
  3 | import { BrandStorySection } from "@/components/home/BrandStorySection";
  4 | import { FeaturedProductsSection } from "@/components/home/FeaturedProductsSection";
> 5 | import { Footer } from "@/components/home/Footer";
    | ^^^^^^^^^^^^^^^^^^^^^^^^^^^^^^^^^^^^^^^^^^^^^^^^^^
  6 | import { HeroSection } from "@/components/home/HeroSection";
  7 | import { NewsletterSection } from "@/components/home/NewsletterSection";
  8 | import { PromoBanners } from "@/components/home/PromoBanners";

Import map: aliased to relative './src/components/home/Footer' inside of [project]/

Import trace:
  Server Component:
    ./src/components/store/HomePage.tsx
    ./src/app/[locale]/page.tsx

https://nextjs.org/docs/messages/module-not-found @ http://localhost:3000/_next/static/chunks/node_modules_next_dist_115brz8._.js:3272
[45103587ms] [ERROR] Failed to load resource: the server responded with a status of 500 (Internal Server Error) @ http://localhost:3000/admin/verski-turizam?_rsc=1nkcf:0
[45103628ms] [LOG] [Fast Refresh] rebuilding @ http://localhost:3000/_next/static/chunks/node_modules_next_dist_115brz8._.js:2431
[45103634ms] [ERROR] ./src/components/store/HomePage.tsx:5:1
Module not found: Can't resolve '@/components/home/Footer'
  3 | import { BrandStorySection } from "@/components/home/BrandStorySection";
  4 | import { FeaturedProductsSection } from "@/components/home/FeaturedProductsSection";
> 5 | import { Footer } from "@/components/home/Footer";
    | ^^^^^^^^^^^^^^^^^^^^^^^^^^^^^^^^^^^^^^^^^^^^^^^^^^
  6 | import { HeroSection } from "@/components/home/HeroSection";
  7 | import { NewsletterSection } from "@/components/home/NewsletterSection";
  8 | import { PromoBanners } from "@/components/home/PromoBanners";

Import map: aliased to relative './src/components/home/Footer' inside of [project]/

Import trace:
  Server Component:
    ./src/components/store/HomePage.tsx
    ./src/app/[locale]/page.tsx

https://nextjs.org/docs/messages/module-not-found @ http://localhost:3000/_next/static/chunks/node_modules_next_dist_115brz8._.js:3272
[45103907ms] [LOG] [Fast Refresh] rebuilding @ http://localhost:3000/_next/static/chunks/node_modules_next_dist_115brz8._.js:2431
[45103931ms] [ERROR] Failed to load resource: the server responded with a status of 500 (Internal Server Error) @ http://localhost:3000/admin/verski-turizam?_rsc=1nkcf:0
[45103980ms] [ERROR] ./src/components/store/HomePage.tsx:5:1
Module not found: Can't resolve '@/components/home/Footer'
  3 | import { BrandStorySection } from "@/components/home/BrandStorySection";
  4 | import { FeaturedProductsSection } from "@/components/home/FeaturedProductsSection";
> 5 | import { Footer } from "@/components/home/Footer";
    | ^^^^^^^^^^^^^^^^^^^^^^^^^^^^^^^^^^^^^^^^^^^^^^^^^^
  6 | import { HeroSection } from "@/components/home/HeroSection";
  7 | import { NewsletterSection } from "@/components/home/NewsletterSection";
  8 | import { PromoBanners } from "@/components/home/PromoBanners";

Import map: aliased to relative './src/components/home/Footer' inside of [project]/

Import trace:
  Server Component:
    ./src/components/store/HomePage.tsx
    ./src/app/[locale]/page.tsx

https://nextjs.org/docs/messages/module-not-found @ http://localhost:3000/_next/static/chunks/node_modules_next_dist_115brz8._.js:3272
[45103987ms] [ERROR] ./src/components/store/HomePage.tsx:5:1
Module not found: Can't resolve '@/components/home/Footer'
  3 | import { BrandStorySection } from "@/components/home/BrandStorySection";
  4 | import { FeaturedProductsSection } from "@/components/home/FeaturedProductsSection";
> 5 | import { Footer } from "@/components/home/Footer";
    | ^^^^^^^^^^^^^^^^^^^^^^^^^^^^^^^^^^^^^^^^^^^^^^^^^^
  6 | import { HeroSection } from "@/components/home/HeroSection";
  7 | import { NewsletterSection } from "@/components/home/NewsletterSection";
  8 | import { PromoBanners } from "@/components/home/PromoBanners";

Import map: aliased to relative './src/components/home/Footer' inside of [project]/

Import trace:
  Server Component:
    ./src/components/store/HomePage.tsx
    ./src/app/[locale]/page.tsx

https://nextjs.org/docs/messages/module-not-found @ http://localhost:3000/_next/static/chunks/node_modules_next_dist_115brz8._.js:3272
[45104073ms] [ERROR] ./src/components/store/HomePage.tsx:5:1
Module not found: Can't resolve '@/components/home/Footer'
  3 | import { BrandStorySection } from "@/components/home/BrandStorySection";
  4 | import { FeaturedProductsSection } from "@/components/home/FeaturedProductsSection";
> 5 | import { Footer } from "@/components/home/Footer";
    | ^^^^^^^^^^^^^^^^^^^^^^^^^^^^^^^^^^^^^^^^^^^^^^^^^^
  6 | import { HeroSection } from "@/components/home/HeroSection";
  7 | import { NewsletterSection } from "@/components/home/NewsletterSection";
  8 | import { PromoBanners } from "@/components/home/PromoBanners";

Import map: aliased to relative './src/components/home/Footer' inside of [project]/

Import trace:
  Server Component:
    ./src/components/store/HomePage.tsx
    ./src/app/[locale]/page.tsx

https://nextjs.org/docs/messages/module-not-found @ http://localhost:3000/_next/static/chunks/node_modules_next_dist_115brz8._.js:3272
[45104097ms] [ERROR] Failed to load resource: the server responded with a status of 500 (Internal Server Error) @ http://localhost:3000/admin/verski-turizam:0
[45104561ms] [INFO] %cDownload the React DevTools for a better development experience: https://react.dev/link/react-devtools font-weight:bold @ http://localhost:3000/_next/static/chunks/node_modules_react-dom_0bruynb._.js:15305
[45104586ms] Error: ./src/components/store/HomePage.tsx:5:1
Module not found: Can't resolve '@/components/home/Footer'
  3 | import { BrandStorySection } from "@/components/home/BrandStorySection";
  4 | import { FeaturedProductsSection } from "@/components/home/FeaturedProductsSection";
> 5 | import { Footer } from "@/components/home/Footer";
    | ^^^^^^^^^^^^^^^^^^^^^^^^^^^^^^^^^^^^^^^^^^^^^^^^^^
  6 | import { HeroSection } from "@/components/home/HeroSection";
  7 | import { NewsletterSection } from "@/components/home/NewsletterSection";
  8 | import { PromoBanners } from "@/components/home/PromoBanners";

Import map: aliased to relative './src/components/home/Footer' inside of [project]/


Import trace:
  Server Component:
    ./src/components/store/HomePage.tsx
    ./src/app/[locale]/page.tsx

https://nextjs.org/docs/messages/module-not-found


    at <unknown> (Error: ./src/components/store/HomePage.tsx:5:1)
    at <unknown> (https://nextjs.org/docs/messages/module-not-found)
    at Object.getCompilationErrors (file://C:\Users\admin\Desktop\monte-z\node_modules\next\dist\server\dev\hot-reloader-turbopack.js:1186:59)
    at DevBundlerService.getCompilationError (file://C:\Users\admin\Desktop\monte-z\node_modules\next\dist\server\lib\dev-bundler-service.js:44:55)
    at DevServer.getCompilationError (file://C:\Users\admin\Desktop\monte-z\node_modules\next\dist\server\dev\next-dev-server.js:719:42)
    at DevServer.findPageComponents (file://C:\Users\admin\Desktop\monte-z\node_modules\next\dist\server\dev\next-dev-server.js:689:43)
    at async DevServer.renderErrorToResponseImpl (file://C:\Users\admin\Desktop\monte-z\node_modules\next\dist\server\base-server.js:1686:30)
[45104660ms] [LOG] [HMR] connected @ http://localhost:3000/_next/static/chunks/node_modules_next_dist_0u_w_5s._.js:1226
[45104876ms] [ERROR] ./src/components/store/HomePage.tsx:5:1
Module not found: Can't resolve '@/components/home/Footer'
  3 | import { BrandStorySection } from "@/components/home/BrandStorySection";
  4 | import { FeaturedProductsSection } from "@/components/home/FeaturedProductsSection";
> 5 | import { Footer } from "@/components/home/Footer";
    | ^^^^^^^^^^^^^^^^^^^^^^^^^^^^^^^^^^^^^^^^^^^^^^^^^^
  6 | import { HeroSection } from "@/components/home/HeroSection";
  7 | import { NewsletterSection } from "@/components/home/NewsletterSection";
  8 | import { PromoBanners } from "@/components/home/PromoBanners";

Import map: aliased to relative './src/components/home/Footer' inside of [project]/

Import trace:
  Server Component:
    ./src/components/store/HomePage.tsx
    ./src/app/[locale]/page.tsx

https://nextjs.org/docs/messages/module-not-found @ http://localhost:3000/_next/static/chunks/node_modules_next_dist_0u_w_5s._.js:1945
[45104971ms] [LOG] [Fast Refresh] rebuilding @ http://localhost:3000/_next/static/chunks/node_modules_next_dist_0u_w_5s._.js:1226
[45105029ms] [ERROR] ./src/components/store/HomePage.tsx:5:1
Module not found: Can't resolve '@/components/home/Footer'
  3 | import { BrandStorySection } from "@/components/home/BrandStorySection";
  4 | import { FeaturedProductsSection } from "@/components/home/FeaturedProductsSection";
> 5 | import { Footer } from "@/components/home/Footer";
    | ^^^^^^^^^^^^^^^^^^^^^^^^^^^^^^^^^^^^^^^^^^^^^^^^^^
  6 | import { HeroSection } from "@/components/home/HeroSection";
  7 | import { NewsletterSection } from "@/components/home/NewsletterSection";
  8 | import { PromoBanners } from "@/components/home/PromoBanners";

Import map: aliased to relative './src/components/home/Footer' inside of [project]/

Import trace:
  Server Component:
    ./src/components/store/HomePage.tsx
    ./src/app/[locale]/page.tsx

https://nextjs.org/docs/messages/module-not-found @ http://localhost:3000/_next/static/chunks/node_modules_next_dist_0u_w_5s._.js:1945
[45105039ms] [ERROR] ./src/components/store/HomePage.tsx:5:1
Module not found: Can't resolve '@/components/home/Footer'
  3 | import { BrandStorySection } from "@/components/home/BrandStorySection";
  4 | import { FeaturedProductsSection } from "@/components/home/FeaturedProductsSection";
> 5 | import { Footer } from "@/components/home/Footer";
    | ^^^^^^^^^^^^^^^^^^^^^^^^^^^^^^^^^^^^^^^^^^^^^^^^^^
  6 | import { HeroSection } from "@/components/home/HeroSection";
  7 | import { NewsletterSection } from "@/components/home/NewsletterSection";
  8 | import { PromoBanners } from "@/components/home/PromoBanners";

Import map: aliased to relative './src/components/home/Footer' inside of [project]/

Import trace:
  Server Component:
    ./src/components/store/HomePage.tsx
    ./src/app/[locale]/page.tsx

https://nextjs.org/docs/messages/module-not-found @ http://localhost:3000/_next/static/chunks/node_modules_next_dist_0u_w_5s._.js:1945
[45105135ms] [LOG] [Fast Refresh] rebuilding @ http://localhost:3000/_next/static/chunks/node_modules_next_dist_0u_w_5s._.js:1226
[45105412ms] [ERROR] ./src/components/store/HomePage.tsx:5:1
Module not found: Can't resolve '@/components/home/Footer'
  3 | import { BrandStorySection } from "@/components/home/BrandStorySection";
  4 | import { FeaturedProductsSection } from "@/components/home/FeaturedProductsSection";
> 5 | import { Footer } from "@/components/home/Footer";
    | ^^^^^^^^^^^^^^^^^^^^^^^^^^^^^^^^^^^^^^^^^^^^^^^^^^
  6 | import { HeroSection } from "@/components/home/HeroSection";
  7 | import { NewsletterSection } from "@/components/home/NewsletterSection";
  8 | import { PromoBanners } from "@/components/home/PromoBanners";

Import map: aliased to relative './src/components/home/Footer' inside of [project]/

Import trace:
  Server Component:
    ./src/components/store/HomePage.tsx
    ./src/app/[locale]/page.tsx

https://nextjs.org/docs/messages/module-not-found @ http://localhost:3000/_next/static/chunks/node_modules_next_dist_0u_w_5s._.js:1945
[45105481ms] [ERROR] ./src/components/store/HomePage.tsx:5:1
Module not found: Can't resolve '@/components/home/Footer'
  3 | import { BrandStorySection } from "@/components/home/BrandStorySection";
  4 | import { FeaturedProductsSection } from "@/components/home/FeaturedProductsSection";
> 5 | import { Footer } from "@/components/home/Footer";
    | ^^^^^^^^^^^^^^^^^^^^^^^^^^^^^^^^^^^^^^^^^^^^^^^^^^
  6 | import { HeroSection } from "@/components/home/HeroSection";
  7 | import { NewsletterSection } from "@/components/home/NewsletterSection";
  8 | import { PromoBanners } from "@/components/home/PromoBanners";

Import map: aliased to relative './src/components/home/Footer' inside of [project]/

Import trace:
  Server Component:
    ./src/components/store/HomePage.tsx
    ./src/app/[locale]/page.tsx

https://nextjs.org/docs/messages/module-not-found @ http://localhost:3000/_next/static/chunks/node_modules_next_dist_0u_w_5s._.js:1945
[45105565ms] [LOG] [Fast Refresh] rebuilding @ http://localhost:3000/_next/static/chunks/node_modules_next_dist_0u_w_5s._.js:1226
[45129165ms] [LOG] [Fast Refresh] rebuilding @ http://localhost:3000/_next/static/chunks/node_modules_next_dist_0u_w_5s._.js:1226
[45130377ms] [LOG] [Fast Refresh] done in 1317ms @ http://localhost:3000/_next/static/chunks/node_modules_next_dist_0u_w_5s._.js:1226
[45131249ms] [LOG] [Fast Refresh] rebuilding @ http://localhost:3000/_next/static/chunks/node_modules_next_dist_0u_w_5s._.js:1226
[45132324ms] [LOG] [Fast Refresh] done in 1176ms @ http://localhost:3000/_next/static/chunks/node_modules_next_dist_0u_w_5s._.js:1226
[45132365ms] [ERROR] Failed to load resource: the server responded with a status of 404 (Not Found) @ http://localhost:3000/admin/verski-turizam:0
[45132581ms] [INFO] %cDownload the React DevTools for a better development experience: https://react.dev/link/react-devtools font-weight:bold @ http://localhost:3000/_next/static/chunks/node_modules_next_dist_115brz8._.js:2431
[45132632ms] [LOG] [HMR] connected @ http://localhost:3000/_next/static/chunks/node_modules_next_dist_115brz8._.js:2431
[45141053ms] [LOG] [Fast Refresh] rebuilding @ http://localhost:3000/_next/static/chunks/node_modules_next_dist_115brz8._.js:2431
[45141517ms] [ERROR] ./src/components/store/HomePage.tsx:10:1
Module not found: Can't resolve '@/components/layout/Navbar'
   8 | import { PromoBanners } from "@/components/home/PromoBanners";
   9 | import { ReviewsSection } from "@/components/home/ReviewsSection";
> 10 | import { Navbar } from "@/components/layout/Navbar";
     | ^^^^^^^^^^^^^^^^^^^^^^^^^^^^^^^^^^^^^^^^^^^^^^^^^^^^
  11 |
  12 | export function HomePage() {
  13 |   return (

Import map: aliased to relative './src/components/layout/Navbar' inside of [project]/

Import trace:
  Server Component:
    ./src/components/store/HomePage.tsx
    ./src/app/[locale]/page.tsx

https://nextjs.org/docs/messages/module-not-found @ http://localhost:3000/_next/static/chunks/node_modules_next_dist_115brz8._.js:3272
[45141645ms] [ERROR] Failed to load resource: the server responded with a status of 500 (Internal Server Error) @ http://localhost:3000/admin/verski-turizam?_rsc=1nkcf:0
[45141665ms] [ERROR] ./src/components/store/HomePage.tsx:10:1
Module not found: Can't resolve '@/components/layout/Navbar'
   8 | import { PromoBanners } from "@/components/home/PromoBanners";
   9 | import { ReviewsSection } from "@/components/home/ReviewsSection";
> 10 | import { Navbar } from "@/components/layout/Navbar";
     | ^^^^^^^^^^^^^^^^^^^^^^^^^^^^^^^^^^^^^^^^^^^^^^^^^^^^
  11 |
  12 | export function HomePage() {
  13 |   return (

Import map: aliased to relative './src/components/layout/Navbar' inside of [project]/

Import trace:
  Server Component:
    ./src/components/store/HomePage.tsx
    ./src/app/[locale]/page.tsx

https://nextjs.org/docs/messages/module-not-found @ http://localhost:3000/_next/static/chunks/node_modules_next_dist_115brz8._.js:3272
[45141820ms] [LOG] [Fast Refresh] rebuilding @ http://localhost:3000/_next/static/chunks/node_modules_next_dist_115brz8._.js:2431
[45141826ms] [ERROR] Failed to load resource: the server responded with a status of 500 (Internal Server Error) @ http://localhost:3000/admin/verski-turizam?_rsc=1nkcf:0
[45141831ms] [ERROR] ./src/components/store/HomePage.tsx:10:1
Module not found: Can't resolve '@/components/layout/Navbar'
   8 | import { PromoBanners } from "@/components/home/PromoBanners";
   9 | import { ReviewsSection } from "@/components/home/ReviewsSection";
> 10 | import { Navbar } from "@/components/layout/Navbar";
     | ^^^^^^^^^^^^^^^^^^^^^^^^^^^^^^^^^^^^^^^^^^^^^^^^^^^^
  11 |
  12 | export function HomePage() {
  13 |   return (

Import map: aliased to relative './src/components/layout/Navbar' inside of [project]/

Import trace:
  Server Component:
    ./src/components/store/HomePage.tsx
    ./src/app/[locale]/page.tsx

https://nextjs.org/docs/messages/module-not-found @ http://localhost:3000/_next/static/chunks/node_modules_next_dist_115brz8._.js:3272
[45141911ms] [ERROR] ./src/components/store/HomePage.tsx:10:1
Module not found: Can't resolve '@/components/layout/Navbar'
   8 | import { PromoBanners } from "@/components/home/PromoBanners";
   9 | import { ReviewsSection } from "@/components/home/ReviewsSection";
> 10 | import { Navbar } from "@/components/layout/Navbar";
     | ^^^^^^^^^^^^^^^^^^^^^^^^^^^^^^^^^^^^^^^^^^^^^^^^^^^^
  11 |
  12 | export function HomePage() {
  13 |   return (

Import map: aliased to relative './src/components/layout/Navbar' inside of [project]/

Import trace:
  Server Component:
    ./src/components/store/HomePage.tsx
    ./src/app/[locale]/page.tsx

https://nextjs.org/docs/messages/module-not-found @ http://localhost:3000/_next/static/chunks/node_modules_next_dist_115brz8._.js:3272
[45142015ms] [LOG] [Fast Refresh] rebuilding @ http://localhost:3000/_next/static/chunks/node_modules_next_dist_115brz8._.js:2431
[45142042ms] [ERROR] ./src/components/store/HomePage.tsx:10:1
Module not found: Can't resolve '@/components/layout/Navbar'
   8 | import { PromoBanners } from "@/components/home/PromoBanners";
   9 | import { ReviewsSection } from "@/components/home/ReviewsSection";
> 10 | import { Navbar } from "@/components/layout/Navbar";
     | ^^^^^^^^^^^^^^^^^^^^^^^^^^^^^^^^^^^^^^^^^^^^^^^^^^^^
  11 |
  12 | export function HomePage() {
  13 |   return (

Import map: aliased to relative './src/components/layout/Navbar' inside of [project]/

Import trace:
  Server Component:
    ./src/components/store/HomePage.tsx
    ./src/app/[locale]/page.tsx

https://nextjs.org/docs/messages/module-not-found @ http://localhost:3000/_next/static/chunks/node_modules_next_dist_115brz8._.js:3272
[45142063ms] [ERROR] Failed to load resource: the server responded with a status of 500 (Internal Server Error) @ http://localhost:3000/admin/verski-turizam:0
[45142475ms] [INFO] %cDownload the React DevTools for a better development experience: https://react.dev/link/react-devtools font-weight:bold @ http://localhost:3000/_next/static/chunks/node_modules_react-dom_0bruynb._.js:15305
[45142501ms] Error: ./src/components/store/HomePage.tsx:10:1
Module not found: Can't resolve '@/components/layout/Navbar'
   8 | import { PromoBanners } from "@/components/home/PromoBanners";
   9 | import { ReviewsSection } from "@/components/home/ReviewsSection";
> 10 | import { Navbar } from "@/components/layout/Navbar";
     | ^^^^^^^^^^^^^^^^^^^^^^^^^^^^^^^^^^^^^^^^^^^^^^^^^^^^
  11 |
  12 | export function HomePage() {
  13 |   return (

Import map: aliased to relative './src/components/layout/Navbar' inside of [project]/


Import trace:
  Server Component:
    ./src/components/store/HomePage.tsx
    ./src/app/[locale]/page.tsx

https://nextjs.org/docs/messages/module-not-found


    at <unknown> (Error: ./src/components/store/HomePage.tsx:10:1)
    at <unknown> (https://nextjs.org/docs/messages/module-not-found)
    at Object.getCompilationErrors (file://C:\Users\admin\Desktop\monte-z\node_modules\next\dist\server\dev\hot-reloader-turbopack.js:1186:59)
    at DevBundlerService.getCompilationError (file://C:\Users\admin\Desktop\monte-z\node_modules\next\dist\server\lib\dev-bundler-service.js:44:55)
    at DevServer.getCompilationError (file://C:\Users\admin\Desktop\monte-z\node_modules\next\dist\server\dev\next-dev-server.js:719:42)
    at DevServer.findPageComponents (file://C:\Users\admin\Desktop\monte-z\node_modules\next\dist\server\dev\next-dev-server.js:689:43)
    at async DevServer.renderErrorToResponseImpl (file://C:\Users\admin\Desktop\monte-z\node_modules\next\dist\server\base-server.js:1686:30)
[45142582ms] [LOG] [HMR] connected @ http://localhost:3000/_next/static/chunks/node_modules_next_dist_0u_w_5s._.js:1226
[45142687ms] [ERROR] ./src/components/store/HomePage.tsx:10:1
Module not found: Can't resolve '@/components/layout/Navbar'
   8 | import { PromoBanners } from "@/components/home/PromoBanners";
   9 | import { ReviewsSection } from "@/components/home/ReviewsSection";
> 10 | import { Navbar } from "@/components/layout/Navbar";
     | ^^^^^^^^^^^^^^^^^^^^^^^^^^^^^^^^^^^^^^^^^^^^^^^^^^^^
  11 |
  12 | export function HomePage() {
  13 |   return (

Import map: aliased to relative './src/components/layout/Navbar' inside of [project]/

Import trace:
  Server Component:
    ./src/components/store/HomePage.tsx
    ./src/app/[locale]/page.tsx

https://nextjs.org/docs/messages/module-not-found @ http://localhost:3000/_next/static/chunks/node_modules_next_dist_0u_w_5s._.js:1945
[45142785ms] [LOG] [Fast Refresh] rebuilding @ http://localhost:3000/_next/static/chunks/node_modules_next_dist_0u_w_5s._.js:1226
[45142860ms] [ERROR] ./src/components/store/HomePage.tsx:10:1
Module not found: Can't resolve '@/components/layout/Navbar'
   8 | import { PromoBanners } from "@/components/home/PromoBanners";
   9 | import { ReviewsSection } from "@/components/home/ReviewsSection";
> 10 | import { Navbar } from "@/components/layout/Navbar";
     | ^^^^^^^^^^^^^^^^^^^^^^^^^^^^^^^^^^^^^^^^^^^^^^^^^^^^
  11 |
  12 | export function HomePage() {
  13 |   return (

Import map: aliased to relative './src/components/layout/Navbar' inside of [project]/

Import trace:
  Server Component:
    ./src/components/store/HomePage.tsx
    ./src/app/[locale]/page.tsx

https://nextjs.org/docs/messages/module-not-found @ http://localhost:3000/_next/static/chunks/node_modules_next_dist_0u_w_5s._.js:1945
[45142909ms] [ERROR] ./src/components/store/HomePage.tsx:10:1
Module not found: Can't resolve '@/components/layout/Navbar'
   8 | import { PromoBanners } from "@/components/home/PromoBanners";
   9 | import { ReviewsSection } from "@/components/home/ReviewsSection";
> 10 | import { Navbar } from "@/components/layout/Navbar";
     | ^^^^^^^^^^^^^^^^^^^^^^^^^^^^^^^^^^^^^^^^^^^^^^^^^^^^
  11 |
  12 | export function HomePage() {
  13 |   return (

Import map: aliased to relative './src/components/layout/Navbar' inside of [project]/

Import trace:
  Server Component:
    ./src/components/store/HomePage.tsx
    ./src/app/[locale]/page.tsx

https://nextjs.org/docs/messages/module-not-found @ http://localhost:3000/_next/static/chunks/node_modules_next_dist_0u_w_5s._.js:1945
[45142933ms] [LOG] [Fast Refresh] rebuilding @ http://localhost:3000/_next/static/chunks/node_modules_next_dist_0u_w_5s._.js:1226
[45176950ms] [LOG] [Fast Refresh] rebuilding @ http://localhost:3000/_next/static/chunks/node_modules_next_dist_0u_w_5s._.js:1226
[45177260ms] [LOG] [Fast Refresh] done in 419ms @ http://localhost:3000/_next/static/chunks/node_modules_next_dist_0u_w_5s._.js:1226
[45177392ms] [LOG] [Fast Refresh] rebuilding @ http://localhost:3000/_next/static/chunks/node_modules_next_dist_0u_w_5s._.js:1226
[45177393ms] [LOG] [Fast Refresh] done in 103ms @ http://localhost:3000/_next/static/chunks/node_modules_next_dist_0u_w_5s._.js:1226
[45177511ms] [LOG] [Fast Refresh] rebuilding @ http://localhost:3000/_next/static/chunks/node_modules_next_dist_0u_w_5s._.js:1226
[45178486ms] [LOG] [Fast Refresh] done in 1079ms @ http://localhost:3000/_next/static/chunks/node_modules_next_dist_0u_w_5s._.js:1226
[45178525ms] [ERROR] Failed to load resource: the server responded with a status of 404 (Not Found) @ http://localhost:3000/admin/verski-turizam:0
[45178682ms] [INFO] %cDownload the React DevTools for a better development experience: https://react.dev/link/react-devtools font-weight:bold @ http://localhost:3000/_next/static/chunks/node_modules_next_dist_115brz8._.js:2431
[45178715ms] [LOG] [HMR] connected @ http://localhost:3000/_next/static/chunks/node_modules_next_dist_115brz8._.js:2431
[45200926ms] [LOG] [Fast Refresh] rebuilding @ http://localhost:3000/_next/static/chunks/node_modules_next_dist_115brz8._.js:2431
[45201070ms] [ERROR] ./src/components/layout/Navbar.tsx:7:1
Module not found: Can't resolve '@/components/layout/MobileNavbar'
   5 | import { Heart, Search, ShoppingBag, User } from "lucide-react";
   6 | import { motion } from "motion/react";
>  7 | import { MobileNavbar } from "@/components/layout/MobileNavbar";
     | ^^^^^^^^^^^^^^^^^^^^^^^^^^^^^^^^^^^^^^^^^^^^^^^^^^^^^^^^^^^^^^^^
   8 | import { navItems } from "@/data/navItems";
   9 |
  10 | const iconButtonClass =

Import map: aliased to relative './src/components/layout/MobileNavbar' inside of [project]/

Import trace:
  Server Component:
    ./src/components/layout/Navbar.tsx
    ./src/components/store/HomePage.tsx
    ./src/app/[locale]/page.tsx

https://nextjs.org/docs/messages/module-not-found @ http://localhost:3000/_next/static/chunks/node_modules_next_dist_115brz8._.js:3272
[45201181ms] [ERROR] Failed to load resource: the server responded with a status of 500 (Internal Server Error) @ http://localhost:3000/admin/verski-turizam?_rsc=1nkcf:0
[45201200ms] [ERROR] ./src/components/layout/Navbar.tsx:7:1
Module not found: Can't resolve '@/components/layout/MobileNavbar'
   5 | import { Heart, Search, ShoppingBag, User } from "lucide-react";
   6 | import { motion } from "motion/react";
>  7 | import { MobileNavbar } from "@/components/layout/MobileNavbar";
     | ^^^^^^^^^^^^^^^^^^^^^^^^^^^^^^^^^^^^^^^^^^^^^^^^^^^^^^^^^^^^^^^^
   8 | import { navItems } from "@/data/navItems";
   9 |
  10 | const iconButtonClass =

Import map: aliased to relative './src/components/layout/MobileNavbar' inside of [project]/

Import trace:
  Server Component:
    ./src/components/layout/Navbar.tsx
    ./src/components/store/HomePage.tsx
    ./src/app/[locale]/page.tsx

https://nextjs.org/docs/messages/module-not-found @ http://localhost:3000/_next/static/chunks/node_modules_next_dist_115brz8._.js:3272
[45201245ms] [ERROR] Failed to load resource: the server responded with a status of 500 (Internal Server Error) @ http://localhost:3000/admin/verski-turizam?_rsc=1nkcf:0
[45201278ms] [ERROR] Failed to load resource: the server responded with a status of 500 (Internal Server Error) @ http://localhost:3000/admin/verski-turizam:0
[45201324ms] [INFO] %cDownload the React DevTools for a better development experience: https://react.dev/link/react-devtools font-weight:bold @ http://localhost:3000/_next/static/chunks/node_modules_react-dom_0bruynb._.js:15305
[45201339ms] Error: ./src/components/layout/Navbar.tsx:7:1
Module not found: Can't resolve '@/components/layout/MobileNavbar'
   5 | import { Heart, Search, ShoppingBag, User } from "lucide-react";
   6 | import { motion } from "motion/react";
>  7 | import { MobileNavbar } from "@/components/layout/MobileNavbar";
     | ^^^^^^^^^^^^^^^^^^^^^^^^^^^^^^^^^^^^^^^^^^^^^^^^^^^^^^^^^^^^^^^^
   8 | import { navItems } from "@/data/navItems";
   9 |
  10 | const iconButtonClass =

Import map: aliased to relative './src/components/layout/MobileNavbar' inside of [project]/


Import trace:
  Server Component:
    ./src/components/layout/Navbar.tsx
    ./src/components/store/HomePage.tsx
    ./src/app/[locale]/page.tsx

https://nextjs.org/docs/messages/module-not-found


    at <unknown> (Error: ./src/components/layout/Navbar.tsx:7:1)
    at <unknown> (https://nextjs.org/docs/messages/module-not-found)
    at Object.getCompilationErrors (file://C:\Users\admin\Desktop\monte-z\node_modules\next\dist\server\dev\hot-reloader-turbopack.js:1186:59)
    at DevBundlerService.getCompilationError (file://C:\Users\admin\Desktop\monte-z\node_modules\next\dist\server\lib\dev-bundler-service.js:44:55)
    at DevServer.getCompilationError (file://C:\Users\admin\Desktop\monte-z\node_modules\next\dist\server\dev\next-dev-server.js:719:42)
    at DevServer.findPageComponents (file://C:\Users\admin\Desktop\monte-z\node_modules\next\dist\server\dev\next-dev-server.js:689:43)
    at async DevServer.renderErrorToResponseImpl (file://C:\Users\admin\Desktop\monte-z\node_modules\next\dist\server\base-server.js:1686:30)
[45201340ms] [LOG] [HMR] connected @ http://localhost:3000/_next/static/chunks/node_modules_next_dist_0u_w_5s._.js:1226
[45201342ms] [ERROR] ./src/components/layout/Navbar.tsx:7:1
Module not found: Can't resolve '@/components/layout/MobileNavbar'
   5 | import { Heart, Search, ShoppingBag, User } from "lucide-react";
   6 | import { motion } from "motion/react";
>  7 | import { MobileNavbar } from "@/components/layout/MobileNavbar";
     | ^^^^^^^^^^^^^^^^^^^^^^^^^^^^^^^^^^^^^^^^^^^^^^^^^^^^^^^^^^^^^^^^
   8 | import { navItems } from "@/data/navItems";
   9 |
  10 | const iconButtonClass =

Import map: aliased to relative './src/components/layout/MobileNavbar' inside of [project]/

Import trace:
  Server Component:
    ./src/components/layout/Navbar.tsx
    ./src/components/store/HomePage.tsx
    ./src/app/[locale]/page.tsx

https://nextjs.org/docs/messages/module-not-found @ http://localhost:3000/_next/static/chunks/node_modules_next_dist_0u_w_5s._.js:1945
[45201386ms] [ERROR] ./src/components/layout/Navbar.tsx:7:1
Module not found: Can't resolve '@/components/layout/MobileNavbar'
   5 | import { Heart, Search, ShoppingBag, User } from "lucide-react";
   6 | import { motion } from "motion/react";
>  7 | import { MobileNavbar } from "@/components/layout/MobileNavbar";
     | ^^^^^^^^^^^^^^^^^^^^^^^^^^^^^^^^^^^^^^^^^^^^^^^^^^^^^^^^^^^^^^^^
   8 | import { navItems } from "@/data/navItems";
   9 |
  10 | const iconButtonClass =

Import map: aliased to relative './src/components/layout/MobileNavbar' inside of [project]/

Import trace:
  Server Component:
    ./src/components/layout/Navbar.tsx
    ./src/components/store/HomePage.tsx
    ./src/app/[locale]/page.tsx

https://nextjs.org/docs/messages/module-not-found @ http://localhost:3000/_next/static/chunks/node_modules_next_dist_0u_w_5s._.js:1945
[45201450ms] [LOG] [Fast Refresh] rebuilding @ http://localhost:3000/_next/static/chunks/node_modules_next_dist_0u_w_5s._.js:1226
[45235214ms] [LOG] [Fast Refresh] rebuilding @ http://localhost:3000/_next/static/chunks/node_modules_next_dist_0u_w_5s._.js:1226
[45235409ms] [LOG] [Fast Refresh] done in 298ms @ http://localhost:3000/_next/static/chunks/node_modules_next_dist_0u_w_5s._.js:1226
[45235540ms] [LOG] [Fast Refresh] rebuilding @ http://localhost:3000/_next/static/chunks/node_modules_next_dist_0u_w_5s._.js:1226
[45236809ms] [LOG] [Fast Refresh] done in 1382ms @ http://localhost:3000/_next/static/chunks/node_modules_next_dist_0u_w_5s._.js:1226
[45237392ms] [LOG] [Fast Refresh] rebuilding @ http://localhost:3000/_next/static/chunks/node_modules_next_dist_0u_w_5s._.js:1226
[45237594ms] [LOG] [Fast Refresh] done in 302ms @ http://localhost:3000/_next/static/chunks/node_modules_next_dist_0u_w_5s._.js:1226
[45237617ms] [ERROR] Failed to load resource: the server responded with a status of 404 (Not Found) @ http://localhost:3000/admin/verski-turizam:0
[45237824ms] [INFO] %cDownload the React DevTools for a better development experience: https://react.dev/link/react-devtools font-weight:bold @ http://localhost:3000/_next/static/chunks/node_modules_next_dist_115brz8._.js:2431
[45237851ms] [LOG] [HMR] connected @ http://localhost:3000/_next/static/chunks/node_modules_next_dist_115brz8._.js:2431
[45237996ms] [LOG] [Fast Refresh] rebuilding @ http://localhost:3000/_next/static/chunks/node_modules_next_dist_115brz8._.js:2431
[45238061ms] [LOG] [Fast Refresh] done in 168ms @ http://localhost:3000/_next/static/chunks/node_modules_next_dist_115brz8._.js:2431
[45238966ms] [LOG] [Fast Refresh] rebuilding @ http://localhost:3000/_next/static/chunks/node_modules_next_dist_115brz8._.js:2431
[45240292ms] [LOG] [Fast Refresh] done in 1428ms @ http://localhost:3000/_next/static/chunks/node_modules_next_dist_115brz8._.js:2431
[45276091ms] [LOG] [Fast Refresh] rebuilding @ http://localhost:3000/_next/static/chunks/node_modules_next_dist_115brz8._.js:2431
[45276767ms] [LOG] [Fast Refresh] done in 777ms @ http://localhost:3000/_next/static/chunks/node_modules_next_dist_115brz8._.js:2431
[45276947ms] [LOG] [Fast Refresh] rebuilding @ http://localhost:3000/_next/static/chunks/node_modules_next_dist_115brz8._.js:2431
[45277593ms] [LOG] [Fast Refresh] done in 747ms @ http://localhost:3000/_next/static/chunks/node_modules_next_dist_115brz8._.js:2431
[53864586ms] [ERROR] WebSocket connection to 'ws://localhost:3000/_next/webpack-hmr?id=ZQUwvippoLmdiC9CEjUf2' failed: Error in connection establishment: net::ERR_CONNECTION_REFUSED @ http://localhost:3000/_next/static/chunks/node_modules_next_dist_client_0fhqo1d._.js:13299
[53867934ms] [ERROR] WebSocket connection to 'ws://localhost:3000/_next/webpack-hmr?id=ZQUwvippoLmdiC9CEjUf2' failed: Error in connection establishment: net::ERR_CONNECTION_REFUSED @ http://localhost:3000/_next/static/chunks/node_modules_next_dist_client_0fhqo1d._.js:13299
[53871272ms] [ERROR] WebSocket connection to 'ws://localhost:3000/_next/webpack-hmr?id=ZQUwvippoLmdiC9CEjUf2' failed: Error in connection establishment: net::ERR_CONNECTION_REFUSED @ http://localhost:3000/_next/static/chunks/node_modules_next_dist_client_0fhqo1d._.js:13299
[53874624ms] [ERROR] WebSocket connection to 'ws://localhost:3000/_next/webpack-hmr?id=ZQUwvippoLmdiC9CEjUf2' failed: Error in connection establishment: net::ERR_CONNECTION_REFUSED @ http://localhost:3000/_next/static/chunks/node_modules_next_dist_client_0fhqo1d._.js:13299
[53877963ms] [ERROR] WebSocket connection to 'ws://localhost:3000/_next/webpack-hmr?id=ZQUwvippoLmdiC9CEjUf2' failed: Error in connection establishment: net::ERR_CONNECTION_REFUSED @ http://localhost:3000/_next/static/chunks/node_modules_next_dist_client_0fhqo1d._.js:13299
[53886599ms] [LOG] [HMR] connected @ http://localhost:3000/_next/static/chunks/node_modules_next_dist_115brz8._.js:2431
[53890524ms] [ERROR] Failed to load resource: the server responded with a status of 404 (Not Found) @ http://localhost:3000/admin/verski-turizam:0
[53890910ms] [INFO] %cDownload the React DevTools for a better development experience: https://react.dev/link/react-devtools font-weight:bold @ http://localhost:3000/_next/static/chunks/node_modules_next_dist_115brz8._.js:2431
[53890973ms] [LOG] [HMR] connected @ http://localhost:3000/_next/static/chunks/node_modules_next_dist_115brz8._.js:2431
[56841968ms] [LOG] [Fast Refresh] rebuilding @ http://localhost:3000/_next/static/chunks/node_modules_next_dist_115brz8._.js:2431
[56845371ms] [LOG] [Fast Refresh] done in 3511ms @ http://localhost:3000/_next/static/chunks/node_modules_next_dist_115brz8._.js:2431
[56863846ms] [LOG] [Fast Refresh] rebuilding @ http://localhost:3000/_next/static/chunks/node_modules_next_dist_115brz8._.js:2431
[56864809ms] [LOG] [Fast Refresh] done in 1065ms @ http://localhost:3000/_next/static/chunks/node_modules_next_dist_115brz8._.js:2431
[56864942ms] [LOG] [Fast Refresh] rebuilding @ http://localhost:3000/_next/static/chunks/node_modules_next_dist_115brz8._.js:2431
[56864944ms] [LOG] [Fast Refresh] done in 103ms @ http://localhost:3000/_next/static/chunks/node_modules_next_dist_115brz8._.js:2431
[56865048ms] [LOG] [Fast Refresh] rebuilding @ http://localhost:3000/_next/static/chunks/node_modules_next_dist_115brz8._.js:2431
[56865063ms] [LOG] [Fast Refresh] done in 115ms @ http://localhost:3000/_next/static/chunks/node_modules_next_dist_115brz8._.js:2431
[56868025ms] [LOG] [Fast Refresh] rebuilding @ http://localhost:3000/_next/static/chunks/node_modules_next_dist_115brz8._.js:2431
[56868819ms] [LOG] [Fast Refresh] done in 897ms @ http://localhost:3000/_next/static/chunks/node_modules_next_dist_115brz8._.js:2431
[56868951ms] [LOG] [Fast Refresh] rebuilding @ http://localhost:3000/_next/static/chunks/node_modules_next_dist_115brz8._.js:2431
[56868969ms] [LOG] [Fast Refresh] done in 121ms @ http://localhost:3000/_next/static/chunks/node_modules_next_dist_115brz8._.js:2431
[57435058ms] [LOG] [Fast Refresh] rebuilding @ http://localhost:3000/_next/static/chunks/node_modules_next_dist_115brz8._.js:2431
[57435288ms] [WARNING] [Fast Refresh] performing full reload

Fast Refresh will perform a full reload when you edit a file that's imported by modules outside of the React rendering tree.
You might have a file which exports a React component but also exports a value that is imported by a non-React component file.
Consider migrating the non-React component export to a separate file and importing it into both files.

It is also possible the parent component of the component you edited is a class component, which disables Fast Refresh.
Fast Refresh requires at least one parent function component in your React tree. @ http://localhost:3000/_next/static/chunks/node_modules_next_dist_115brz8._.js:2431
[57435291ms] [LOG] [Fast Refresh] done in 331ms @ http://localhost:3000/_next/static/chunks/node_modules_next_dist_115brz8._.js:2431
[57435510ms] [LOG] [Fast Refresh] rebuilding @ http://localhost:3000/_next/static/chunks/node_modules_next_dist_115brz8._.js:2431
[57435993ms] [LOG] [Fast Refresh] done in 586ms @ http://localhost:3000/_next/static/chunks/node_modules_next_dist_115brz8._.js:2431
[57436099ms] [LOG] [Fast Refresh] rebuilding @ http://localhost:3000/_next/static/chunks/node_modules_next_dist_115brz8._.js:2431
[57436324ms] [ERROR] Failed to load resource: the server responded with a status of 404 (Not Found) @ http://localhost:3000/admin/verski-turizam?_rsc=1nkcf:0
[57436424ms] [LOG] [Fast Refresh] done in 426ms @ http://localhost:3000/_next/static/chunks/node_modules_next_dist_115brz8._.js:2431
[57436711ms] [LOG] [Fast Refresh] rebuilding @ http://localhost:3000/_next/static/chunks/node_modules_next_dist_115brz8._.js:2431
[57437407ms] [LOG] [Fast Refresh] done in 802ms @ http://localhost:3000/_next/static/chunks/node_modules_next_dist_115brz8._.js:2431
[57437979ms] [ERROR] Failed to load resource: the server responded with a status of 404 (Not Found) @ http://localhost:3000/admin/verski-turizam?_rsc=1nkcf:0
[57438672ms] [ERROR] Failed to load resource: the server responded with a status of 404 (Not Found) @ http://localhost:3000/admin/verski-turizam:0
[57439162ms] [INFO] %cDownload the React DevTools for a better development experience: https://react.dev/link/react-devtools font-weight:bold @ http://localhost:3000/_next/static/chunks/node_modules_next_dist_115brz8._.js:2431
[57439259ms] [LOG] [HMR] connected @ http://localhost:3000/_next/static/chunks/node_modules_next_dist_115brz8._.js:2431
[57446323ms] [LOG] [Fast Refresh] rebuilding @ http://localhost:3000/_next/static/chunks/node_modules_next_dist_115brz8._.js:2431
[57446569ms] [LOG] [Fast Refresh] done in 349ms @ http://localhost:3000/_next/static/chunks/node_modules_next_dist_115brz8._.js:2431
[57446828ms] [LOG] [Fast Refresh] rebuilding @ http://localhost:3000/_next/static/chunks/node_modules_next_dist_115brz8._.js:2431
[57447951ms] [LOG] [Fast Refresh] done in 1227ms @ http://localhost:3000/_next/static/chunks/node_modules_next_dist_115brz8._.js:2431
[57448055ms] [LOG] [Fast Refresh] rebuilding @ http://localhost:3000/_next/static/chunks/node_modules_next_dist_115brz8._.js:2431
[57448395ms] [ERROR] Failed to load resource: the server responded with a status of 404 (Not Found) @ http://localhost:3000/admin/verski-turizam?_rsc=1nkcf:0
[57448677ms] [LOG] [Fast Refresh] done in 723ms @ http://localhost:3000/_next/static/chunks/node_modules_next_dist_115brz8._.js:2431
[57449843ms] [LOG] [Fast Refresh] rebuilding @ http://localhost:3000/_next/static/chunks/node_modules_next_dist_115brz8._.js:2431
[57450180ms] [ERROR] Failed to load resource: the server responded with a status of 404 (Not Found) @ http://localhost:3000/admin/verski-turizam?_rsc=1nkcf:0
[57451066ms] [LOG] [Fast Refresh] done in 1325ms @ http://localhost:3000/_next/static/chunks/node_modules_next_dist_115brz8._.js:2431
[57452649ms] [ERROR] Failed to load resource: the server responded with a status of 404 (Not Found) @ http://localhost:3000/admin/verski-turizam:0
[57453508ms] [INFO] %cDownload the React DevTools for a better development experience: https://react.dev/link/react-devtools font-weight:bold @ http://localhost:3000/_next/static/chunks/node_modules_next_dist_115brz8._.js:2431
[57453584ms] [LOG] [HMR] connected @ http://localhost:3000/_next/static/chunks/node_modules_next_dist_115brz8._.js:2431
[57484399ms] [LOG] [Fast Refresh] rebuilding @ http://localhost:3000/_next/static/chunks/node_modules_next_dist_115brz8._.js:2431
[57484462ms] [LOG] [Fast Refresh] done in 165ms @ http://localhost:3000/_next/static/chunks/node_modules_next_dist_115brz8._.js:2431
[57491553ms] [LOG] [Fast Refresh] rebuilding @ http://localhost:3000/_next/static/chunks/node_modules_next_dist_115brz8._.js:2431
[57491602ms] [LOG] [Fast Refresh] done in 161ms @ http://localhost:3000/_next/static/chunks/node_modules_next_dist_115brz8._.js:2431
[57502903ms] [LOG] [Fast Refresh] rebuilding @ http://localhost:3000/_next/static/chunks/node_modules_next_dist_115brz8._.js:2431
[57502976ms] [LOG] [Fast Refresh] done in 180ms @ http://localhost:3000/_next/static/chunks/node_modules_next_dist_115brz8._.js:2431
[57594103ms] [LOG] [Fast Refresh] rebuilding @ http://localhost:3000/_next/static/chunks/node_modules_next_dist_115brz8._.js:2431
[57594143ms] [LOG] [Fast Refresh] done in 148ms @ http://localhost:3000/_next/static/chunks/node_modules_next_dist_115brz8._.js:2431
[57605643ms] [LOG] [Fast Refresh] rebuilding @ http://localhost:3000/_next/static/chunks/node_modules_next_dist_115brz8._.js:2431
[57605683ms] [LOG] [Fast Refresh] done in 154ms @ http://localhost:3000/_next/static/chunks/node_modules_next_dist_115brz8._.js:2431
[57808562ms] [LOG] [Fast Refresh] rebuilding @ http://localhost:3000/_next/static/chunks/node_modules_next_dist_115brz8._.js:2431
[57808701ms] [LOG] [Fast Refresh] done in 255ms @ http://localhost:3000/_next/static/chunks/node_modules_next_dist_115brz8._.js:2431
[57808892ms] [LOG] [Fast Refresh] rebuilding @ http://localhost:3000/_next/static/chunks/node_modules_next_dist_115brz8._.js:2431
[57809017ms] [LOG] [Fast Refresh] done in 239ms @ http://localhost:3000/_next/static/chunks/node_modules_next_dist_115brz8._.js:2431
[58158189ms] [LOG] [Fast Refresh] rebuilding @ http://localhost:3000/_next/static/chunks/node_modules_next_dist_115brz8._.js:2431
[58159992ms] [ERROR] Failed to load resource: the server responded with a status of 404 (Not Found) @ http://localhost:3000/admin/verski-turizam?_rsc=1nkcf:0
[58160281ms] [LOG] [Fast Refresh] done in 2189ms @ http://localhost:3000/_next/static/chunks/node_modules_next_dist_115brz8._.js:2431
[58160392ms] [LOG] [Fast Refresh] rebuilding @ http://localhost:3000/_next/static/chunks/node_modules_next_dist_115brz8._.js:2431
[58160503ms] [LOG] [Fast Refresh] done in 214ms @ http://localhost:3000/_next/static/chunks/node_modules_next_dist_115brz8._.js:2431
[58160724ms] [LOG] [Fast Refresh] rebuilding @ http://localhost:3000/_next/static/chunks/node_modules_next_dist_115brz8._.js:2431
[58161081ms] [LOG] [Fast Refresh] done in 459ms @ http://localhost:3000/_next/static/chunks/node_modules_next_dist_115brz8._.js:2431
[58161249ms] [ERROR] Failed to load resource: the server responded with a status of 404 (Not Found) @ http://localhost:3000/admin/verski-turizam?_rsc=1nkcf:0
[58161888ms] [ERROR] Failed to load resource: the server responded with a status of 404 (Not Found) @ http://localhost:3000/admin/verski-turizam:0
[58162155ms] [INFO] %cDownload the React DevTools for a better development experience: https://react.dev/link/react-devtools font-weight:bold @ http://localhost:3000/_next/static/chunks/node_modules_next_dist_115brz8._.js:2431
[58162225ms] [LOG] [HMR] connected @ http://localhost:3000/_next/static/chunks/node_modules_next_dist_115brz8._.js:2431
[58181921ms] [LOG] [Fast Refresh] rebuilding @ http://localhost:3000/_next/static/chunks/node_modules_next_dist_115brz8._.js:2431
[58182301ms] [LOG] [Fast Refresh] done in 482ms @ http://localhost:3000/_next/static/chunks/node_modules_next_dist_115brz8._.js:2431
[58182532ms] [LOG] [Fast Refresh] rebuilding @ http://localhost:3000/_next/static/chunks/node_modules_next_dist_115brz8._.js:2431
[58182747ms] [ERROR] Failed to load resource: the server responded with a status of 404 (Not Found) @ http://localhost:3000/admin/verski-turizam?_rsc=1nkcf:0
[58182772ms] [LOG] [Fast Refresh] done in 343ms @ http://localhost:3000/_next/static/chunks/node_modules_next_dist_115brz8._.js:2431
[58183108ms] [LOG] [Fast Refresh] rebuilding @ http://localhost:3000/_next/static/chunks/node_modules_next_dist_115brz8._.js:2431
[58183139ms] [LOG] [Fast Refresh] done in 131ms @ http://localhost:3000/_next/static/chunks/node_modules_next_dist_115brz8._.js:2431
[58183304ms] [LOG] [Fast Refresh] rebuilding @ http://localhost:3000/_next/static/chunks/node_modules_next_dist_115brz8._.js:2431
[58183341ms] [ERROR] Failed to load resource: the server responded with a status of 404 (Not Found) @ http://localhost:3000/admin/verski-turizam?_rsc=1nkcf:0
[58183551ms] [LOG] [Fast Refresh] done in 352ms @ http://localhost:3000/_next/static/chunks/node_modules_next_dist_115brz8._.js:2431
[58183919ms] [ERROR] Failed to load resource: the server responded with a status of 404 (Not Found) @ http://localhost:3000/admin/verski-turizam:0
[58184122ms] [INFO] %cDownload the React DevTools for a better development experience: https://react.dev/link/react-devtools font-weight:bold @ http://localhost:3000/_next/static/chunks/node_modules_next_dist_115brz8._.js:2431
[58184167ms] [LOG] [HMR] connected @ http://localhost:3000/_next/static/chunks/node_modules_next_dist_115brz8._.js:2431
[58205490ms] [LOG] [Fast Refresh] rebuilding @ http://localhost:3000/_next/static/chunks/node_modules_next_dist_115brz8._.js:2431
[58205652ms] [LOG] [Fast Refresh] done in 267ms @ http://localhost:3000/_next/static/chunks/node_modules_next_dist_115brz8._.js:2431
[58205867ms] [LOG] [Fast Refresh] rebuilding @ http://localhost:3000/_next/static/chunks/node_modules_next_dist_115brz8._.js:2431
[58206055ms] [LOG] [Fast Refresh] done in 296ms @ http://localhost:3000/_next/static/chunks/node_modules_next_dist_115brz8._.js:2431
[58232100ms] [LOG] [Fast Refresh] rebuilding @ http://localhost:3000/_next/static/chunks/node_modules_next_dist_115brz8._.js:2431
[58232301ms] [LOG] [Fast Refresh] done in 301ms @ http://localhost:3000/_next/static/chunks/node_modules_next_dist_115brz8._.js:2431
[58374925ms] [LOG] [Fast Refresh] rebuilding @ http://localhost:3000/_next/static/chunks/node_modules_next_dist_115brz8._.js:2431
[58375033ms] [LOG] [Fast Refresh] done in 211ms @ http://localhost:3000/_next/static/chunks/node_modules_next_dist_115brz8._.js:2431
[58375315ms] [LOG] [Fast Refresh] rebuilding @ http://localhost:3000/_next/static/chunks/node_modules_next_dist_115brz8._.js:2431
[58375627ms] [LOG] [Fast Refresh] done in 414ms @ http://localhost:3000/_next/static/chunks/node_modules_next_dist_115brz8._.js:2431
[58375716ms] [ERROR] Failed to load resource: the server responded with a status of 404 (Not Found) @ http://localhost:3000/admin/verski-turizam?_rsc=1nkcf:0
[58376037ms] [LOG] [Fast Refresh] rebuilding @ http://localhost:3000/_next/static/chunks/node_modules_next_dist_115brz8._.js:2431
[58376228ms] [LOG] [Fast Refresh] done in 295ms @ http://localhost:3000/_next/static/chunks/node_modules_next_dist_115brz8._.js:2431
[58376326ms] [ERROR] Failed to load resource: the server responded with a status of 404 (Not Found) @ http://localhost:3000/admin/verski-turizam:0
[58376527ms] [INFO] %cDownload the React DevTools for a better development experience: https://react.dev/link/react-devtools font-weight:bold @ http://localhost:3000/_next/static/chunks/node_modules_next_dist_115brz8._.js:2431
[58376573ms] [LOG] [HMR] connected @ http://localhost:3000/_next/static/chunks/node_modules_next_dist_115brz8._.js:2431
[58403314ms] [LOG] [Fast Refresh] rebuilding @ http://localhost:3000/_next/static/chunks/node_modules_next_dist_115brz8._.js:2431
[58403636ms] [LOG] [Fast Refresh] done in 420ms @ http://localhost:3000/_next/static/chunks/node_modules_next_dist_115brz8._.js:2431
[58403887ms] [LOG] [Fast Refresh] rebuilding @ http://localhost:3000/_next/static/chunks/node_modules_next_dist_115brz8._.js:2431
[58404051ms] [ERROR] Failed to load resource: the server responded with a status of 404 (Not Found) @ http://localhost:3000/admin/verski-turizam?_rsc=1nkcf:0
[58404071ms] [LOG] [Fast Refresh] done in 284ms @ http://localhost:3000/_next/static/chunks/node_modules_next_dist_115brz8._.js:2431
[58404346ms] [LOG] [Fast Refresh] rebuilding @ http://localhost:3000/_next/static/chunks/node_modules_next_dist_115brz8._.js:2431
[58404853ms] [LOG] [Fast Refresh] done in 613ms @ http://localhost:3000/_next/static/chunks/node_modules_next_dist_115brz8._.js:2431
[58405068ms] [LOG] [Fast Refresh] rebuilding @ http://localhost:3000/_next/static/chunks/node_modules_next_dist_115brz8._.js:2431
[58405452ms] [LOG] [Fast Refresh] done in 487ms @ http://localhost:3000/_next/static/chunks/node_modules_next_dist_115brz8._.js:2431
[58405635ms] [ERROR] Failed to load resource: the server responded with a status of 404 (Not Found) @ http://localhost:3000/admin/verski-turizam:0
[58405763ms] [INFO] %cDownload the React DevTools for a better development experience: https://react.dev/link/react-devtools font-weight:bold @ http://localhost:3000/_next/static/chunks/node_modules_next_dist_115brz8._.js:2431
[58405814ms] [LOG] [HMR] connected @ http://localhost:3000/_next/static/chunks/node_modules_next_dist_115brz8._.js:2431
[58414402ms] [LOG] [Fast Refresh] rebuilding @ http://localhost:3000/_next/static/chunks/node_modules_next_dist_115brz8._.js:2431
[58414512ms] [LOG] [Fast Refresh] done in 209ms @ http://localhost:3000/_next/static/chunks/node_modules_next_dist_115brz8._.js:2431
[58414715ms] [LOG] [Fast Refresh] rebuilding @ http://localhost:3000/_next/static/chunks/node_modules_next_dist_115brz8._.js:2431
[58414821ms] [LOG] [Fast Refresh] done in 207ms @ http://localhost:3000/_next/static/chunks/node_modules_next_dist_115brz8._.js:2431
[58414911ms] [ERROR] Failed to load resource: the server responded with a status of 404 (Not Found) @ http://localhost:3000/admin/verski-turizam?_rsc=1nkcf:0
[58414932ms] [LOG] [Fast Refresh] rebuilding @ http://localhost:3000/_next/static/chunks/node_modules_next_dist_115brz8._.js:2431
[58414945ms] [LOG] [Fast Refresh] done in 122ms @ http://localhost:3000/_next/static/chunks/node_modules_next_dist_115brz8._.js:2431
[58415117ms] [LOG] [Fast Refresh] rebuilding @ http://localhost:3000/_next/static/chunks/node_modules_next_dist_115brz8._.js:2431
[58415371ms] [LOG] [Fast Refresh] done in 356ms @ http://localhost:3000/_next/static/chunks/node_modules_next_dist_115brz8._.js:2431
[58415446ms] [ERROR] Failed to load resource: the server responded with a status of 404 (Not Found) @ http://localhost:3000/admin/verski-turizam:0
[58415615ms] [INFO] %cDownload the React DevTools for a better development experience: https://react.dev/link/react-devtools font-weight:bold @ http://localhost:3000/_next/static/chunks/node_modules_next_dist_115brz8._.js:2431
[58415677ms] [LOG] [HMR] connected @ http://localhost:3000/_next/static/chunks/node_modules_next_dist_115brz8._.js:2431
[58423488ms] [LOG] [Fast Refresh] rebuilding @ http://localhost:3000/_next/static/chunks/node_modules_next_dist_115brz8._.js:2431
[58423912ms] [LOG] [Fast Refresh] done in 524ms @ http://localhost:3000/_next/static/chunks/node_modules_next_dist_115brz8._.js:2431
[58424162ms] [LOG] [Fast Refresh] rebuilding @ http://localhost:3000/_next/static/chunks/node_modules_next_dist_115brz8._.js:2431
[58424325ms] [ERROR] Failed to load resource: the server responded with a status of 404 (Not Found) @ http://localhost:3000/admin/verski-turizam?_rsc=1nkcf:0
[58424363ms] [LOG] [Fast Refresh] done in 301ms @ http://localhost:3000/_next/static/chunks/node_modules_next_dist_115brz8._.js:2431
[58424481ms] [LOG] [Fast Refresh] rebuilding @ http://localhost:3000/_next/static/chunks/node_modules_next_dist_115brz8._.js:2431
[58424761ms] [LOG] [Fast Refresh] done in 382ms @ http://localhost:3000/_next/static/chunks/node_modules_next_dist_115brz8._.js:2431
[58424932ms] [LOG] [Fast Refresh] rebuilding @ http://localhost:3000/_next/static/chunks/node_modules_next_dist_115brz8._.js:2431
[58425142ms] [LOG] [Fast Refresh] done in 312ms @ http://localhost:3000/_next/static/chunks/node_modules_next_dist_115brz8._.js:2431
[58425292ms] [ERROR] Failed to load resource: the server responded with a status of 404 (Not Found) @ http://localhost:3000/admin/verski-turizam:0
[58425406ms] [INFO] %cDownload the React DevTools for a better development experience: https://react.dev/link/react-devtools font-weight:bold @ http://localhost:3000/_next/static/chunks/node_modules_next_dist_115brz8._.js:2431
[58425441ms] [LOG] [HMR] connected @ http://localhost:3000/_next/static/chunks/node_modules_next_dist_115brz8._.js:2431
[58471062ms] [LOG] [Fast Refresh] rebuilding @ http://localhost:3000/_next/static/chunks/node_modules_next_dist_115brz8._.js:2431
[58471137ms] [LOG] [Fast Refresh] done in 177ms @ http://localhost:3000/_next/static/chunks/node_modules_next_dist_115brz8._.js:2431
[58471331ms] [LOG] [Fast Refresh] rebuilding @ http://localhost:3000/_next/static/chunks/node_modules_next_dist_115brz8._.js:2431
[58471394ms] [LOG] [Fast Refresh] done in 177ms @ http://localhost:3000/_next/static/chunks/node_modules_next_dist_115brz8._.js:2431
[58471468ms] [ERROR] Failed to load resource: the server responded with a status of 404 (Not Found) @ http://localhost:3000/admin/verski-turizam?_rsc=1nkcf:0
[58471644ms] [LOG] [Fast Refresh] rebuilding @ http://localhost:3000/_next/static/chunks/node_modules_next_dist_115brz8._.js:2431
[58471732ms] [LOG] [Fast Refresh] done in 188ms @ http://localhost:3000/_next/static/chunks/node_modules_next_dist_115brz8._.js:2431
[58471774ms] [ERROR] Failed to load resource: the server responded with a status of 404 (Not Found) @ http://localhost:3000/admin/verski-turizam:0
[58471863ms] [INFO] %cDownload the React DevTools for a better development experience: https://react.dev/link/react-devtools font-weight:bold @ http://localhost:3000/_next/static/chunks/node_modules_next_dist_115brz8._.js:2431
[58471901ms] [LOG] [HMR] connected @ http://localhost:3000/_next/static/chunks/node_modules_next_dist_115brz8._.js:2431
[58561353ms] [LOG] [Fast Refresh] rebuilding @ http://localhost:3000/_next/static/chunks/node_modules_next_dist_115brz8._.js:2431
[58562007ms] [LOG] [Fast Refresh] done in 759ms @ http://localhost:3000/_next/static/chunks/node_modules_next_dist_115brz8._.js:2431
[58563235ms] [LOG] [Fast Refresh] rebuilding @ http://localhost:3000/_next/static/chunks/node_modules_next_dist_115brz8._.js:2431
[58563298ms] [LOG] [Fast Refresh] done in 168ms @ http://localhost:3000/_next/static/chunks/node_modules_next_dist_115brz8._.js:2431
[58563601ms] [LOG] [Fast Refresh] rebuilding @ http://localhost:3000/_next/static/chunks/node_modules_next_dist_115brz8._.js:2431
[58563603ms] [LOG] [Fast Refresh] done in 111ms @ http://localhost:3000/_next/static/chunks/node_modules_next_dist_115brz8._.js:2431
[58563869ms] [LOG] [Fast Refresh] rebuilding @ http://localhost:3000/_next/static/chunks/node_modules_next_dist_115brz8._.js:2431
[58564020ms] [LOG] [Fast Refresh] done in 257ms @ http://localhost:3000/_next/static/chunks/node_modules_next_dist_115brz8._.js:2431
[58588650ms] [LOG] [Fast Refresh] rebuilding @ http://localhost:3000/_next/static/chunks/node_modules_next_dist_115brz8._.js:2431
[58589661ms] [LOG] [Fast Refresh] done in 1119ms @ http://localhost:3000/_next/static/chunks/node_modules_next_dist_115brz8._.js:2431
[58591786ms] [LOG] [Fast Refresh] rebuilding @ http://localhost:3000/_next/static/chunks/node_modules_next_dist_115brz8._.js:2431
[58591928ms] [LOG] [Fast Refresh] done in 253ms @ http://localhost:3000/_next/static/chunks/node_modules_next_dist_115brz8._.js:2431
[63356951ms] [LOG] [Fast Refresh] rebuilding @ http://localhost:3000/_next/static/chunks/node_modules_next_dist_115brz8._.js:2431
[63357045ms] [LOG] [Fast Refresh] done in 197ms @ http://localhost:3000/_next/static/chunks/node_modules_next_dist_115brz8._.js:2431
[63361781ms] [LOG] [Fast Refresh] rebuilding @ http://localhost:3000/_next/static/chunks/node_modules_next_dist_115brz8._.js:2431
[63361896ms] [LOG] [Fast Refresh] done in 219ms @ http://localhost:3000/_next/static/chunks/node_modules_next_dist_115brz8._.js:2431
[63366451ms] [LOG] [Fast Refresh] rebuilding @ http://localhost:3000/_next/static/chunks/node_modules_next_dist_115brz8._.js:2431
[63366562ms] [LOG] [Fast Refresh] done in 214ms @ http://localhost:3000/_next/static/chunks/node_modules_next_dist_115brz8._.js:2431
[63374537ms] [LOG] [Fast Refresh] rebuilding @ http://localhost:3000/_next/static/chunks/node_modules_next_dist_115brz8._.js:2431
[63374699ms] [LOG] [Fast Refresh] done in 265ms @ http://localhost:3000/_next/static/chunks/node_modules_next_dist_115brz8._.js:2431
[130243614ms] [LOG] [HMR] connected @ http://localhost:3000/_next/static/chunks/node_modules_next_dist_115brz8._.js:2431
[130243787ms] [LOG] [Fast Refresh] rebuilding @ http://localhost:3000/_next/static/chunks/node_modules_next_dist_115brz8._.js:2431
[130243870ms] [LOG] [Fast Refresh] done in 196ms @ http://localhost:3000/_next/static/chunks/node_modules_next_dist_115brz8._.js:2431
[166848553ms] [LOG] [HMR] connected @ http://localhost:3000/_next/static/chunks/node_modules_next_dist_115brz8._.js:2431
[166848681ms] [LOG] [Fast Refresh] rebuilding @ http://localhost:3000/_next/static/chunks/node_modules_next_dist_115brz8._.js:2431
